"audit_row","bottle","status","peated_id","skipped_fields","reason","source_urls"
"1","The Macallan Sherry Oak - 2022 Release","ADDED — optional facts left blank","B52427","singleCask | caskStrength | nonChillFiltered | maltPhenolPpm | vintageYear | bottlingYear | releaseMonth | releaseDay | caskNumber | outturn","Other null fields lack release-specific evidence. No aliases, references, merges, or regrouping are proposed.","https://www.themacallan.com/en/single-malt-scotch-whisky/sherry-oak-25-years-old-2022-release | https://assets.whiskyauctioneer.com/2026-08/5281357-001.jpg"
"2","Original source missing — old Glenmorangie candidate only","SKIPPED — unresolved identity","B5371 (possible match only)","entire release","The only recovered observation for original audit 2 is a rejected candidate B5371, Glenmorangie ten-year-old fourth generation, with the note that no candidate was specific enough. The original auction title, lot URL, ABV, date and edition are absent. A candidate's identity is not the source bottle's identity. No exact-title or exact-lot join exists in the raw snapshot. Skip this row; do not add a guessed Glenmorangie or declare B5371 a verified match. Local evidence: recovered-tsv-observations.json, ordinal 2330. No production write.",""
"3","Benrinnes Single Malt Scotch Whisky","ADDED — optional facts left blank","B52458","naturalColor | nonChillFiltered | maltPhenolPpm | releaseYear | releaseMonth | releaseDay","Release date, natural colour, chill filtration, malt PPM and flavor classification are not established. Natural cask strength does not prove natural colour. The bottling date is not treated as a release date. The Casks of Distinction cross-brand program stays in the description, not a new BottleSeries.","https://whiskyauctioneer.com/whisky-lot/5283666/benrinnes-1992-casks-distinction-30-year-old | https://www.diageorareandexceptional.com/us/casks-of-distinction"
"4","Four Roses Mizunara Cask Finish - Experiment No. 001","ADDED — optional facts left blank","B52456","caskStrength | naturalColor | nonChillFiltered | maltPhenolPpm | vintageYear | bottlingYear | caskNumber | outturn","No vintage, bottling year, outturn, cask number, cask-strength claim, colour/filtration declaration, PPM or flavor classification established. The auction's 2026 year is not accepted as a bottling date. The recipe code OBSK is production context, not a cask number or edition.","https://whiskyauctioneer.com/whisky-lot/5283744/four-roses-mizunara-finish-straight-bourbon-experiment-no001 | https://www.fourrosesbourbon.com/bourbon/mizunara-cask-finish | https://www.prnewswire.com/news-releases/four-roses-distillery-enters-a-new-era-of-bourbon-innovation-with-launch-of-experimental-series-302807822.html"
"5","The Macallan An Estate, A Community and A Distillery","ADDED — optional facts left blank","B52476","statedAge | singleCask | caskStrength | nonChillFiltered | maltPhenolPpm | vintageYear | bottlingYear | releaseDay | maturation | caskNumber | outturn","No exact vintage, bottling year, maturation statement, cask number, outturn, cask-strength status, single-cask status, filtration, malt PPM or flavor profile established. Do not copy 1967 vintage or collection-level 13-bottle counts from other Anecdotes works. Month of release is corroborated; day remains null. Natural colour is printed on the selected exact producer image.","https://www.themacallan.com/en-hk/single-malt-scotch-whisky/an-estate-a-community-and-a-distillery | https://whiskyauctioneer.com/whisky-lot/5279366/macallan-x-sir-peter-blake-estate-community-and-distillery | https://www.masterofmalt.com/blog/post/an-exciting-new-macallan-whisky-bottle-lottery-is-here/ | https://www.whiskyshop.com/the-macallan-an-estate-a-community-and-a-distillery"
"6","Ardnamurchan AD/","ADDED — optional facts left blank","B52473","statedAge | noAgeStatement | caskStrength | naturalColor | nonChillFiltered | maltPhenolPpm | releaseYear | releaseMonth | releaseDay","Stated age and confirmed NAS status are not established by the small label text; no age inferred from years. Cask strength has only one exact secondary claim; producer says typically rather than always. Colour, filtration, malt PPM, release date and flavor profile remain null. Unpeated is not converted to numerical zero PPM. No exact release date inferred from the bottling year.","https://whiskyauctioneer.com/whisky-lot/5278512/ardnamurchan-ad1014-ck293 | https://www.thegrandwhiskyauction.com/lot-871857/ardnamurchan-ad1014-ck293-exclusivly-for-cruachan-mmxiv/ | https://www.whiskybase.com/whiskies/whisky/281169/ardnamurchan-2014-ad1014-ck293 | https://ardnamurchandistillery.com/our-whiskies/ad-single-cask"
"7","The Balvenie Pedro Ximénez Cask","ADDED — optional facts left blank","B52457","singleCask | caskStrength | naturalColor | nonChillFiltered | maltPhenolPpm | vintageYear | bottlingYear | caskNumber | outturn","No vintage or bottling year established. Release in 2022 does not establish a bottling date or dated edition. No single-cask/cask-strength claim, colour/filtration facts, cask number, outturn, PPM or flavor classification established. Travel-retail market alone is not an edition.","https://whiskyauctioneer.com/whisky-lot/5281252/balvenie-pedro-ximenez-cask-18-year-old | https://www.thewhiskyexchange.com/p/81347/balvenie-18-year-old-pedro-ximenez-sherry-cask | https://moodiedavittreport.com/the-balvenie-releases-latest-expressions-in-cask-finishes-range/ | https://www.trbusiness.com/regional-news/international/balvenie-launches-three-new-cask-expressions-two-exclusive-to-dftr/217417"
"8","The Macallan Sherry Oak - 2023 Release","ADDED — optional facts left blank","B52472","singleCask | caskStrength | nonChillFiltered | maltPhenolPpm | vintageYear | bottlingYear | releaseMonth | releaseDay | caskNumber | outturn","Exact release month/day, bottling year, vintage, outturn, cask number, cask strength, single-cask status, filtration, malt PPM and flavor profile are not established. The annual release year is not copied into bottling year. No aliases or input references are added. Tasting notes are read-only.","https://www.themacallan.com/en-us/single-malt-scotch-whisky/sherry-oak-25-years-old-2023-release | https://whiskyauctioneer.com/whisky-lot/8213466/macallan-25-year-old-annual-2023-release"
"9","Original source missing — old North of Scotland candidate only","SKIPPED — unresolved identity","B3598 (possible match only)","entire release","Only historical TSV ordinal 2330 survives: candidate B3598, North of Scotland 1971 G&C The Pearls of Scotland, rejected for age 52 versus 40. The source title, lot URL, ABV, bottler and exact release facts are missing. Current North of Scotland 1971 age-52 lots are plausible leads but cannot be assigned to original audit 9 without a source join. No guessed Bottle, matched ID, date or cask facts added.",""
"10","Yamazaki 12 Year Old Suntory Pure Malt","EXISTING — identity matched; no changes","B2276","bottlingYear | flavorProfile | description","Match the core Yamazaki 12-year-old, 43% single malt to B2276 after all 162 entity records were reviewed. Exact source and front label identify the older Suntory Pure Malt wording. Producer history confirms the core 12-year expression began in 1984. Packaging wording and 75cl volume alone do not create a separate release under the catalog guide. No dated edition is printed or established. No Bottle, group, alias, reference, series or image changes. Auction's approximate 1989-1990 dating is not an exact bottling year or marketed edition. Existing optional flavour and descriptive claims were not independently reverified. This records identity coverage, not a complete enrichment of the existing record. Keep the current image; do not replace it with historical packaging.","https://whiskyauctioneer.com/whisky-lot/5280996/yamazaki-12-year-old-suntory-pure-malt | https://www.suntory.com.tw/alcohol/SPW/yam_fac2.asp | https://house.suntory.com/yamazaki-whisky/yamazaki-12-years-old"
"11","The Balvenie Moscatel Cask - Taiwan Exclusive","ADDED — optional facts left blank","B52477","singleCask | caskStrength | naturalColor | nonChillFiltered | maltPhenolPpm | vintageYear | bottlingYear | releaseYear | releaseMonth | releaseDay | caskNumber | outturn","All dates remain null. Auction 2024 metadata and a production bottle code do not prove a marketed 2024 edition, bottling year or release date. Natural colour, filtration, cask strength, single-cask status, PPM, cask number, outturn and flavor profile are unconfirmed. No age-to-vintage calculation. Cask Finishes membership is not inferred merely from finishing. Taiwan Exclusive is explicitly marketed and printed.","https://whiskyauctioneer.com/whisky-lot/5279579/balvenie-moscatel-cask-13-year-old | https://www.masterofmalt.com/whiskies/balvenie/balvenie-13-year-old-moscatel-cask-whisky/ | https://owengildersleeve.com/portfolio/thebalvenie-moscatelcask | https://www.whiskyhammer.com/item/25838/Balvenie/Balvenie-DCS-Compendium---Chapter-3-2004-13-Year-Old.html"
"13","Jack Daniel's Master Distiller - Limited No. 2 Edition","ADDED — optional facts left blank","B52428","statedAge | singleCask | caskStrength | nonChillFiltered | maltPhenolPpm | vintageYear | bottlingYear | releaseMonth | releaseDay | caskNumber | outturn","Other null fields lack release-specific evidence. No aliases, references, merges, or regrouping are proposed.","https://www.worldwidespirits.de/whisk-e-y/whisky-nach-laendern/amerikanischer-whiskey/913/jack-daniel-s-master-distiller-no.-2-0-7l | https://whiskyauctioneer.com/whisky-lot/8213716/jack-daniels-master-distiller-series-no2-jess-motlow-litre | https://assets.whiskyauctioneer.com/2026-08/8213716-001.jpg | https://jackdanielsbottles.com/bottle/master-distiller-2/ | https://www.masterofmalt.com/whiskies/jack-daniels/jack-daniels-master-distiller-series-no-2-whiskey/"
"14","Jack Daniel's Master Distiller Series No.3 - Lemuel 'Lem' Tolley Litre","EXISTING — identity matched; no changes","B45507","","Jack Daniel's Master Distiller No. 3, 43% ABV, existing E1079/S121 member. Fresh complete 45-row brand inventory checked. No write made.","https://whiskyauctioneer.com/whisky-lot/8213706/jack-daniels-master-distiller-series-no3-lemuel-lem-tolley-litre | https://whiskyauctioneer.com/whisky-lot/8213704/jack-daniels-master-distiller-series-no3-lemuel-lem-tolley-litre | https://whiskyauctioneer.com/whisky-lot/8213725/jack-daniels-master-distiller-series-no3-lemuel-lem-tolley-litre | https://whiskyauctioneer.com/whisky-lot/8213722/jack-daniels-master-distiller-series-no3-lemuel-lem-tolley-litre | https://whiskyauctioneer.com/whisky-lot/8213721/jack-daniels-master-distiller-series-no3-lemuel-lem-tolley-litre"
"15","Kingsbury Macallan","ADDED — optional facts left blank","B52460","caskStrength | naturalColor | nonChillFiltered | maltPhenolPpm | releaseYear | releaseMonth | releaseDay","Cask strength, natural colour, chill filtration, PPM and release date are not established. Bottling year is not release year. Whiskybase's Celtic Series and technical icons are not confirmed by producer material and stay unassigned. Flavor classification stays null.","https://assets.whiskyauctioneer.com/2026-04/5264049-001.JPG | https://assets.whiskyauctioneer.com/2026-04/5264049-002.JPG | https://www.whiskyhammer.com/item/242944/Macallan/Macallan---32-Year-Old-1993-Single-Cask-5122-Kingsbury.html"
"16","The Macallan Art is the Flower","ADDED — optional facts left blank","B52459","statedAge | caskStrength | nonChillFiltered | maltPhenolPpm | vintageYear | bottlingYear | caskNumber | outturn","No vintage, bottling year, cask-strength or filtration statement, PPM, cask number, exact outturn or flavor classification established. Conflicting secondary 2024/2025 bottling years stay null. The verified May 2025 launch is not a bottling date; the companion 46-year-old whisky's age and 112 decanters are not copied.","https://www.themacallan.com/en-us/single-malt-scotch-whisky/the-macallan-x-charles-rennie-mackintosh/art-is-the-flower | https://assets.whiskyauctioneer.com/2026-08/8213432-001.jpg | https://whiskymag.com/articles/macallans-tree-of-life-collection-pays-tribute-to-iconic-artist/ | https://www.thespiritsbusiness.com/2025/04/the-macallan-unveils-46yo-tree-of-life-whisky/ | https://www.themacallan.com/en-us/single-malt-scotch-whisky/the-macallan-x-charles-rennie-mackintosh | https://www.bbr.com/products-10008256085-the-macallan-art-is-the-flower-speyside-single-malt-scotch-whisky-50-4%25"
"17","Original source missing — old Macallan Lumina candidate only","SKIPPED — unresolved identity","B3280 (possible match only)","entire release","Only historical TSV ordinal 2330 survives: rejected candidate B3280, The Macallan Lumina Quest Collection, with no sufficiently specific match. The original auction title, URL, ABV and release details are missing from all recovered observation sets. Do not treat the candidate as the source identity or create a guessed Macallan. No production write.",""
"18","Kingsbury Royal Brackla","ADDED — optional facts left blank","B52461","caskStrength | naturalColor | nonChillFiltered | maltPhenolPpm | releaseYear | releaseMonth | releaseDay","Cask strength, colour, chill filtration, PPM, release date and named series not established. A secondary refill claim is not printed on the label and is not added. Bottling year is not release year. No flavor classification inferred.","https://assets.whiskyauctioneer.com/2026-04/5264114-001.JPG | https://assets.whiskyauctioneer.com/2026-04/5264114-002.JPG | https://www.just-whisky.co.uk/product/royal-brackla-32-years-old-1993-2025-kingsbury-single-cask-no6805-1505251"
"19","Royal Salute 21 Year Old Scotch Whisky - Sapphire Flagon","EXISTING — identity matched; no changes","B13570","abv | bottlingYear | releaseYear | flavorProfile | description","Match the core Royal Salute 21-year blend to B13570, now named The Signature Blend. All 19 Royal Salute entity records and all 20 global search results were reviewed. Producer history explicitly identifies Sapphire, Emerald and Ruby as colour names for the core flagon's evolution. The existing green-flagon image is the historic core 21-year blend, not The Malts Blend. Colour alone does not establish a new Bottle. Old candidate B13885 Beach Polo is a different marketed edition. No production changes. Source lists 40% but the current Bottle ABV is null; no ABV patch or verification is claimed. No exact release or bottling year established. Existing flavour and generated description are not revalidated. Source page image metadata refers to another lot, so it was not treated as a verified exact-lot photo or uploaded. No alias or reference grant is made from the auction packaging title.","https://whiskyauctioneer.com/whisky-lot/5271999/royal-salute-21-year-old-scotch-whisky-sapphire-flagon | https://www.royalsalute.com/en/kingdom/ | https://www.royalsalute.com/en-us/whisky/21-year-old-the-signature-blend/"
"20","Jambala Estates Arran","ADDED — optional facts left blank","B52462","bottler | caskStrength | naturalColor | maltPhenolPpm | releaseYear | releaseMonth | releaseDay","Market-facing bottler remains null; physical packing footer alone does not establish it. Cask strength, natural colour, PPM, release date, series, edition and flavor classification are unknown. Bottling date is not a release date. New brand business details remain blank; its submitted descriptionSrc is not verifiable through the current Entity serializer.","https://assets.whiskyauctioneer.com/2026-08/5279766-001.jpg | https://whiskyauctioneer.com/learn/explore-whisky/bottles/arran-1997-jambala-estates-27-year-old?v=5288723"
"21","Caol Ila Single Malt Scotch Whisky - Limited Batch","ADDED — optional facts left blank","B52463","singleCask | caskStrength | naturalColor | nonChillFiltered | maltPhenolPpm | vintageYear | bottlingYear | releaseYear | releaseMonth | releaseDay | maturation | caskNumber","Vintage, bottling and release dates, maturation, cask number, single-cask status, cask strength, colour, filtration and PPM are not established. No flavor category inferred. Flora & Fauna is not assigned as a series solely from reused artwork. The archive variant ID is not an image filename: label-21.jpg was an unrelated WhistlePig image and is rejected, never uploaded.","https://assets.whiskyauctioneer.com/2026-07/5278560-001.jpg | https://whiskyauctioneer.com/whisky-lot/5278560/caol-ila-25-year-old-limited-batch | https://www.whiskyhammer.com/item/179915/Caol-Ila/Caol-Ila---25-Year-Old-Flora--Fauna.html"
"22","Cardhu Wine Cask Matured - 200th Anniversary Limited Edition","ADDED — optional facts left blank","B52478","singleCask | caskStrength | nonChillFiltered | maltPhenolPpm | vintageYear | bottlingYear | releaseYear | releaseMonth | releaseDay | caskNumber | outturn","Release year/month/day and bottling year remain null: a 2023 review attribution conflicts with the 2024 anniversary context, which is not itself an exact release date. Vintage is unknown. No unsupported wine origins, finishing duration, cask strength, single-cask status, filtration, PPM, cask number, outturn or flavor profile. Added colour is independently corroborated by two exact retailer declarations. Do not use importer identity as bottler.","https://whiskyauctioneer.com/whisky-lot/8213701/cardhu-12-year-old-wine-cask-matured-200th-anniversary | https://www.malts.com/en-be/articles/cardhu-200-years-of-pioneering-spirit | https://www.homeofmalts.com/en/25490/cardhu-12-year-old-wine-cask-200th-anniversary | https://www.whisky.de/fileadmin/web_data/katalog/2025/WDE_Katalog2026_ONLINE.pdf | https://www.whiskyfun.com/2024/Today-young-Cardhu.html"
"23","Original source missing — old Chichibu candidate only","SKIPPED — unresolved identity","B2746 (possible match only)","entire release","All three recovered observation sets were checked. The only surviving entry is TSV ordinal 2336: B2746 Chichibu The Chronicles, year 2014, with a proposed ABV of 60.1%. No original auction title or URL survives, and the source index has no exact-title or exact-lot join. This old proposal is not verified source evidence; it does not establish the cask, year meaning or complete release. No new Bottle, patch or confirmed match.",""
"24","Ichiro's Chichibu - 佛像與武甲山","ADDED — optional facts left blank","B52469","statedAge | noAgeStatement | caskStrength | naturalColor | nonChillFiltered | maltPhenolPpm | releaseYear | releaseMonth | releaseDay","Stated age and confirmed no-age-statement status stay null: the available small front-label text is not clear enough to positively establish either. Do not subtract 2015 from 2023 to assign an age. Cask strength, natural colour, non-chill filtration and malt PPM are not independently established by sufficiently clear product evidence; Whiskybase technical flags alone are not used. Release year and exact month/day stay null: a 2023 bottling or Taiwan edition description is not an explicit first-sale date. No flavor classification inferred. No English translation is added as a marketed alias. Kuva's staged photo is rejected; use Le Wine's clean packshot.","https://whiskyauctioneer.com/whisky-lot/5266735/chichibu-2015 | https://www.lewine.com.tw/product/ichiros-malt-chichibu-taiwan-edition-2015-single-malt-whisky/ | https://kuvawhisky.evershop.com.tw/product/656011598/"
"25","Clynelish 12 Year Old Ainslie & Heilbron","SKIPPED — unresolved identity","","entire release","The recovered row preserves the generic title and 43% ABV but not the original lot URL or label. The current exact-title join covers several historical variants. The inspected replacement lot is a white-label, 12-year, 43%, 75cl M. di Chiano import. Specialist evidence identifies several old-Clynelish/Brora bottlings under this wording, including light and dark vattings and different closures. This supports an old-Brora lead, not a unique join to the original source row. Generic modern-Clynelish lot metadata must not override this evidence. Complete Clynelish inventory (180), Brora-name search (47) and Ainslie search (1) were reviewed without a confirmed exact match. Skip the entire release; no guessed distiller, date, vatting, new Bottle or confirmed match.","https://whiskyauctioneer.com/whisky-lot/8213095/clynelish-12-year-old-ainslie-heilbron | https://whiskyauctioneer.com/learn/explore-whisky/distilleries/brora | https://www.whiskyfun.com/2025/Old-Clynelish-is-back-on-the-tasting-table.html | https://whisky.auction/auctions/lot/75771/clynelish-12-year-old | https://maltmaniacs.com/index.jsp?did=29&view=av"
"26","Original source missing — old Eagle Rare candidate only","SKIPPED — unresolved identity","B11826 (possible match only)","entire release","All three recovered observation sets were checked. Only TSV ordinal 2336 survives: B11826 Eagle Rare 10-year-old, age 10, proposed ABV 45%. The original source title, lot URL and label are missing, with no exact source join. A candidate and proposed patch cannot establish whether the source was the core bottle or a distinct pick or edition. No guessed data, new Bottle or confirmed match.",""
"27","North Star Spirits Glenburgie - Cask Series 020","ADDED — optional facts left blank","B52479","caskStrength | maltPhenolPpm | releaseYear | releaseMonth | releaseDay | caskNumber","Release year, month and day, marketed cask number, malt PPM and flavor profile remain null. The label and primary archive do not explicitly establish cask strength; a retailer that claims it also gives conflicting sherry maturation, so caskStrength remains null. Do not turn archive image numbers into a marketed cask number or a bottling date into a release date.","https://northstarspirits.com/products/archive-glenburgie-2 | https://whiskyauctioneer.com/whisky-lot/8211745/glenburgie-1995-cask-series-020-27-year-old | https://www.blue-cask.com/products/glenburgie-1995-2022-27-jahre-1 | https://www.whizita.de/en/product/glenburgie-1995-north-star-517/"
"28","Glendronach 12 Year Old Wm. Teacher & Sons","SKIPPED — unresolved identity","B5495 (possible match only)","entire release","The historical source is verified as the green dumpy GlenDronach 12-year Teacher bottling at 40%. Complete GlenDronach inventory (159 over two pages) and Wm. Teacher E5462 inventory (1) were checked. Existing B4901, B5267 and B5495 are 12-year records with null ABV and no images; fresh reads do not establish their precise releases. Their Original wording suggests later products, but missing historical provenance is not enough to rule out a sparse duplicate. B20's current image is a different modern 46% release and must not be patched to 40%. Skip creation and leave all existing records unchanged until the three possible matches can be resolved. No vintage, exact bottling date, first-release date, maturation, filtration or colour claim is verified for the historical source.","https://whiskyauctioneer.com/whisky-lot/7044046/glendronach-12-year-old-wm-teacher-sons | https://www.whisky.de/flaschen-db/details/glendronach-44.html | https://manila-wine.com/glendronach-12-year-old-teacher-s-1970-single-malt-scotch-whisky"
"29","Original source missing — old Glenlossie candidate only","SKIPPED — unresolved identity","B18887 (possible match only)","entire release","All three recovered observation sets were checked. Only TSV ordinal 2330 survives: rejected B18887 Murray McDavid 1975 (distilled at Glenlossie), with the note that no candidate proved the release. No original title, source URL, ABV, cask or exact bottler evidence survives; the source index has no exact join. The candidate's vintage and imprint are not facts about the original row. No production write or confirmed match.",""
"30","Jack Daniel's Master Distiller Series No.4 - 'Jess' Gamble Litre","EXISTING — duplicate source row; no changes","B52429","","No. 4 at 43% ABV. Package volume alone does not define a different Bottle.","https://whiskyauctioneer.com/whisky-lot/8213715/jack-daniels-master-distiller-series-no4-jess-gamble-litre | https://whiskyauctioneer.com/whisky-lot/8213714/jack-daniels-master-distiller-series-no4-jess-gamble-litre | https://whiskyauctioneer.com/whisky-lot/8213727/jack-daniels-master-distiller-series-no4-jess-gamble-litre | https://whiskyauctioneer.com/whisky-lot/8213718/jack-daniels-master-distiller-series-no4-jess-gamble-litre"
"31","Jack Daniel's Master Distiller Series No.6 - 'Jimmy' Bedford Litre","EXISTING — identity matched; no changes","B45511","name | edition | noAgeStatement | releaseYear | releaseMonth | releaseDay | description | imageSourceUrl | imageResolution","Exact identity match after the complete 47-record Jack Daniel's inventory and a fresh B45511 read. Stored edition No. 6, series S121, brand/bottler/distiller E1079 and 43% agree. The current Peated image visibly shows the blue Limited No. 6 Edition label and Jimmy Bedford box, matching the source. Its 700ml size versus the source litre is packaging only. No create, patch, image replacement or name change. This is an identity match, not a claim of full enrichment. Current name contains generated exact-fact text and the edition omits the full printed Limited No. 6 Edition wording. Current image is exact but low resolution and has no stored source URL. NAS, dates, technical flags and description remain as found. Collector sources suggest September 2017 first availability, but no date was inserted; a global expression launch and later package sizes must not become separate releases.","https://whiskyauctioneer.com/whisky-lot/8213729/jack-daniels-master-distiller-series-no6-jimmy-bedford-litre | https://www.masterofmalt.com/whiskies/jack-daniels/jack-daniels-master-distiller-series-no-6-whiskey/ | https://www.finedrams.com/jack-daniels-master-distiller-no-6-whiskey.html | https://jackdanielsbottles.com/bottle-series/master-distiller-series/"
"32","The Macallan Single Highland Malt Scotch Whisky","ADDED — optional facts left blank","B52481","singleCask | caskStrength | naturalColor | nonChillFiltered | maltPhenolPpm | vintageYear | bottlingYear | releaseYear | releaseMonth | releaseDay | caskNumber | outturn","All precise dates remain null. The source's 1981-1984 range dates a presentation, not an exact release or bottling. No vintage is calculated from age. Cask strength, single-cask status, natural colour, filtration, malt PPM, cask number, outturn and flavor profile are unverified. The Whisky Exchange's colouring=yes lacks a second exact source; modern Macallan natural-colour claims are not projected back onto this bottle. No separate edition or series is inferred from Italian import packaging.","https://whiskyauctioneer.com/whisky-lot/8213700/macallan-8-year-old | https://www.thewhiskyexchange.com/p/3502/macallan-8-year-old-sherry-cask-bot1980s | https://astebolaffi.it/pdf/auctions/625.pdf"
"33","Macallan Royal Marriage","SKIPPED — unresolved identity","B17335 (possible match only)","entire release","The recovered source retains only Royal Marriage, with no exact original lot, strength or wedding year. Three inspected current exact-title joins describe the 2011 William/Catherine release at 46.8%, but the title also denotes the distinct 1981 Charles/Diana release at 43%. Existing B17335 Royal Wedding has null ABV/dates, no image, a generic generated description, no aliases and only its generic name as a reference. Complete 180-record Macallan inventory and the candidate/reference reads do not establish which release it represents. The 2011 source facts are preserved in local source files only. Do not create a possible duplicate or convert B17335. Do not insert either component vintage as the complete bottle's vintage.","https://whiskyauctioneer.com/whisky-lot/8213647/macallan-royal-marriage | https://www.christies.com/en/lot/lot-1811901 | https://www.abbeywhisky.com/products/macallan-royal-marriage-29th-april-2011"
"34","Original source missing — old Macallan Terra candidate only","SKIPPED — unresolved identity","B3282 (possible match only)","entire release","All three recovered observation sets were checked. Only TSV ordinal 2330 survives: rejected B3282 The Macallan Terra Quest Collection, with no sufficiently specific match. The source title, URL and exact facts are absent, with no source join. Do not replace the missing source identity with the rejected candidate. No new Bottle, patch or confirmed match.",""
"35","Old Crow Kentucky Straight Bourbon","SKIPPED — unresolved identity","","entire release","Recovered ordinals 2237/2330 preserve the generic title and an unrelated rejected Wolcott B44211 candidate, but no original lot, ABV or age. Inspected exact-title joins conflict: lot 8214028 is a historical 43%/86-proof Old Crow with a W.A. Gaines/Old Crow Distillery Company label; lot 8213206 is 40% with a 1985 catalog date. The full E1214 inventory has only the distinct four-year Reserve B17544. Search results and that absence cannot select which source release the original row meant. Skip the entire row; do not infer a modern Beam producer or copy the historical source's 43% into a guessed new Bottle.","https://whiskyauctioneer.com/whisky-lot/8214028/old-crow-kentucky-straight-bourbon | https://whiskyauctioneer.com/whisky-lot/8213206/old-crow-kentucky-straight-bourbon"
"36","Original source missing — old Port Charlotte candidate only","SKIPPED — unresolved identity","B1543 (possible match only)","entire release","All three recovered observation sets were checked. Only TSV ordinal 2330 survives: B1543 Port Charlotte 13-year-old A Dream of Scotland, rejected because title year 2002 was absent from the candidate. This preserves one source-year clue but no full original title, URL, ABV or cask. The source index has no exact join. Year 2002 alone cannot establish a particular release or its vintage meaning. No guessed Bottle, date, patch or confirmed match.",""
"37","The Maltman Aberlour","ADDED — optional facts left blank","B52471","caskStrength | maltPhenolPpm | releaseYear | releaseMonth | releaseDay","Cask strength, malt PPM, initial maturation wood, release date, and flavor profile are not established. May 2016 is a bottling date, not a release date. Series and edition remain null because no distinct marketed sub-range or release descriptor is established. Tasting notes are read-only.","https://gommonehk.com/products/aberlour-1994-2016-21-year-old-the-maltman-8830 | https://whiskyauctioneer.com/whisky-lot/8213325/aberlour-1994-maltman-21-year-old | https://www.meadowsideblending.com/the-maltman/"
"38","North Star Spirits Annandale - Cask Series 021","ADDED — optional facts left blank","B52480","maltPhenolPpm | releaseYear | releaseMonth | releaseDay | caskNumber","Release year, month and day, marketed cask number, malt PPM and flavor profile remain null. A 2023 listing date is not proof of first availability, and the printed November 2022 bottling date is not copied into release fields. Do not infer a peated expression or malt PPM from general Annandale production.","https://whiskyauctioneer.com/whisky-lot/8211773/annandale-2015-cask-series-021-7-year-old | https://www.abbeywhisky.com/products/annandale-7-year-old-2015-north-star-spirits-cs021 | https://www.just-whisky.co.uk/product/annandale-7-years-old-2015-2022-north-star-spirits-cask-series-021-1492296"
"39","The Maltman Benrinnes","ADDED — optional facts left blank","B52470","caskStrength | maltPhenolPpm | releaseYear | releaseMonth | releaseDay","Cask strength, producer-stated malt PPM and release date are not established and stay null. The label's June 2016 bottling date is not treated as a release date. Whiskybase's cask-strength flag alone is not enough to populate that fact. No flavor classification inferred. Generic Vintage Single Cask text is not promoted to a new series. Tasting notes are read-only in the live schema and were not submitted. Separate entity-read limitation: E366646 description-source tag returns null and cannot be verified through the entity serializer; its name, kind, owner, description, website and country are verified. No blind retry or app-code change.","https://whiskyauctioneer.com/whisky-lot/8213361/benrinnes-1997-maltman-18-year-old | https://assets.whiskyauctioneer.com/styles/xlarge_1_1/s3/2026-08/8213361-002.jpg?itok=16I8m7eQ | https://captainscotch.de/whisky/maltman-benrinnes-18-years-1997-2016-cask-3200-07l/ | https://www.meadowsideblending.com/the-maltman/"
"40","Bowmore Sea Dragon","ADDED — optional facts left blank","B52564","singleCask | caskStrength | naturalColor | nonChillFiltered | maltPhenolPpm | vintageYear | bottlingYear | releaseYear | releaseMonth | releaseDay | maturation | caskNumber | outturn | image","Series, edition, single-cask and cask-strength status, natural colour, filtration, malt PPM, vintage, bottling and release dates, producer maturation wording, cask number, outturn and flavor profile are not established and stay null. A catalog availability date is not an original release date. All 26 writable fields and the image reviewed. No alternate marketed name is proposed as an alias, and no noncanonical matching reference is added. Exact clean product image is saved locally. Upload pending because the JSON CLI does not accept multipart files. No direct credential-based upload attempted.","https://whiskyauctioneer.com/whisky-lot/5283739/bowmore-30-year-old-sea-dragon-ceramic-decanter | https://www.whisky.de/fileadmin/web_data/katalog/Alte_Preislisten/preis0296.pdf | https://www.whisky.de/fileadmin/web_data/pdf/kat0900.pdf"
"41","Bowmore 8 Year Old","SKIPPED — unresolved identity","B1227 (possible match only)","entire release","Exact source bottle and front label establish Bowmore single malt, age 8, 40% ABV. Fresh complete 174-record brand inventory includes B1227 Bowmore 08, age 8, but its ABV, dates and image are empty. It has no aliases or barcodes and its only reference is the generic Bowmore 08. Its generated description supplies no exact provenance. It could already represent this 40% release, or the different 43% eight-year release represented by B47533. Do not create a possible duplicate and do not assign 40% to the ambiguous existing record. No production write. Resolve with an exact historical source for B1227 before adding or changing data.","https://whiskyauctioneer.com/whisky-lot/8212877/bowmore-8-year-old | https://www.thewhiskyexchange.com/p/900/bowmore-8-year-old | https://www.whisky.com/whisky-database/details/bowmore-alte-ausfuehrung.html"
"42","Bowmore Sherry Cask Pursuit - Edition 01","ADDED — optional facts left blank","B52562","singleCask | caskStrength | naturalColor | nonChillFiltered | maltPhenolPpm | vintageYear | bottlingYear | caskNumber | outturn | image","Single-cask and cask-strength status, natural colour, filtration, malt PPM, vintage, bottling year, cask number, outturn and flavor profile have no adequate release-specific proof. Leave them null. Series resolved and verified in pass 36. Tasting notes are read-only and not submitted. Source discrepancy: the announcement mentions American oak ex-bourbon maturation, but the exact packaging states Oloroso sherry (100%) and the specific product page gives Oloroso maturation. The saved maturation follows the exact packaging and product page; bourbon is not asserted. Exact clean stock image inspected and saved locally. Not uploaded: the JSON CLI does not accept multipart files. No direct credential-based upload attempted.","https://www.bowmore.com/en-gb/whiskies/20-year-old-sherry-cask-pursuit | https://www.suntoryglobalspirits.com/news/bowmore-releases-20-year-old-captivo-single-malt-collection-visionary-design-practice"
"43","Original source missing — old Bunnahabhain candidate only","SKIPPED — unresolved identity","B18334 (possible match only)","entire release","All three recovered observation sets checked. Only TSV ordinal 2330 survives: rejected B18334 Bunnahabhain 35-year-old 1971 vintage, because source title year 1989 was absent from the candidate. No original title, lot URL, ABV, age or bottler survives and the source index has no join. The 1989 clue alone cannot identify a release. No guessed data, Bottle or confirmed match.",""
"44","Kingsbury Dailuaine","ADDED — optional facts left blank","B52557","caskStrength | naturalColor | nonChillFiltered | maltPhenolPpm | releaseYear | releaseMonth | releaseDay | image","Series, edition, cask strength, natural colour, chill filtration, malt PPM, release dates and flavor profile are not verified. Whiskybase calls the presentation Celtic Series, but no exact producer material or printed series wording confirms it. Leave series null and retain that claim as a flag. The brand owner's current page describes two other ranges, Cask Strength Series and Limited Editions Series; it does not identify these exact Celtic-style releases. Neither technical claims from those ranges nor the 46% reduced-strength policy is transferred to these bottles. Bottled 2025 does not prove releaseYear 2025. Physical bottle numbers and laser lot codes are not cask identifiers or release dates. Exact clean stock image inspected and saved locally. Not uploaded: the current JSON CLI does not accept multipart images. No direct credential-based upload attempted.","https://whiskyauctioneer.com/whisky-lot/5242720/dailuaine-1975-50-year-old | https://www.whiskybase.com/whiskies/whisky/282124/dailuaine-1975-kb?language=en"
"45","Original source missing — old 1792 candidate only","SKIPPED — unresolved identity","B13661 (possible match only)","entire release","All recovered observation sets checked. Only ordinal 2330 survives: rejected B13661 1792 12-year-old Kentucky Straight Bourbon, with no specific match. Original source title, lot URL and exact release facts are absent and no source join exists. A candidate is not proof of the source identity. No new Bottle, patch or confirmed match.",""
"46","Famous Grouse Finest Scotch Whisky","EXISTING — identity matched; no changes","B47033","name | bottler | noAgeStatement | vintageYear | bottlingYear | releaseYear | releaseMonth | releaseDay | singleCask | caskStrength | naturalColor | nonChillFiltered | maltPhenolPpm | maturation | caskNumber | outturn | description | flavorProfile","All three recovered candidates are the ordinary 40% Famous Grouse blend, in 70cl or 75cl older packaging. Exact source labels and B47033's stored retailer image agree with the core blend. All 12 Famous Grouse records reviewed; no separate edition established. Match B47033 without a new bottle, alias or reference. Identity match only, no production edit. Current ABV suffix in the name is generated; record for later name review, do not silently rename. Source names Matthew Gloag & Son as blender/bottler, but do not apply a historical bottler to an undated general record without reviewing its full scope. No bottling/release date inferred from old packaging or the 1980s estimate. Existing descriptive tasting claims and flavor profile were not independently validated; remaining technical facts stay unasserted.","https://whiskyauctioneer.com/whisky-lot/5280156/famous-grouse-finest-scotch-whisky | https://whiskyauctioneer.com/whisky-lot/5280154/famous-grouse-finest-scotch-whisky | https://whiskyauctioneer.com/whisky-lot/5283291/famous-grouse-finest-scotch-whisky | https://whiskys.co.uk/products/famous-grouse-finest-scotch-from-1980s-70cl-40 | https://www.ocado.com/products/the-famous-grouse-finest-blended-scotch-whisky/16530011"
"47","Kingsbury Glenburgie","ADDED — optional facts left blank","B52558","caskStrength | naturalColor | nonChillFiltered | maltPhenolPpm | releaseYear | releaseMonth | releaseDay | image","Series, edition, cask strength, natural colour, chill filtration, malt PPM, release dates and flavor profile are not verified. Whiskybase calls the presentation Celtic Series, but no exact producer material or printed series wording confirms it. Leave series null and retain that claim as a flag. The brand owner's current page describes two other ranges, Cask Strength Series and Limited Editions Series; it does not identify these exact Celtic-style releases. Neither technical claims from those ranges nor the 46% reduced-strength policy is transferred to these bottles. Bottled 2025 does not prove releaseYear 2025. Physical bottle numbers and laser lot codes are not cask identifiers or release dates. Exact clean stock image inspected and saved locally. Not uploaded: the current JSON CLI does not accept multipart images. No direct credential-based upload attempted.","https://whiskyauctioneer.com/whisky-lot/5242724/glenburgie-1975-50-year-old | https://www.whiskybase.com/whiskies/whisky/282139/glenburgie-1975-kb?language=en"
"48","Glenfarclas 50 Year Old Collector Series III","SKIPPED — unresolved identity","B15940 (possible match only)","entire release","Skip; do not create or overwrite. Complete 202-Bottle Glenfarclas inventory and Family Collector search reviewed. B15940 is an age-50 record with no ABV, edition, year, image or release-specific description. Its only reference R2256 is the broad string Glenfarclas 50-year-old. It could be this 2015 Family Collector Series III release, but neither the record nor its reference proves that match. It was created in 2024, so date alone does not rule it out. All other age-50 records have explicit different vintages or casks, including B52435 at 43% from 1963/cask 174, not the 41.1% Series III. Do not add a possible duplicate or assign exact facts to the generic record. No production changes.","https://whiskyauctioneer.com/whisky-lot/5271916/glenfarclas-50-year-old-collector-series-iii | https://www.masterofmalt.com/whiskies/glenfarclas/glenfarclas-50-year-old-family-collector-series-iii-whisky/ | https://www.whiskybase.com/whiskies/whisky/77854/glenfarclas-50-year-old | https://www.just-whisky.co.uk/product/glenfarclas-50-year-old-family-collector-series-iii-1370827 | https://www.sothebys.com/buy/eb8d7783-9e3e-486b-9af7-52b34d3adb7d/lots/a0d96dd6-f7d2-4da7-95cc-356b72a4d962"
"49","Original source missing — old Glenmorangie candidate only","SKIPPED — unresolved identity","B4478 (possible match only)","entire release","All recovered observation sets checked. Only ordinal 2330 survives: rejected B4478 Glenmorangie Ealanta Private Edition because title year 1993 was absent from its identity. No complete source title, lot URL, ABV or marketed edition survives, and no source join exists. Year 1993 and a rejected Ealanta proposal do not establish the original release. No guessed Bottle or confirmed match.",""
"50","North Star Spirits Inchfad - Cask Series 026","ADDED — optional facts left blank","B52565","maltPhenolPpm | releaseMonth | releaseDay | maturation | caskNumber | image","Cask number and malt PPM are not established. Oloroso maturation is verified, but the complete producer maturation statement on the curved label is not clear enough to copy; structured maturation remains null. Initial release month and day are unknown; neither the August bottling month nor the November announcement day is used. No UK suffix is printed on this release. Bottle serials 011 and 103 are not cask numbers. Exact retailer image saved locally. No upload: the JSON CLI does not accept multipart files. No direct credential-based upload attempted.","https://whiskyauctioneer.com/whisky-lot/8214157/inchfad-2007-cask-series-026-18-year-old | https://www.whiskybase.com/whiskies/whisky/285757/inchfad-2007-nss | https://whiskyexperts.net/sansibar-whisky-bringt-die-neue-cask-series-026-von-north-star-spirits-auf-den-deutschen-whiskymarkt/ | https://craftcellars.ca/products/north-star-inchfad-loch-lomond-18-year-old"
"51","Jack Daniel's Master Distiller Series No.5 - Frank 'Bobo' Thomas Litre","EXISTING — identity matched; no changes","B45509","name | edition | noAgeStatement | releaseYear | releaseMonth | releaseDay | description | imageSourceUrl | imageResolution","Exact identity match after the complete Jack Daniel's inventory and a fresh B45509 read. Stored edition No. 5, Master Distiller Series S121, E1079 roles and 43% agree. The existing image shows the silver Limited No. 5 Edition label and Frank Bobo box, matching the source. The 700ml/litre difference is packaging only. No create, patch, image replacement or name change. Current name/edition do not preserve the complete printed descriptor and still include generated ABV text. The exact existing image is low resolution with no source URL. No claim that all writable fields are enriched: NAS, release dates, technical flags and description remain as found. Specialist sources distinguish the initial 2016 litre release from later 700/750ml distribution; packaging alone is not a new Bottle.","https://whiskyauctioneer.com/whisky-lot/8213731/jack-daniels-master-distiller-series-no5-frank-bobo-thomas-litre | https://www.thewhiskyexchange.com/p/41434/jack-daniels-master-distiller-no-5 | https://www.finedrams.com/jack-daniels-master-distiller-no-5-whisky.html | https://www.jacks-safe.com/en/master-distiller-5-700ml-international.html | https://distiller.com/spirits/jack-daniel-s-master-distiller-series-no-5"
"52","Original source missing — ambiguous Jameson candidates","SKIPPED — unresolved identity","B46973 (possible match only)","entire release","All recovered observation sets checked. Only ordinal 2330 survives: B46973 Jameson Irish Whiskey 40% and B43823 were multiple compatible candidates. The original source title, URL and distinguishing facts are absent, with no source join. Do not choose one candidate or create another generic Jameson from the proposal. No production change or confirmed match.",""
"53","Lagavulin Natural Cask Strength - Fèis Ìle 2020","EXISTING — identity matched; no changes","B2132","distillers | noAgeStatement | singleCask | naturalColor | nonChillFiltered | maltPhenolPpm | vintageYear | releaseMonth | releaseDay | caskNumber | description | flavorProfile | image","All three recovered lots identify Fèis Ìle 2020, age 20, 54%, bottled 2020, 6000 bottles. Exact front/back labels match B2132. All 118 Lagavulin results reviewed; no competing exact match. The existing maturation statement agrees with the front label's refill and PX/Oloroso-seasoned hogsheads; do not replace it with the auction's looser finish taxonomy. Identity match only, no production edit. Missing Lagavulin distiller link and NAS=false are known local gaps, not a reason to duplicate the release. Vintage, exact release date, colour, filtration, PPM and cask code remain unverified. Existing generated tasting claims and profile were not independently validated. An exact source image is saved; current production image was not visually rechecked in this pass and was not replaced.","https://whiskyauctioneer.com/whisky-lot/8022289/lagavulin-20-year-old-natural-cask-strength | https://whiskyauctioneer.com/whisky-lot/8022285/lagavulin-20-year-old-natural-cask-strength | https://whiskyauctioneer.com/whisky-lot/8022287/lagavulin-20-year-old-natural-cask-strength"
"54","Laphroaig 10 Year Old Litre","EXISTING — identity matched; no changes","B1","abv | bottler | noAgeStatement | singleCask | caskStrength | naturalColor | nonChillFiltered | maltPhenolPpm | vintageYear | bottlingYear | releaseYear | releaseMonth | releaseDay | maturation | caskNumber | outturn | description | flavorProfile","All three recovered candidates are the standard ten-year-old at 43%, without an explicit edition. B1's stored image also clearly shows age 10 and 43% at 750ml. Volume and older packaging alone do not make a new Bottle. All 210 Laphroaig results and B1's six general references reviewed. Match the existing general record; do not create a litre edition. Identity match only, no production edit. ABV=43 and NAS=false are verified source facts, but B1 is an undated general record with general references; preserve its null strength pending a scoped enrichment review. The initial possible-match concern was resolved by the stored 43% image and all three same-strength candidates. Do not turn estimated packaging eras 1987-1994, 1994-2000 or 2000-2013 into release dates. Source explicitly names Laphroaig as distiller/bottler; remaining technical facts and current generated tasting claims are unverified.","https://whiskyauctioneer.com/whisky-lot/8212867/laphroaig-10-year-old-litre | https://whiskyauctioneer.com/whisky-lot/5280799/laphroaig-10-year-old-litre | https://whiskyauctioneer.com/whisky-lot/5283401/laphroaig-10-year-old-litre"
"55","Laphroaig Enduring Spirit - Book 5","ADDED — optional facts left blank","B52467","caskStrength | naturalColor | maltPhenolPpm | vintageYear | releaseMonth | releaseDay | caskNumber | outturn","Vintage is disputed: the source lot, Banneke and House of Single Malts say 1988; WhiskyBrother says 1989 and Grand Whisky Auction says 1987. Producer labels do not show a vintage, so it stays null. Natural colour, cask strength, malt PPM, exact release month/day, total outturn and flavor classification are not established strongly enough and stay null. Secondary technical claims are not inferred from age, ABV or distillery defaults. Auction Oloroso and fifteen-part-series text are rejected.","https://www.laphroaig.com/whiskies/ian-hunter-book-5-enduring-spirit-34-yo-single-malt-scotch-whisky | https://www.laphroaig.com/sites/default/files/styles/original/public/2023-12/Laphroaig_IanHunter5_Bottle_Front.jpg.webp?itok=81sMUIjm | https://www.laphroaig.com/sites/default/files/styles/original/public/2023-09/Laphroaig_IanHunter5_Bottle_Back.jpg.webp?itok=C9EGMgC4 | https://www.laphroaig.com/whisky-stories/the-ian-hunter-story | https://www.masterofmalt.com/whiskies/laphroaig/laphroaig-34-year-old-the-ian-hunter-story-book-5-whisky/ | https://www.harveynichols.com/laphroaig/the-ian-hunter-story-34-year-old-single-malt-scotch-whisky-book-5-980982-na-170556/ | https://www.banneke.com/laphroaig-34-years-ian-hunter-book-5-45-5-0-70.html | https://www.houseofsinglemalts.ch/pi/Zum-Shop/Schottische-Single-Malts/Islay/Laphroaig/laphroaig-40-years-degumuster-a-2cl.html | https://whiskyauctioneer.com/whisky-lot/5281156/laphroaig-ian-hunter-story-34-year-old-book-5-enduring-spirit"
"56","Original source missing — ambiguous Longrow candidates","SKIPPED — unresolved identity","B1514 (possible match only)","entire release","All recovered observation sets checked. Only ordinal 2330 survives: B1514 Longrow 21-year-old Single Cask and B1515 were multiple compatible candidates. No source title, lot URL, ABV, cask number or release year survives, with no source join. Do not treat the candidate's age or single-cask claim as source evidence. No new Bottle, patch or confirmed match.",""
"57","Macallan 12 Year Old Litre","SKIPPED — unresolved identity","B2548 (possible match only)","entire release","Recovered ordinals 2237/2330 retain only the generic twelve-year litre title and a rejected Triple Cask B13864 candidate; no exact original lot or ABV survives. Three current title joins are historical sherry-matured distillery bottlings at 43%, spanning presentation ranges 1980-1991, 1991-1999 and 1999-2004. The inspected front of lot 8212869 confirms age 12, 43%, sherry oak maturation and Macallan Distillers as bottler. Fresh B2548 Sherry Oak has null ABV and dates, while its stored image and linked retailer identify a modern 40% bottle. The complete 180-record Macallan inventory does not prove which historical source the lost row meant. Do not mark a 43% historical source as an exact match to the 40% pictured candidate, project source joins into the original row, or create from the bare title. No production write.","https://whiskyauctioneer.com/whisky-lot/8212869/macallan-12-year-old-litre | https://whiskyauctioneer.com/whisky-lot/8214036/macallan-12-year-old-litre | https://whiskyauctioneer.com/whisky-lot/5281189/macallan-12-year-old-litre | https://www.masterofmalt.com/whiskies/the-macallan/the-macallan-12-year-old-sherry-oak-whisky/?sku=2536"
"58","Macallan 18 Year Old Annual 2017 Release","SKIPPED — unresolved identity","B14147 (possible match only)","entire release","The exact recovered source and producer archive identify the 2017 Sherry Oak annual release, age 18 and auction ABV 43%. B14147 is named 18-year-old Sherry Oak (2017 Edition) and has a 2017 retailer price link, but its stored image visibly shows Annual 2024 Release. Structured edition, release year and ABV are null. The record is a strong possible existing match with conflicting image evidence, not a safe net-new create. No create, rename, image replacement, reference change or other production edit. Keep the 2017 row unresolved until the existing record's identity is reconciled.","https://whiskyauctioneer.com/whisky-lot/5283361/macallan-18-year-old-annual-2017-release | https://www.themacallan.com/de/single-malt-scotch-whisky/sherry-oak-18-years-old-2017-release | https://api.peated.com/uploads/prices-t6knu5jam8ra5r2ccoyet4po.webp"
"59","Original source missing — Macallan candidate with 1990 clue","SKIPPED — unresolved identity","B2169 (possible match only)","entire release","All three recovered observation sets checked. Only TSV ordinal 2330 survives: B2169 Macallan 18-year-old Double Cask was rejected because source title year 1990 was absent from the candidate. No original title, lot URL, ABV, age or expression survives. The source index has no join. Neither the rejected Double Cask identity nor the isolated year proves the original release. No guessed data, create or confirmed match.",""
"60","Original source missing — Macallan candidate with 1995 clue","SKIPPED — unresolved identity","B2169 (possible match only)","entire release","All recovered observation sets checked. Only TSV ordinal 2330 survives: B2169 Macallan 18-year-old Double Cask was rejected because title year 1995 was absent. No complete source title, lot URL or release facts survive and no source join exists. Do not treat candidate age or expression as verified source facts or assign the isolated year to a date field. No production change or confirmed match.",""
"62","The Macallan Sherry Oak - 2024 Release","ADDED — optional facts left blank","B52475","singleCask | caskStrength | nonChillFiltered | maltPhenolPpm | vintageYear | bottlingYear | releaseMonth | releaseDay | caskNumber | outturn","Vintage, bottling year, exact release month/day, cask strength, single-cask status, filtration, malt PPM, cask number, outturn and flavor profile remain null. Do not infer a vintage from age and release year, a bottling year from the annual release, or filtration from colour. Tasting notes remain read-only. Generic B1295 has 2018 image/2022 price-link evidence and is not treated as an exact match or silently changed. The producer bottle-only packshot shows 2023, so use the verified exact 2024 auction image instead.","https://www.themacallan.com/en-us/single-malt-scotch-whisky/sherry-oak-25-years-old-2024-release | https://whiskyauctioneer.com/whisky-lot/8213446/macallan-25-year-old-annual-2024-release"
"63","Original source missing — ambiguous Macallan candidates","SKIPPED — unresolved identity","B44083 (possible match only)","entire release","All recovered observation sets checked. Only TSV ordinal 2330 survives, with B44083 Macallan 30-year-old Double Cask and B18522 as multiple compatible candidates. The original title, lot URL and distinguishing facts are absent and the source index has no join. Do not select a candidate or create another Bottle from candidate facts. No production changes.",""
"64","The Macallan Genesis - Limited Edition","ADDED — optional facts left blank","B52489","statedAge | singleCask | caskStrength | naturalColor | nonChillFiltered | maltPhenolPpm | vintageYear | bottlingYear | maturation | caskNumber | image","No verified vintage, bottling year, exact maturation, single-cask status, cask strength, natural colour, filtration, malt PPM, cask number or flavor profile. The release year and packaging year do not prove the bottling year. No age is printed. Do not borrow facts from the separate 72-year Genesis decanter or a general brand claim. IMAGE WITHHELD: both the exact retailer packshot and larger auction photo developed visible background-removal artifacts in production. The new image was cleared with image:null and a fresh GET verified both image fields are null and bottle facts are unchanged. Source photos and all upload/removal receipts are retained locally. No production image fix was attempted.","https://whiskyauctioneer.com/whisky-lot/5280812/macallan-genesis | https://www.themacallan.com/de/single-malt-scotch-whisky/the-macallan-genesis-limited-edition | https://www.thespiritsbusiness.com/2018/08/police-close-road-in-macallan-whisky-sale-scramble/ | https://www.whiskyhammer.com/blog/enter-title-here | https://www.whiskyshop.com/macallan-genesis"
"65","The Macallan Re-Awakening - Limited Release","ADDED — optional facts left blank","B52490","singleCask | caskStrength | naturalColor | nonChillFiltered | maltPhenolPpm | vintageYear | bottlingYear | releaseDay | maturation | caskNumber | outturn | image","Outturn is disputed: front denominator 1,002 versus box claim 1,000 issued. Bottling year is unverified: auction prose confuses the 2008 still restart with bottling, while retailer metadata says 2009. No vintage is calculated from age. Exact release day, producer-stated maturation, single-cask status, cask strength, colour, filtration, malt PPM, cask number and flavor profile remain null. No series is evidenced. Individual bottle numbers do not distinguish releases. IMAGE WITHHELD: the retailer photo and larger exact auction alternative both developed jagged white-background removal in production. The new image was cleared with image:null; a fresh GET verified null image and source URL with unchanged bottle facts. All source photos and upload/removal receipts are preserved. Do not replay either failed upload.","https://whiskyauctioneer.com/whisky-lot/5280627/macallan-re-awakening-12-year-old | https://www.thewhiskyvault.com/macallan-12-year-old-re-awakening-with-presentation-case-2452-p.asp | https://www.whiskyhammer.com/item/165740/Macallan/Macallan---Re-awakening.html | https://www.thewhiskyexchange.com/p/10773/macallan-12-year-old-reawakening"
"66","The Macallan Guardian Oak","ADDED — optional facts left blank","B52491","statedAge | caskStrength | nonChillFiltered | maltPhenolPpm | vintageYear | bottlingYear | releaseDay | caskNumber | outturn","No stated age, vintage, verified bottling year, exact release day, cask strength, filtration, malt PPM, cask number, outturn or flavor profile. The 2024 announcement and image filename do not prove bottling or availability; the producer states January 2025. No separate marketed edition descriptor is evidenced. Natural colour and multi-cask composition are verified, not inferred from generic brand practice.","https://whiskyauctioneer.com/whisky-lot/5279767/macallan-x-cirque-du-soleil-harmony-collection-guardian-oak | https://www.themacallan.com/en-us/single-malt-scotch-whisky/the-harmony-collection/guardian-oak | https://www.trbusiness.com/regional-news/international/the-macallan-debuts-latest-harmony-collection-expression-through-lotte-at-changi/262436"
"67","The Macallan Inspired By Organic Cherrywood Lapsang Tea","ADDED — optional facts left blank","B52492","statedAge | caskStrength | nonChillFiltered | maltPhenolPpm | vintageYear | bottlingYear | caskNumber | outturn","No stated age, vintage, verified bottling year, cask strength, filtration, malt PPM, cask number, outturn or flavor profile. Smoky tasting language does not establish malt PPM. The tea collaboration does not establish tea infusion or organic whisky certification. No separate marketed edition descriptor is evidenced.","https://whiskyauctioneer.com/whisky-lot/5280577/macallan-x-jing-harmony-collection-inspired-organic-cherrywood-lapsang-tea | https://www.themacallan.com/en/single-malt-scotch-whisky/the-harmony-collection/inspired-by-organic-cherrywood-lapsang-tea | https://www.bevnet.com/pr/2025/08/06/the-macallan-presents-its-latest-release-in-the-harmony-collection-in-collaboration-with-jing-tea"
"68","Original source missing — old Macallan Harmony candidate only","SKIPPED — unresolved identity","B1834 (possible match only)","entire release","All recovered observation sets checked. Only TSV ordinal 2330 survives: B1834 Macallan Rich Cacao The Harmony Collection was rejected as insufficiently specific. No source title, URL or exact facts remain and there is no source join. A rejected Harmony candidate cannot identify which expression was offered. No guessed create or confirmed match.",""
"69","Original source missing — old Royal Salute candidate only","SKIPPED — unresolved identity","B13885 (possible match only)","entire release","All recovered observation sets checked. Only TSV ordinal 2330 survives: B13885 Royal Salute 21-year-old Beach Polo Edition was rejected as insufficiently specific. No original title, lot URL, edition or ABV survives and no source join exists. Do not promote the candidate's marketed edition or age to source evidence. No production change or confirmed match.",""
"70","Original source missing — Springbank candidate with 1996 clue","SKIPPED — unresolved identity","B2975 (possible match only)","entire release","All recovered observation sets checked. Only TSV ordinal 2330 survives: B2975 Springbank 20-year-old Single Cask was rejected because title year 1996 was absent. No complete source title, lot URL, ABV or cask identity remains and no source join exists. The isolated year and rejected candidate do not establish a marketed release. No create, patch or confirmed match.",""
"71","Springbank Private Cask Whisky","ADDED — optional facts left blank","B52553","bottler | naturalColor | nonChillFiltered | maltPhenolPpm | bottlingYear | releaseYear | releaseMonth | releaseDay | image","Bottler, colour, filtration, malt PPM, bottling year and release dates are not established by the exact label. Whiskybase and a retailer using its image claim bottling in 2024, but their independence is not established. Do not calculate dates from age, call Oloroso verified, or promote general Springbank practices to this private bottling. No separate marketed edition, series or flavor classification is established. Exact clean image reviewed and saved locally. Image remains absent in Peated: the current JSON CLI does not support multipart upload. No direct credential-based upload attempted.","https://whiskyauctioneer.com/whisky-lot/5272447/springbank-2001-23-year-old | https://www.scotchwhiskyauctions.com/auctions/212-the-163rd-auction/793237-springbank-2001-23-year-old-private-cask-146/ | https://www.whiskyhammer.com/item/250022/Springbank/Springbank---23-Year-Old-2001-Single-Cask-146-Private-Bottling.html"
"73","Stagg — recovered batch 23 claim, suffix missing","SKIPPED — unresolved identity","","entire release","The recovered historical audit only retains a batch 23 conflict and an unrelated candidate B13404 (13th Edition). Its original source title, ABV, full batch suffix and lot URL are not recovered. The current snapshot contains Batch 23B, but batch 23 could also be a truncated 23A/23C or an ordinal batch count. Do not silently turn that incomplete historical claim into Batch 23B. Current eight-record Stagg search confirms B13404 is the 13th Edition, not proof of this row. Source URL is a possible lead only, not a resolved original-row link. Skip this historical row until its complete batch label or original source can be recovered. No production Bottle write.","https://whiskyauctioneer.com/whisky-lot/7043909/stagg-barrel-proof-bourbon-batch-23b"
"74","Original source missing — old Yamazaki candidate only","SKIPPED — unresolved identity","B5123 (possible match only)","entire release","All recovered observation sets checked. Only TSV ordinal 2330 survives: B5123 Yamazaki 10-year-old was rejected as insufficiently specific. No source title, lot URL, strength or distinguishing release facts remain and no source join exists. Do not conflate this row with another recovered Yamazaki source merely because the candidate resembles it. No production change or confirmed match.",""
"75","Original source missing — old Weller patch proposal only","SKIPPED — unresolved identity","B13763 (possible match only)","entire release","All recovered observation sets checked. Only TSV ordinal 2336 survives: an old proposal to set ABV 45 on B13763 W.L. Weller 12-year-old Straight Bourbon. No original source title, lot URL or verification receipt survives, and no source join exists. A proposed patch is not evidence that the source bottle was identified or that a write occurred. Do not replay the patch or mark a match.",""
"76","Original source missing — conflicting Acla da Fans candidate","SKIPPED — unresolved identity","B47489 (possible match only)","entire release","All recovered observation sets checked. Only TSV ordinal 2330 survives: B47489 Acla da Fans Secret Highland, age 14, vintage 2008, 53.4%, single cask/cask strength, was rejected for source ABV 52.9% versus 53.4%. No original title, lot URL or cask remains, and no source join exists. The 52.9% clue cannot identify the original release; the candidate's other facts are not source evidence. No create, patch or confirmed match.",""
"78","North Star Spirits A Secret Highland Distillery - Cask Series 026 UK","ADDED — optional facts left blank","B52554","distillers | singleCask | caskStrength | naturalColor | nonChillFiltered | maltPhenolPpm | releaseYear | releaseMonth | releaseDay | maturation | caskNumber | image","Distiller remains undisclosed. Highland Park claims about other allocations do not prove this UK-labelled source. First-fill versus refill maturation is disputed; the curved label is not clear enough to settle the exact wording. Single-cask, cask-strength, colour and filtration claims lack adequate exact independent corroboration or readable label proof and remain null. No cask number, malt PPM, release dates or flavor classification is established. Bottling in June 2025 is not an initial release date. Exact clean image reviewed and saved locally. Image remains absent in Peated: the current JSON CLI does not support multipart upload. No direct credential-based upload attempted.","https://whiskyauctioneer.com/whisky-lot/8211767/secret-highland-2012-cask-series-026-13-year-old | https://deliawhisky.de/en-en/products/secret-highland-13-jahre-2012-2025-cask-series-026-uk-north-star-spirits-58-2-0-7l"
"81","North Star Spirits A Secret Speyside Distillery - Cask Series 026 UK","ADDED — optional facts left blank","B52555","distillers | singleCask | caskStrength | naturalColor | maltPhenolPpm | releaseYear | releaseMonth | releaseDay | maturation | caskNumber | image","Named distiller and producer-specific maturation wording remain withheld because the producer's Benrinnes/2011 listing conflicts with the 2010 source label and retailer table. No named distiller is inferred. Non-chill filtration now has two exact independent sources and is included. Single-cask, cask-strength and natural-colour declarations remain unverified; no cask number, release dates, malt PPM or flavor classification is established. Bottling date is not release date. Retailer prose's 57.1% is rejected in favour of the printed 44.4%. Exact clean image reviewed and saved locally. Image remains absent in Peated: the current JSON CLI does not support multipart upload. No direct credential-based upload attempted.","https://whiskyauctioneer.com/whisky-lot/8211740/secret-speyside-2010-cask-series-026-14-year-old | https://deliawhisky.de/en-ch/products/secret-speyside-14-jahre-cask-series-026-uk-north-star-spirits-44-4-0-7l | https://northstarspirits.com/products/secret-speyside-benrinnes | https://www.whiskyauktionberlin.de/en/Auktionen/Auktion-Nr-31/Lot-0310289-SECRET%2BSPEYSIDE%2B14J%2B2010-2025%2BCASK%2BSERIES%2B026%2BUK%2BNORTH%2BSTAR | https://deliawhisky.de/en-gb/products/secret-speyside-14-jahre-cask-series-026-uk-north-star-spirits-44-4-0-7l"
"82","The Whisky Jury A Single Speyside Distillery - 162nd Release","ADDED — optional facts left blank","B52466","distillers | caskStrength | maltPhenolPpm | releaseYear | releaseMonth | releaseDay","Actual distillery remains undisclosed (distillers empty). Cask strength, PPM, exact release date and flavor classification are not established. Bottling in May 2026 does not prove a May release. No series is assigned merely from the producer's numbered release archive. Retailer hogshead prose conflicts with its own facts and the printed barrel label, so it is not used.","https://www.thewhiskyjury.com/162nd-release-1992-secret-speyside-cask-408880/ | https://images.squarespace-cdn.com/content/v1/5c782ead348cd927be7a50b2/1786010968403-2DY5LU6TW1XFMZC1UPDU/A_Single_Speyside_BB_LR.jpg | https://whiskyauctioneer.com/whisky-lot/8214066/single-speyside-1992-33-year-old-162nd-release | https://www.passionforwhisky.com/en/whisky/scotch-whisky/single-malt-whisky/speyside/41960-a-single-speyside-33-years-1992-2026-408880.html"
"84","Original source missing — old Ardbeg Blasda patch proposal only","SKIPPED — unresolved identity","B4863 (possible match only)","entire release","All three recovered observation files checked. Only TSV ordinal 2336 survives: an old proposal to set ABV 40 on B4863 Ardbeg Blasda Limited Edition. There is no original title, lot URL or verified source join. Proposed target facts do not identify the original auction release. Skip the entire row; do not replay the patch or declare a confirmed match. No production write.",""
"85","Ardbeg Homecoming","EXISTING — identity matched; no changes","B52160","bottlingYear | caskStrength","Exact existing match: Homecoming, 2025 distillery-exclusive Fèis Ìle release, 56.1%, rum-cask finish, Ardbeg E28. All 126 brand records were reviewed. Reuse B52160; no Bottle, group, alias, reference, series or image changes. This is an identity match, not a claim that every pre-existing optional field has been independently verified. The current populated bottling year and cask-strength flag were not re-established by this evidence. Neither field is changed or treated as verified here. Existing photo remains unchanged.","https://whiskyauctioneer.com/whisky-lot/8213853/ardbeg-homecoming | https://www.ardbeghouse.com/pages/about"
"86","Original source missing — conflicting Ardbeg ten-year patch proposal","SKIPPED — unresolved identity","B398 (possible match only)","entire release","All recovered observations checked. TSV ordinal 2336 proposes ABV 46 for B398 Ardbeg ten-year; ordinal 2350 explicitly warns that several auction rows mapped to it with conflicting proposed ABV. No original source title, lot URL or exact distinguishing facts survive. Skip the release; do not resolve the conflict from candidate facts or replay the proposal. No production changes.",""
"87","Ardnahoe 7 Year Old — Fèis Ìle 2026","EXISTING — identity matched; no changes","B52171","name | noAgeStatement | naturalColor | nonChillFiltered | releaseMonth | releaseDay | maturation | description | image","Exact identity match after reviewing all twelve Ardnahoe search results and a fresh B52171 read. Age 7, 59.7%, Fèis Ìle 2026, 830 bottles, bourbon barrels, cask strength and E365822 brand/distiller agree with the exact auction label and producer's release page. The existing image was downloaded and visually checked: Fèis Ìle 2026, age 7, 59.7% and 830 are visible. Different physical bottle numbers do not make different releases. Alias and reference lists were empty with no next cursor. No create or existing-record changes. Identity match only, not full enrichment. The existing name embeds the structured age. The source front verifies no artificial colouring, no chill filtration and first-fill bourbon barrels; the producer verifies availability on 27 May 2026. Those missing details are recorded here but not patched. The existing exact image is a hand-held outdoor producer photo, not the preferred clean packshot. Preserve it; no blind replacement. Bottling year 2026 is preserved as found, not inferred from the festival date. Malt PPM, vintage, cask number and flavor classification remain unverified. The auction's unrelated 82 Chapters series metadata is rejected. Back label names Hunter Laing as physical bottler, but the front markets Ardnahoe Distillery Co.; do not reinterpret the existing market-facing bottler relationship from that packing statement alone.","https://whiskyauctioneer.com/whisky-lot/8213863/ardnahoe-7-year-old | https://ardnahoedistillery.com/pages/feis-ile-2026 | https://www.whiskyshop.com/auctions/a131792-ardnahoe-7-year-old-feis-ile-2026"
"88","The Whisky Exchange April Fool - Second Release","ADDED — optional facts left blank","B52474","singleCask | naturalColor | nonChillFiltered | maltPhenolPpm | vintageYear | releaseDay | maturation | caskNumber | outturn","Outturn remains null: bottler page says 1595, auctions and contemporary review say 1575; the small back-label image does not settle the digits clearly enough. Maturation remains null: bourbon-only auction claim conflicts with a contemporary bourbon-plus-Oloroso account. Vintage 2016 is only a review claim. Natural colour and no chill filtration have only unverified community flags. Single-cask status, exact cask number, malt PPM, release day and flavor profile are not established. Release year/month come from the printed April 2022 ribbon, not from the auction date. Tasting notes are read-only.","https://www.thewhiskyexchange.com/p/65576/april-fool-highland-whisky-2022-release-the-whisky-exchange | https://whiskyauctioneer.com/whisky-lot/7043987/ardnamurchan-april-fool-5-year-old-extremely-old-i-wish-i-were-younger | https://whisky.auction/auctions/lot/131310/april-fool-5-year-old-highland-single-malt-second-release | https://www.whiskynotes.be/2022/ardnamurchan/ardnamurchan-whisky-sponge-whisky-exchange-april-fools/"
"89","Ardnamurchan Spirit 2019/AD","SKIPPED — not whisky","","entire release","The exact lot identifies the fourth Spirit release as a spirit drink, not whisky. The series contains spirit younger than three years; the retailer also identifies the 2019 fourth release as matured new-make spirit. Exclude this release. Do not copy the distillery-level Single malt category into this product.","https://whiskyauctioneer.com/whisky-lot/8212754/ardnamurchan-spirit-2019ad | https://whiskyauctioneer.com/learn/explore-whisky/series/ardnamurchan-spirit-releases | https://www.tyndrumwhisky.com/ardnamurchan-spirit-2019.html"
"91","Arran First Pouring","ADDED — optional facts left blank","B52566","bottler | naturalColor | maltPhenolPpm | releaseYear | releaseMonth | releaseDay | maturation | outturn | image","Named market-facing bottler is unresolved: bottled FOR private owners does not establish bottled BY them, and archives disagree on private versus distillery bottling. Natural colour, malt PPM, exact maturation statement, outturn and flavor profile are unverified. Release date is unknown; April 2016 is explicitly the bottling date, not release date. No separate edition or broader series is established. The auction spells the owners Murphy, while the label/archive appear to read Murby; omit personal names from catalog facts rather than propagate that spelling conflict. Exact clean image saved locally. No upload: the JSON CLI does not accept multipart files. No direct credential-based upload attempted.","https://whiskyauctioneer.com/whisky-lot/7043272/arran-1995-first-pouring-20-year-old | https://whiskyauctioneer.com/whisky-lot/7043271/arran-1995-first-pouring-20-year-old | https://www.whiskybase.com/whiskies/whisky/143127/arran-1995"
"93","Svenska Eldvatten Arran","ADDED — optional facts left blank","B52567","nonChillFiltered | maltPhenolPpm | releaseYear | releaseMonth | releaseDay | image","Chill filtration is disputed: two exact retailers say not chill filtered, while WB275004 labels its icon Chill Filtered. Leave nonChillFiltered null pending producer evidence. Initial release year, month and day are unknown; February 2025 is a bottling date only. Malt phenol PPM and flavor profile are not established. No verified separate series, edition or alternate marketed name. Retailer Elephant wording describes the artwork and is not made an alias. Exact clean image saved locally. Upload pending: the JSON CLI does not accept multipart files. No direct credential-based upload attempted.","https://whiskyauctioneer.com/whisky-lot/8211808/arran-2001-eldvatten-23-year-old | https://www.deinwhisky.de/schottland/inseln/arran-lagg/10310-arran-23-jahre-2001/2025-sherry-cask-svenska-eldvatten-47-2-vol..html | https://whiskyagents.com/products/arran-23-jahre-2001-2025-svenska-eldvatten | https://www.whiskybase.com/whiskies/whisky/275004/arran-2001-se"
"94","Original source missing — conflicting Arran twenty-one-year patch proposal","SKIPPED — unresolved identity","B622 (possible match only)","entire release","All recovered observations checked. TSV ordinal 2336 proposes ABV 46 for B622 Arran twenty-one-year; ordinal 2350 warns of several source rows with conflicting ABV proposed for that same candidate. No original title, lot URL or exact source identity remains. Skip the entire row, retain the candidate only as an unverified lead, and do not replay any patch. No production changes.",""
"95","Arran First Production","SKIPPED — unresolved identity","B18979 (possible match only)","entire release","Skip; do not create or overwrite. B18979 Arran Single Malt has no age, ABV, vintage, bottling year, edition or image that can rule out this first-production release. Its sole canonical reference R3521 is equally generic, and the external-review query is empty. All 143 Arran and 16 Lochranza records reviewed; no explicit First Production record was found, but that absence cannot settle the generic record's identity. Preserve B18979 unchanged and do not assert a match.","https://whiskyauctioneer.com/whisky-lot/5281176/arran-first-production | https://www.whiskybase.com/whiskies/whisky/18210/arran-1995-first-production | https://oxfordwine.co.uk/owc/producer-profile-arran-distillery/"
"96","North Star Spirits Auchentoshan - Cask Series 023","ADDED — optional facts left blank","B52556","maltPhenolPpm | releaseYear | releaseMonth | releaseDay | caskNumber | image","Release year/month/day, malt phenol PPM, cask identifier and flavor profile are not established. September 2023 is bottling, not automatically release. A November 2025 retailer shipping note and November 2023 database-added date do not establish first availability. The 023 range code is an edition, not cask number. Tasting notes are read-only in the current schema and are not submitted. All 26 writable Bottle facts and the separate image were reviewed. Exact clean image reviewed and saved locally. Image remains absent in Peated: the current JSON CLI does not support multipart upload. No direct credential-based upload attempted.","https://whiskyauctioneer.com/whisky-lot/8211757/auchentoshan-2007-cask-series-023-15-year-old | https://www.shinanoya-tokyo.jp/view/item/000000021969?category_page_id=ct875 | https://www.deinwhisky.de/schottland/lowlands/auchentoshan/11111-auchentoshan-15-jahre-2007/2023-redwine-north-star-spirits-for-shinanoya-023-54-vol..html?c=203 | https://www.whiskybase.com/zh-CN/whiskies/whisky/242018/auchentoshan-2007-nss"
"97","Bell's Islander","ADDED — optional facts left blank","B52568","distillers | category | statedAge | singleCask | caskStrength | naturalColor | nonChillFiltered | maltPhenolPpm | vintageYear | bottlingYear | releaseYear | releaseMonth | releaseDay | maturation | caskNumber | outturn | image","Category disputed: blended whisky versus blended malt. Leave category null. Component distilleries, vintage, bottling and release dates, single-cask and cask-strength status, colour, chill filtration, malt PPM, maturation, cask number, outturn and flavor profile are unknown. No edition or broader series proved. Do not convert estimated 1980s packaging into an exact date. Exact clean image saved locally. Upload pending: the JSON CLI does not accept multipart files. No direct credential-based upload attempted.","https://whiskyauctioneer.com/whisky-lot/5281056/bells-islander-island-islay-malts | https://whiskyauctioneer.com/whisky-lot/5280831/bells-islander-island-islay-malts | https://whisky.auction/auctions/lot/121420/bell-s-islander | https://www.whiskybase.com/whiskies/whisky/50896/bells-islander-island-islay-malts"
"98","Bladnoch Lowland Malt","ADDED — optional facts left blank","B52468","singleCask | caskStrength | naturalColor | nonChillFiltered | maltPhenolPpm | vintageYear | bottlingYear | releaseYear | releaseMonth | releaseDay | caskNumber | outturn","Exact vintage, bottling and release dates, single-cask status, cask strength, natural colour, chill filtration, malt PPM, cask number and outturn are not established and remain null. Oak is stated on the back label, but no previous cask contents or finish are established. The printed bottle serial is not a cask number or total outturn. No tasting profile is inferred. The approximate 1983–1985 period is not converted into an exact year.","https://whiskyauctioneer.com/whisky-lot/8212880/bladnoch-8-year-old | https://gommonehk.com/collections/bladnoch/products/bladnoch-8-year-old-bottled-for-savas-s-p-a-canelli-italy"
"100","SMWS 3.282 A song of barley, smoke and oak - Taiwan Branch 10th Anniversary","ADDED — optional facts left blank","B52560","caskStrength | naturalColor | nonChillFiltered | maltPhenolPpm | vintageYear | releaseYear | releaseMonth | releaseDay | image","All 26 writable fields and image reviewed. Series, cask strength, natural colour, filtration, malt PPM, vintage, release dates and flavor profile remain unknown. No vintage is calculated from age and bottling year. No tasting notes, alias or reference is proposed. Exact clean stock image inspected and saved locally. Not uploaded: the current JSON CLI does not accept multipart images. No direct credential-based upload attempted.","https://whiskyauctioneer.com/whisky-lot/5281233/bowmore-smws-16-year-old-3282-song-barley-smoke-and-oak | https://whiskyauctioneer.com/learn/explore-whisky/bottles/bowmore-smws-16-year-old-3282-song-barley-smoke-and-oak | https://www.whiskybase.com/whiskies/whisky/93746/bowmore-16-year-old-smws-3282?language=zh-CN"
"102","Sansibar Whisky Bruichladdich","ADDED — optional facts left blank","B52569","caskStrength | maltPhenolPpm | releaseMonth | releaseDay | caskNumber | image","Cask number, cask-strength status, malt PPM, flavor profile and exact initial release month/day are unverified. No separate edition proved. A Whiskyfun article reports 233 bottles; reject that count because the exact label, bottler-issued announcement and retailer all agree on 228. Exact clean image saved locally. Upload pending: the JSON CLI does not accept multipart files. No direct credential-based upload attempted.","https://whiskyauctioneer.com/whisky-lot/8211792/bruichladdich-1991-fazzino-33-year-old | https://www.whizita.de/en/product/bruichladdich-1991-sansibar-fazzino-415/ | https://whiskyexperts.net/sansibar-whisky-fazzino-whisky-reihe-wird-um-3-abfuellungen-erweitert/"
"103","Finest Whisky Bruichladdich - Retirement Batch","ADDED — optional facts left blank","B52570","maltPhenolPpm | releaseMonth | releaseDay | caskNumber | image","Cask number, malt PPM, flavor profile and exact initial release month/day are unknown. No stable broader series proved. Do not infer peat level from tasting notes or use retailer-only Rhinns as a marketed alias. Bottling year 2024 is distinct from the 2025 release year. Exact clean image saved locally. Upload pending: the JSON CLI does not accept multipart files. No direct credential-based upload attempted.","https://whiskyauctioneer.com/whisky-lot/8211758/bruichladdich-2011-13-year-old-retirement-batch | https://whiskyexperts.net/sansibar-whisky-mit-ruhestands-batch-fuer-finest-whisky-berlin/ | https://www.deinwhisky.de/unabhaengige-abfueller/sansibar-whisky/10321-bruichladdich-rhinns-13-jahre-2011/2024-sherry-sansibar-fwb-retirement-batch-53-1-vol..html | https://www.whiskybase.com/whiskies/whisky/273740/bruichladdich-2011-sb"
"104","Svenska Eldvatten Bruichladdich","ADDED — optional facts left blank","B52571","maltPhenolPpm | releaseYear | releaseMonth | releaseDay | image","Initial release date, malt PPM and flavor profile are unknown. No separate series or edition established. Warthog artwork is not promoted to a marketed title or alias. February 2025 is bottling, not release. Exact clean image saved locally. Upload pending: the JSON CLI does not accept multipart files. No direct credential-based upload attempted.","https://whiskyauctioneer.com/whisky-lot/8211810/bruichladdich-2011-eldvatten-13-year-old | https://www.deinwhisky.de/schottland/islay/bruichladdich/10311-bruichladdich-13-jahre-2011/2025-svenska-eldvatten-61-4-vol..html | https://www.whiskybase.com/whiskies/whisky/275316/bruichladdich-2011-se"
"105","Bruichladdich Black Art - Sapero","ADDED — optional facts left blank","B52572","singleCask | caskStrength | maltPhenolPpm | vintageYear | releaseMonth | releaseDay | maturation | caskNumber | image","Vintage, single-cask status, cask strength, cask number, maturation, malt PPM, flavor profile and exact release month/day are unverified. Do not derive vintage from age or transfer cask recipes from other Black Art releases. Cask-strength retailer claim remains unconfirmed. Exact clean image saved locally. Upload pending: the JSON CLI does not accept multipart files. No direct credential-based upload attempted.","https://whiskyauctioneer.com/whisky-lot/8214049/bruichladdich-black-art-sapero-19-year-old | https://blackart.bruichladdich.com/signup/ | https://www.whiskynotes.be/2026/bruichladdich/bruichladdich-black-art-sapero/ | https://www.whiskybase.com/whiskies/whisky/287113/bruichladdich-19-year-old | https://www.htfw.com/bruichladdich-black-art-sapero-islay-single-malt-scotch-19-year-old-whisky"
"109","Caol Ila Special Festival Edition - Fèis Ìle 2011","EXISTING — identity matched; no changes","B52094","statedAge | noAgeStatement | outturn | releaseMonth | releaseDay | naturalColor | nonChillFiltered | maltPhenolPpm | flavorProfile | description | references","Exact label matches B52094: single cask 301696, vintage 2000, bottled 2011, 64.3%. Retain matching clean stored retailer image. No production changes. Identity match only. Verified outturn 600 and release 23 May 2011 saved locally. No age is inferred from dates or label omission. Colour, filtration and PPM remain unknown. Current profile and generated tasting claims are not independently verified; factual description draft saved. Names preserved. Aliases empty; protected references unresolved.","https://whiskyauctioneer.com/whisky-lot/5283941/caol-ila-2000-special-festival-edition | https://mail.scotchmaltwhisky.co.uk/diageofeisile2011.htm | https://www.tyndrumwhisky.com/caol-ila-feis-ile-2011.html"
"110","The Warehouse Collection Caperdonich","ADDED — optional facts left blank","B52573","caskStrength | maltPhenolPpm | releaseYear | releaseMonth | releaseDay | image","Cask-strength status has only one archive assertion and remains null. Initial release date, malt PPM and flavor profile are unknown. Bottling in October 2013 is not a release date. No separate series or edition established. Exact clean image saved locally. Upload pending: the JSON CLI does not accept multipart files. No direct credential-based upload attempted.","https://whiskyauctioneer.com/whisky-lot/8213758/caperdonich-1994-whisky-collection-19-year-old | https://www.whiskybase.com/whiskies/whisky/50583/caperdonich-1994-ww8 | https://www.whisky-warehouse.net/ | https://whisky-warehouse.net/Sortiment/"
"111","Signatory Vintage Caperdonich - The Nectar 10th Anniversary","ADDED — optional facts left blank","B52574","maltPhenolPpm | releaseMonth | releaseDay | image","Malt PPM, flavor profile and exact initial release month/day are unknown. Do not use Cask Strength as edition; it is a technical field. The Nectar 10th Anniversary is the explicit tube release descriptor. No alternate marketed name or extra reference is proposed. Exact clean image saved locally. Upload pending: the JSON CLI does not accept multipart files. No direct credential-based upload attempted.","https://whiskyauctioneer.com/whisky-lot/8213759/caperdonich-1995-un-chillfiltered-collection-21-year-old | https://www.whiskybase.com/whiskies/whisky/88858/caperdonich-1995-sv?language=en | https://www.whiskynotes.be/2019/caperdonich/caperdonich-1995-signatory-30th-anniversary/ | https://singlemaltwallonie.blogspot.com/2016/11/compte-rendu-whisky-dinner-signatory.html"
"112","Original source missing — Cardhu twelve-year candidate only","SKIPPED — unresolved identity","B17496 (possible match only)","entire release","All three recovered observation files and the source index were checked. Only TSV ordinal 2306 retains a Cardhu twelve-year candidate. There is no original auction title, lot URL, strength or source identity. The candidate's age is not recovered source evidence. Skip the entire row; no create, patch or confirmed match.",""
"114","Chichibu 2016 Japanese Craft Whisky Collection","SKIPPED — unresolved identity","","entire release","Recovered row combines two distinct releases with the same title. Lot 5266609 is cask 5617, bottled 2023, 64.6%, 193 bottles, Bourbon Barrel 1st Fill. Lot 5266669 is cask 6865, bottled 2024, 59.4%, 198 bottles, Virgin oak barrel. No single Bottle can represent both. Skip this row; preserve both candidate identities for a separately reviewed split. Brand/series dependencies are not created. No age is inferred from years. Exact 5617 front/back images are saved locally; 6865 label still needs inspection. All 89 Chichibu catalog records were reviewed, and no exact 5617 match found. Do not claim a match or create from a conflated input.","https://whiskyauctioneer.com/whisky-lot/5266609/chichibu-2016-japanese-craft-whisky-collection | https://whiskyauctioneer.com/whisky-lot/5266669/chichibu-2016-japanese-craft-whisky-collection | https://whiskyauctioneer.com/learn/explore-whisky/series/whisky-magazine-japanese-craft-whisky-collection | https://www.whiskyhammer.com/item/227418/Chichibu/Chichibu---2016-Single-Cask-5617-Whisky-Magazine.html"
"116","Ichiro's Moeginomura 50th Anniversary","ADDED — optional facts left blank","B52575","statedAge | caskStrength | naturalColor | nonChillFiltered | maltPhenolPpm | vintageYear | bottlingYear | releaseMonth | releaseDay | maturation | caskNumber | image","Vintage, bottling year, cask strength, natural colour, chill filtration, maturation of the complete whisky, cask identifier, malt PPM, flavor profile and exact release month/day are unverified. Component age 11 and vintage 2010 are not promoted. No separate edition or series established. Exact clean image saved locally. Upload pending: the JSON CLI does not accept multipart files. No direct credential-based upload attempted.","https://whiskyauctioneer.com/whisky-lot/7042455c/chichibu-moeginomura-50th-anniversary | https://whiskyauctioneer.com/whisky-lot/5281371/chichibu-moeginomura-50th-anniversary | https://www.moeginomura.co.jp/whisky/whisky/moegi50th.html"
"119","Daftmill Fife Strength","ADDED — optional facts left blank","B52576","naturalColor | nonChillFiltered | maltPhenolPpm | releaseMonth | releaseDay | caskNumber | outturn | image","Natural colour and non-chill filtration have only an uncorroborated archive claim and remain null. Outturn, cask numbers, malt PPM, flavor profile and exact release month/day are unknown. July 2023 is bottling, not the first release month. Do not copy counts from another Daftmill release. Exact clean image saved locally. Upload pending: the JSON CLI does not accept multipart files. No direct credential-based upload attempted.","https://whiskyauctioneer.com/whisky-lot/7043970/daftmill-2007-fife-strength-15-year-old | https://whiskyauctioneer.com/whisky-lot/7043973/daftmill-2007-fife-strength-15-year-old | https://www.daftmill.com/releases/2007-2/2007-15-year-old-fife-strength-2/ | https://www.whisky-online.com/products/daftmill-2007-2023-15-year-old-fife-strength-uk-exclusive | https://www.whiskybase.com/whiskies/whisky/239180/daftmill-2007 | https://www.htfw.com/daftmill-fife-strength-2023-release-single-malt-scotch-2007-15-year-old-whisky"
"123","Diageo The Directors' Blend","ADDED — optional facts left blank","B52577","distillers | statedAge | caskStrength | naturalColor | nonChillFiltered | maltPhenolPpm | vintageYear | releaseMonth | releaseDay | maturation | caskNumber | outturn | image","The actual 29 distilleries are not individually named; leave distillers empty. Colouring Yes has only one exact retailer claim, so naturalColor remains null. Age, cask strength, filtration, vintage, maturation, cask number, outturn, malt PPM, flavor profile and exact release month/day are unverified. December 2005 is bottling, not established release month. Exact clean image saved locally. Upload pending: the JSON CLI does not accept multipart files. No direct credential-based upload attempted.","https://whiskyauctioneer.com/whisky-lot/5283473/diageo-directors-blend-scotch-whisky | https://whiskyauctioneer.com/whisky-lot/5283477/diageo-directors-blend-scotch-whisky | https://www.thewhiskyexchange.com/p/7696/the-directors-blend-bot2005-diageo | https://www.scotchwhiskyauctions.com/auctions/98-the-60th-auction/97039-diageos-directors-blend-2005/ | https://www.whiskybase.com/whiskies/whisky/31322/the-directors-blend-nas"
"124","Four Roses Bourbon","ADDED — optional facts left blank","B52578","distillers | singleCask | caskStrength | naturalColor | nonChillFiltered | maltPhenolPpm | vintageYear | bottlingYear | releaseYear | releaseMonth | releaseDay | maturation | caskNumber | outturn | image","Actual production site is not established; Louisville company wording and Baltimore packing do not prove a physical distillery. Bottling decades are estimates, so all year/release fields stay null. Single-cask, cask strength, natural colour, filtration, maturation, cask number, outturn, malt PPM and flavor profile are unverified. No Yellow Label alias, edition or series is inferred from the paper colour. Exact clean image saved locally. Upload pending: the JSON CLI does not accept multipart files. No direct credential-based upload attempted.","https://whiskyauctioneer.com/whisky-lot/8214018/four-roses-6-year-old-straight-bourbon | https://whiskyauctioneer.com/whisky-lot/8214027/four-roses-6-year-old-straight-bourbon-0 | https://www.thewhiskyexchange.com/p/12432/four-roses-6-year-old-bot1970s"
"125","Glen Elgin 1990 Cask Strength Collection 24 Year Old","SKIPPED — unresolved identity","","entire release","Recovered title combines two distinct Signatory Vintage casks. Lot 8213357 has cask 7883, 52.2%, 200 bottles, distilled 29 November 1990 and bottled 3 November 2015, age 24, Bourbon Barrel. Primary front/back labels confirm these facts and Natural Colour. Lot 8214171 instead lists cask 7878, 48.3%, 189 bottles, age 24, 1990/2015, for Belgium/Luxembourg retailers. The alternate label still needs inspection. Skip the conflated row; neither cask is added. Preserve both identities for a separately reviewed split. All 98 Glen Elgin search results reviewed; no matching 24-year 1990 Signatory release. Existing B52291 is cask 4073, 33 years, 1991, 54.2%, not either source. No guessed dates, aliases, references or grouping changes.","https://whiskyauctioneer.com/whisky-lot/8213357/glen-elgin-1990-cask-strength-collection-24-year-old | https://whiskyauctioneer.com/whisky-lot/8214171/glen-elgin-1990-cask-strength-collection-24-year-old"
"129","Glen Grant 5 Year Old","SKIPPED — unresolved identity","","entire release","Recovered generic title points to two different bottlings. Lot 5281167 is a Gordon & MacPhail-bottled Glen Grant, age 5, 70 UK proof, 26 2/3 fluid ounces; front and reverse were inspected. Lot 8213009 instead lists an official distillery bottling, age 5, 40%, 70cl. Estimated 1970s versus 1994-2001 dates are auction dating, not verified vintage, bottling or release years. Do not collapse the bottler/strength distinction or convert UK proof as US proof. All 165 Glen Grant results reviewed; no exact 5-year record. Skip the conflated audit row and keep both source identities for a separately reviewed split. Neither is added.","https://whiskyauctioneer.com/whisky-lot/5281167/glen-grant-5-year-old | https://whiskyauctioneer.com/whisky-lot/8213009/glen-grant-5-year-old"
"131","Thompson Bros. Glenburgie - Batch 2","ADDED — optional facts left blank","B52559","maltPhenolPpm | releaseYear | releaseMonth | releaseDay | caskNumber | image","All 26 writable facts and image reviewed. Series, malt PPM, release dates, cask number and flavor profile remain unknown. Bottling month is supported and retained in evidence/description, but the live Bottle form has only bottlingYear. Do not copy it into releaseMonth. Full fresh authenticated preflight remains required before insertion. Exact clean stock image inspected and saved locally. Not uploaded: the current JSON CLI does not accept multipart images. No direct credential-based upload attempted.","https://www.thompsonbrosdistillers.com/product/glenburgie17-batch2/ | https://whiskyauctioneer.com/whisky-lot/5283872/glenburgie-2009-thompson-bros-17-year-old | https://www.htfw.com/glenburgie-thompson-bros-single-malt-scotch-2009-17-year-old-whisky | https://www.whiskybase.com/whiskies/whisky/306137/glenburgie-2009-pst"
"132","Original source missing — Glenfarclas eight-year candidate only","SKIPPED — unresolved identity","B47258 (possible match only)","entire release","All three recovered observation files and the source index were checked. Only TSV ordinal 2306 retains a Glenfarclas eight-year/40% candidate. No original title, lot URL or exact source facts survive. A proposed catalog match does not establish the source release. Skip the entire row; no create, patch or confirmed match.",""
"133","Glenfiddich Gran Cortes XXII","ADDED — optional facts left blank","B52651","caskStrength | naturalColor | nonChillFiltered | maltPhenolPpm | vintageYear | bottlingYear | releaseDay | caskNumber | outturn | image","Cask strength, natural colour, filtration, malt PPM, vintage, bottling year, exact release day, cask identifier, outturn and flavor profile remain unknown. No separate edition. XXII is producer wording, not an added 22-year suffix. Exact clean retailer image saved locally. Upload pending: the JSON CLI does not accept multipart files. No direct credential-based upload attempted.","https://whiskyauctioneer.com/whisky-lot/5281279/glenfiddich-gran-cortes-xxii-22-year-old | https://whiskyauctioneer.com/whisky-lot/7044113/glenfiddich-gran-cortes-xxii-22-year-old | https://www.glenfiddich.com/en-my/gran-cortes | https://barrelsandbeyondph.com/products/ls20220714-50 | https://www.thespiritsbusiness.com/2020/11/glenfiddich-adds-22-year-old-whisky-to-grand-series/?edition=asia"
"136","North Star Spirits Glenlossie","ADDED — optional facts left blank","B52656","maltPhenolPpm | releaseYear | releaseMonth | releaseDay | maturation | caskNumber | image","Initial release year/month/day, producer-worded maturation, cask identifier, malt PPM and flavor profile remain unknown. June 2026 Japanese availability is not initial release; 2025 bottling is not a release-date claim. Retailer exclusivity is observation, not edition. Exact clean retailer image saved locally. Upload pending: the JSON CLI does not accept multipart files. No direct credential-based upload attempted.","https://whiskyauctioneer.com/whisky-lot/8211682/glenlossie-high-proof-guarantee-12-year-old | https://whiskyauctioneer.com/whisky-lot/8211686/glenlossie-high-proof-guarantee-12-year-old | https://www.shinanoya-tokyo.jp/view/item/000000022591?category_page_id=all_items | https://www.whiskybase.com/whiskies/whisky/304787/glenlossie-2013-nss"
"138","Gordon & MacPhail Glentauchers - Batch 22/009","ADDED — optional facts left blank","B52660","maltPhenolPpm | releaseYear | releaseMonth | releaseDay | image","Initial release year/month/day, malt PPM and flavor profile remain unknown. Batch 22/009 does not itself prove a 2022 release; December 2021 is bottling. Reject retailer claims of refill maturation or 51.9% that conflict with the exact printed label. No aliases or references from generated long titles. Exact clean retailer image saved locally. Upload pending: the JSON CLI does not accept multipart files. No direct credential-based upload attempted.","https://whiskyauctioneer.com/whisky-lot/7043899/glentauchers-1990-connoisseurs-choice-31-years-old | https://whiskyauctioneer.com/whisky-lot/7043900/glentauchers-1990-connoisseurs-choice-31-years-old | https://www.abbeywhisky.com/products/glentauchers-31-year-old-1990-cask-14520-connoisseurs-choice | https://whiskyhaus.de/produkt/glentauchers-31-jahre-vintage-1990-batch-22-009-first-fill-sherry-puncheon-cask-no-14520-connoisseurs-choice-cask-strength-gordon-macphail-speyside-single-malt-scotch-whisky/"
"139","North Star Spirits Ruadh Mhor - Cask Series 025","ADDED — optional facts left blank","B52665","maltPhenolPpm | releaseYear | releaseMonth | releaseDay | caskNumber | image","Release year/month/day, cask identifier, malt PPM and flavor profile remain unknown. Cask Series 025 is a release descriptor, not caskNumber. Bottle number 232 is not outturn; 290 is explicitly printed total. Retailer errors of 12 years or 260 bottles are not used. No alternate spelling alias or generated reference. Exact clean retailer image saved locally. Upload pending: the JSON CLI does not accept multipart files. No direct credential-based upload attempted.","https://whiskyauctioneer.com/whisky-lot/8211797/glenturret-2013-cask-series-025-11-year-old | https://whiskyauctioneer.com/whisky-lot/8211796/glenturret-2013-cask-series-025-11-year-old | https://www.abbeywhisky.com/products/ruadh-maor-glenturret-11-year-old-2013-north-star-spirits-cs025 | https://www.thewhiskyexchange.com/p/84295/ruadh-maor-glenturret-2013-11-year-old-north-star-series-25 | https://www.whiskybase.com/whiskies/whisky/273471/ruadh-mhor-2013-nss"
"145","Henstone Single Malt Whisky - Southport Whisky Festival Summer 2022 Special Release","ADDED — optional facts left blank","B52449","statedAge | maltPhenolPpm | releaseMonth | releaseDay","No numeric age, precise release date, phenol level, flavor classification or brand-scoped series established. Festival dates and bottling dates are not copied to release month/day. No alias/reference/group edits.","https://assets.whiskyauctioneer.com/2026-08/7043997-001.jpg | https://henstonedistillery.com/products/southport-whisky-festival-summer-2022-special-release"
"146","North Star Spirits Inchgower - Cask Series 008","ADDED — optional facts left blank","B52709","caskStrength | maltPhenolPpm | releaseYear | releaseMonth | releaseDay | caskNumber | image","Cask strength lacks a second exact source. Initial release date, cask number, malt PPM and flavor profile remain unknown. March versus June bottling month conflicts across producer text and printed label; store only 2019, not a month claim. No aliases or references from generated titles. Exact clean image saved locally. Upload pending: the JSON CLI does not accept multipart files. No direct credential-based upload attempted.","https://whiskyauctioneer.com/whisky-lot/7044002/inchgower-2007-cask-series-008-11-year-old | https://whiskyauctioneer.com/whisky-lot/7044000/inchgower-2007-cask-series-008-11-year-old | https://northstarspirits.com/products/archive-inchgower | https://www.thewhiskyexchange.com/p/50440/inchgower-2007-11-year-old-north-star | https://www.nicks.com.au/products/north-star-inchgower-11-year-old-cask-strength-single-malt-scotch-whisky-700ml"
"151","Original source missing — Johnnie Walker Ghost and Rare Port Ellen candidate only","SKIPPED — unresolved identity","B14012 (possible match only)","entire release","All three recovered observation files and the source index were checked. Only TSV ordinal 2336 retains a proposal to set ABV 43.8 on a Ghost and Rare Port Ellen candidate. No original title, source URL or verification receipt survives. The proposed candidate's edition cannot substitute for the lost source. Skip the entire row; no create, patch or confirmed match.",""
"156","John Walker & Sons XR","ADDED — optional facts left blank","B52715","caskStrength | naturalColor | nonChillFiltered | maltPhenolPpm | vintageYear | bottlingYear | releaseMonth | releaseDay | maturation | caskNumber | outturn | image","Cask strength, colour, filtration, malt PPM, vintage, bottling year, precise release month/day, producer-worded maturation, cask number, outturn and flavor profile remain unknown. Listed distillers are a verified subset. No Brora assignment, inferred edition, generated age suffix, alias or reference. Exact clean image saved locally. Upload pending: the JSON CLI does not accept multipart files. No direct credential-based upload attempted.","https://whiskyauctioneer.com/whisky-lot/5281272/johnnie-walker-xr-23-year-old | https://whiskyauctioneer.com/whisky-lot/5281271/johnnie-walker-xr-23-year-old | https://www.tw-tw.com.tw/breaking-news/2021/johnnie-walker-xr23%EF%BC%81/ | https://www.esquire.tw/tab/524/id/37131 | https://www.whiskybase.com/whiskies/whisky/195706/john-walker-sons-xr-23 | https://www.masterofmalt.com/whiskies/johnnie-walker/johnnie-walker-xr-23-year-old-whisky/"
"157","Kanosuke Single Malt Japanese Whisky","ADDED — optional facts left blank","B52450","statedAge | caskStrength | naturalColor | maltPhenolPpm | releaseYear | releaseMonth | releaseDay | outturn","No verified numerical age, release date, outturn, cask-strength claim, natural-colour claim, phenol value, flavor classification, named series or explicit edition. Do not infer cask strength from 58%, zero PPM from unpeated, or release year from bottling year. No alias/reference/group changes.","https://assets.whiskyauctioneer.com/2026-08/5283867-001.jpg | https://whiskyauctioneer.com/learn/explore-whisky/bottles/kanosuke-2018-single-cask-18176"
"158","Kanosuke Single Malt Japanese Whisky - Whisky & Spirits Festival 2026 in Yokohama","ADDED — optional facts left blank","B52451","naturalColor | nonChillFiltered | maltPhenolPpm | releaseDay","No proven natural-colour, non-chill-filtered, phenol or flavor-classification facts. No exact release day; release month supported by planned April distribution and 2026 official release. No aliases/references/groups changed.","https://assets.whiskyauctioneer.com/2026-08/5283805-001.jpg | https://www.scotchclub-shop.org/items/145853049 | https://prtimes.jp/main/html/rd/p/000000296.000119996.html"
"159","Kanosuke 2020 Duty Paid Bottle Mizunara Puncheon","SKIPPED — unresolved identity","","entire release","Both recovered auction lots claim a 2025 bottling and age 5. Both readable physical labels instead state distilled August 2020 and aged 67 months, which cannot end in 2025. Labels agree on Duty Paid Bottle, single malt, unpeated, Mizunara Puncheon, 61% and /100. No actual bottling date is printed. Do not derive 2026, round the stated months into a claimed year age, or select the auction's timeline. No independent exact release source resolved the conflict after English and Japanese searches. All 11 Kanosuke records reviewed; none matches the exact source identity. Hold the release; no Bottle or partial production facts added. Front/back images of both lots remain local evidence.","https://whiskyauctioneer.com/whisky-lot/5280090/kanosuke-2020-duty-paid-bottle-mizunara-puncheon | https://whiskyauctioneer.com/whisky-lot/5283811/kanosuke-2020-duty-paid-bottle-mizunara-puncheon"
"167","King of Scots Deluxe Old Scotch Whisky","ADDED — optional facts left blank","B52716","distillers | caskStrength | naturalColor | nonChillFiltered | maltPhenolPpm | vintageYear | bottlingYear | releaseYear | releaseMonth | releaseDay | caskNumber | outturn | image","Individual distillers, cask strength, colour, filtration, malt PPM, vintage, bottling and release dates, cask identifier, outturn and flavor profile remain unknown. Do not turn estimated 1980s packaging into a date. Modern 40% producer-page technical claims do not apply. Exact retailer packshot not located; retain the clean auction front. No aliases or references. Exact clean image saved locally. Upload pending: the JSON CLI does not accept multipart files. No direct credential-based upload attempted.","https://whiskyauctioneer.com/whisky-lot/8212914/king-scots-20-year-old-scotch-whisky | https://whiskyauctioneer.com/whisky-lot/8212913/king-scots-20-year-old-scotch-whisky | https://www.whiskybase.com/whiskies/whisky/86743/king-of-scots-20-year-old"
"168","Lagavulin Natural Cask Strength - Fèis Ìle 2011","EXISTING — identity matched; no changes","B52085","statedAge | noAgeStatement | naturalColor | nonChillFiltered | maltPhenolPpm | releaseMonth | releaseDay | maturation | outturn | description | flavorProfile","Both recovered lots and the existing production image identify the same release: Lagavulin 1998, Fèis Ìle 2011, natural cask strength 51%, single cask 1715, bottled 2011. All 118 Lagavulin records individually reviewed. The 2012 cask 1716 release is distinct. Match B52085 without any production change. Existing stored image was downloaded and visually verified against exact source labels. Identity match, not a broad edit of the existing Bottle. Outturn 588 is corroborated by the contemporary Whisky Magazine report and Rare Whisky 101; stored outturn is null and remains an explicit enrichment gap. Existing image prints 'FROM ONE Refill Butt'; stored maturation is null. No age is printed, so a derived 13-year age is not promoted. Precise release date, colour, filtration and PPM remain unverified. No alternate marketed alias or extra ingestion reference is established.","https://whiskyauctioneer.com/whisky-lot/5283937/lagavulin-1998-natural-cask-strength | https://whiskyauctioneer.com/whisky-lot/5283940/lagavulin-1998-natural-cask-strength | https://whiskymag.com/articles/feis-ile-2011/ | https://www.rarewhisky101.com/indices/distillery-specific-indices/lagavulin-index"
"171","Original source missing — Laphroaig ten-year candidate only","SKIPPED — unresolved identity","B1 (possible match only)","entire release","All three recovered observation files and the source index were checked. Only TSV ordinal 2336 retains a proposal to set ABV 43 on B1 Laphroaig ten-year. No source title, URL, edition or distinguishing release facts survive. Do not choose a historical or current strength variant from this old patch. Skip the entire row; no create, patch or confirmed match.",""
"173","Lindores Abbey Aqua Vitae Batch No. 001","SKIPPED — not whisky","","entire release","Producer identifies Aqua Vitae as a botanical spirit: distilled spirit infused with herbs, spices and fruit. It is outside this whisky-only backfill. Do not create a whisky Bottle or infer whisky facts from the distillery name.","https://whiskyauctioneer.com/product/1206638/variation/5290841 | https://lindoresabbeydistillery.com/aqua-vitae/ | https://lindoresabbeydistillery.com/aqua-vitae-recipes/"
"177","Original source missing — Longrow Red fifteen-year candidate only","SKIPPED — unresolved identity","B1510 (possible match only)","entire release","All three recovered observation files and the source index were checked. Only TSV ordinal 2336 retains a Longrow Red fifteen-year candidate with proposed ABV 51.4. No original title, lot URL, vintage or cask evidence survives. A candidate plus proposed strength does not verify the original release. Skip the entire row; no create, patch or confirmed match.",""
"178","Original source missing — Macallan ten-year candidate only","SKIPPED — unresolved identity","B1105 (possible match only)","entire release","All three recovered observation files and the source index were checked. TSV ordinal 2336 proposes ABV 57 for a Macallan ten-year candidate; ordinal 2350 warns that several auction rows had conflicting proposed strengths for this same target. Original source identity is absent. Do not override a generic record from a disputed old proposal. Skip the entire row; no create, patch or confirmed match.",""
"204","Orphan Barrel Old Blowhard","ADDED — optional facts left blank","B52438","singleCask | caskStrength | naturalColor | nonChillFiltered | maltPhenolPpm | vintageYear | bottlingYear | releaseMonth | releaseDay | caskNumber | outturn","No exact distillation or bottling year, outturn, cask identifier, filtration, colour or phenol claim established. No aliases, references, series, merges or grouping changes proposed.","https://assets.whiskyauctioneer.com/2026-08/8213280-001.jpg | https://www.prnewswire.com/news-releases/diageo-launches-orphan-barrel-whiskey-distilling-company-to-share-rare-spirits-244898471.html | https://whiskeyreviewer.com/2014/05/qa-with-ewan-morgan-master-of-whisky_051614/ | https://distiller.com/spirits/old-blowhard-26-year-bourbon"
"207","Original source missing — Russell's Reserve ten-year candidate only","SKIPPED — unresolved identity","B16102 (possible match only)","entire release","All three recovered observation files and the source index were checked. Only TSV ordinal 2336 retains a Russell's Reserve ten-year candidate with proposed ABV 45. No original title, lot URL or source evidence remains. Candidate fields are not proof of an exact auction match. Skip the entire row; no create, patch or confirmed match.",""
"213","Original source missing — Springbank twenty-five-year candidate only","SKIPPED — unresolved identity","B469 (possible match only)","entire release","All three recovered observation files and the source index were checked. TSV ordinal 2336 proposes ABV 42.9 for B469 Springbank twenty-five-year, and ordinal 2350 warns of conflicting ABV proposals for the same target. The original title, edition, lot and source facts are absent. Do not choose an annual release or patch the existing bottle from this clue. Skip the entire row; no create, patch or confirmed match.",""
"214","Stagg — recovered batch 25 claim, suffix missing","SKIPPED — unresolved identity","","entire release","Historical evidence only retains a batch 25 conflict and candidate B13404 (13th Edition), without the original title, ABV, full suffix or source URL. Current raw snapshot contains separate 25B, 25C and 25D releases. These are incompatible exact identities; none can be assigned to audit 214 from the year-like number alone. Listed URLs are review leads, not proven original-row links. Skip the row and do not add a generic Batch 25 or edit the 13th Edition candidate. No production Bottle write.","https://whiskyauctioneer.com/whisky-lot/7044206/stagg-barrel-proof-bourbon-batch-25b | https://whiskyauctioneer.com/whisky-lot/8213586/stagg-barrel-proof-bourbon-batch-25c | https://whiskyauctioneer.com/whisky-lot/7044085/stagg-barrel-proof-bourbon-batch-25d"
"235","Aberlour Millennium - Contract No. 079/345","ADDED EARLIER — create and image verified","B52379","","Legacy import record. The create receipt and later image write agree on the Bottle ID and name.","https://whiskyauctioneer.com/whisky-lot/7043817/aberlour-1989-millennium-contract-no-079345"
"249","SMWS 33.66","ADDED EARLIER — create and image verified","B52380","","Legacy import record. The create receipt and later image write agree on the Bottle ID and name.","https://whiskyauctioneer.com/whisky-lot/5283717/ardbeg-1998-smws-9-year-old-3366"
"251","Original source missing — Ardbeg ten-year at proposed 40% candidate only","SKIPPED — unresolved identity","B398 (possible match only)","entire release","All three recovered observation files and the source index were checked. TSV ordinal 2336 proposes ABV 40 for B398 Ardbeg ten-year; ordinal 2350 warns of conflicting source strengths assigned to that target. No original source title or lot survives. This conflicts with other old 46% proposals and cannot identify a verified release. Skip the entire row; no create, patch or confirmed match.",""
"254","Original source missing — Ardbeg ten-year at proposed 46% candidate only","SKIPPED — unresolved identity","B398 (possible match only)","entire release","All three recovered observation files and the source index were checked. TSV ordinal 2336 proposes ABV 46 for B398 Ardbeg ten-year; ordinal 2350 warns of conflicting source strengths assigned to that target. No original title, lot URL or distinguishing evidence remains. Do not equate this row with other Ardbeg rows or replay the patch. Skip the entire row; no create, patch or confirmed match.",""
"255","TBWC Ardbeg - Batch 19","ADDED EARLIER — create and image verified","B52381","","Legacy import record. The create receipt and later image write agree on the Bottle ID and name.","https://whiskyauctioneer.com/whisky-lot/5283945/ardbeg-boutique-y-whisky-company-27-year-old-batch-19"
"257","TBWC Ardbeg - Batch 2","ADDED EARLIER — create and image verified","B52382","","Legacy import record. The create receipt and later image write agree on the Bottle ID and name.","https://whiskyauctioneer.com/whisky-lot/8213637/ardbeg-boutique-y-whisky-company-batch-2"
"258","TBWC Ardbeg - Batch 3","ADDED EARLIER — create and image verified","B52383","","Legacy import record. The create receipt and later image write agree on the Bottle ID and name.","https://whiskyauctioneer.com/whisky-lot/8213638/ardbeg-boutique-y-whisky-company-batch-3"
"259","TBWC Ardbeg - Batch 4","ADDED EARLIER — create and image verified","B52384","","Legacy import record. The create receipt and later image write agree on the Bottle ID and name.","https://whiskyauctioneer.com/whisky-lot/8213652/ardbeg-boutique-y-whisky-company-batch-4"
"262","Bramble Whisky Co Ardmore - Batch #4","ADDED EARLIER — create and image verified","B52385","","Legacy import record. The create receipt and later image write agree on the Bottle ID and name.","https://whiskyauctioneer.com/whisky-lot/5283489/ardmore-2008-bramble-whisky-co"
"275","SMWS 121.21 Extremely Agreeable","EXISTING — receipt reconciled; image added","B52350","series | edition | naturalColor | nonChillFiltered | maltPhenolPpm | releaseYear | releaseMonth | releaseDay | outturn | flavorProfile","The exact original SMWS tasting card explicitly names the distillery at Lochranza. E1146 is correct; E112 identifies the Arran brand. Existing B52350 already has E1146 and needs no fact edit. Society code 121.21, subtitle, age, dates, strength and cask notes match the original label. Outturn, natural colour, chill filtration, malt PPM and release date stay unknown. Bottling date is not release date. No series, edition or flavor category inferred.","https://whiskyauctioneer.com/whisky-lot/5283715/arran-1998-smws-9-year-old-12121 | https://assets.whiskyauctioneer.com/2026-08/5283715-001.jpg"
"278","Original source missing — Arran 2011 Private Cask proposal only","SKIPPED — unresolved identity","B1619 (possible match only)","entire release","All three recovered observation files and the source index checked. Only ordinal 2336 survives: B1619 Arran 2011 Private Cask and a proposed 55.3% ABV patch. No original auction title, URL or cask identifier survives. Candidate facts do not prove the source release. Skip the entire row; no create, patch or confirmed match.",""
"279","Original source missing — conflicting Arran twenty-one-year proposal","SKIPPED — unresolved identity","B622 (possible match only)","entire release","All recovered observations and the source index checked. Ordinal 2336 proposes 52.5% ABV for B622 Arran twenty-one-year. Ordinal 2350 warns that several auction rows mapped to it with conflicting ABV proposals. No original title, lot URL or source identity survives. Do not choose a release from candidate facts or replay the patch. Entire row skipped; no production changes.",""
"283","Arran Harmony Edition - Volume 9","ADDED — optional facts left blank","B52731","caskStrength | naturalColor | nonChillFiltered | maltPhenolPpm | vintageYear | bottlingYear | releaseMonth | releaseDay | caskNumber | image","Cask strength has only one weak retailer claim and is not established by the label or producer. Colour, filtration, malt PPM, vintage, bottling year, initial release month/day, cask identifier and flavor profile remain unknown. No generated age suffix, alias or extra reference. Harmony Edition series S507 was created and independently re-fetched; its name, brand and description match the reviewed request. Exact clean image saved locally. Upload pending: the JSON CLI does not accept multipart files. No direct credential-based upload attempted.","https://whiskyauctioneer.com/whisky-lot/5280910/arran-arran-harmony-edition-8-year-old-volume-9 | https://www.arranwhisky.com/shop-whiskies/arran-limited-editions/223-arran-single-malt-harmony-edition-vol-9 | https://www.westerwoodwhisky.com/products/arran-harmony-edition-vol-9-malt-music-festival-2026"
"285","Arran White Stag First Release","ADDED EARLIER — create and image verified","B52386","","Legacy import record. The create receipt and later image write agree on the Bottle ID and name.","https://whiskyauctioneer.com/whisky-lot/7043726/arran-white-stag-first-release"
"305","Original source missing — Ballantine's twelve-year proposal only","SKIPPED — unresolved identity","B16057 (possible match only)","entire release","All recovered observations and the source index checked. Only ordinal 2336 retains B16057 Ballantine's twelve-year and a proposed 43% ABV patch. No original auction title, source URL or exact release facts survive. A candidate name and an unverified proposal do not prove the original release. Entire row skipped; no patch, create or confirmed match.",""
"306","Original source missing — conflicting Ballantine's Finest proposal","SKIPPED — unresolved identity","B16056 (possible match only)","entire release","All recovered observations and the source index checked. Ordinal 2336 proposes 43% ABV for B16056 Ballantine's Finest; ordinal 2350 warns of conflicting ABV proposals from several auction rows. No original title or lot URL survives to resolve those variants. Entire row skipped; no production edits and no confirmed match.",""
"321","Bell's Original Scotch Whisky / Help for Heros","EXISTING — identity matched; no changes","B47238","bottler | noAgeStatement | naturalColor | nonChillFiltered | maltPhenolPpm | vintageYear | bottlingYear | releaseYear | releaseMonth | releaseDay | maturation | outturn | flavorProfile","The source label is Bell's Original blended Scotch at 40%. Help for Heroes is a charity label campaign, not different whisky. All 18 Bell's search results reviewed. Existing B47238 Original and its stored image identify the standard 40% product. Bottle volume and campaign packaging do not create another Bottle. No production edit. Identity match only. Existing NAS and bottler are null; source label names Arthur Bell & Sons and has no age statement. Other technical enrichment remains unverified. The campaign's 2012 launch and four-million-bottle packaging run do not become the standard Original release date or outturn. No typo alias, campaign edition or extra reference. Existing image is verified; no replacement needed.","https://whiskyauctioneer.com/whisky-lot/5280829/bells-original-scotch-whisky-help-heros | https://www.morningadvertiser.co.uk/Article/2012/11/01/Bell-s-launches-Help-for-Heroes-bottle/ | https://www.conveniencestore.co.uk/products/bells-launches-help-for-heroes-bottle/234002.article"
"322","Original source missing — Ben Nevis 1991 proposal only","SKIPPED — unresolved identity","B766 (possible match only)","entire release","All recovered observations and the source index checked. Only ordinal 2336 retains B766 Ben Nevis 1991, candidate age 25 and a proposed 61.3% ABV patch. No original title, lot URL, bottler or cask evidence survives. These are old target facts, not verified source facts. Entire row skipped; no patch, create or confirmed match.",""
"328","Original source missing — Ben Nevis twenty-one-year proposal only","SKIPPED — unresolved identity","B547 (possible match only)","entire release","All recovered observations and the source index checked. Ordinal 2336 is the only evidence: B547 Ben Nevis twenty-one-year with a proposed 47.5% ABV patch. No original source title, URL, vintage or cask facts survive. Do not infer an exact bottling from the old target. Entire row skipped; no production writes or confirmed match.",""
"343","Original source missing — Benromach Organic proposal only","SKIPPED — unresolved identity","B1173 (possible match only)","entire release","All recovered observations and the source index checked. Only ordinal 2336 survives: B1173 Benromach Organic and a proposed 43% ABV patch. No source title, lot URL or vintage survives. The candidate expression cannot establish which marketed release was auctioned. Entire row skipped; no production writes or confirmed match.",""
"372","Original source missing — Blue Spot seven-year proposal only","SKIPPED — unresolved identity","B13144 (possible match only)","entire release","All recovered observations and the source index checked. Only ordinal 2336 retains B13144 Blue Spot seven-year and a proposed 58.9% ABV patch. No original title, lot URL or release evidence survives. Do not turn an old strength proposal into a verified batch identity. Entire row skipped; no patch, create or confirmed match.",""
"374","Original source missing — Bowmore twelve-year proposal only","SKIPPED — unresolved identity","B771 (possible match only)","entire release","All recovered observations and the source index checked. Only ordinal 2336 retains B771 Bowmore twelve-year with a proposed 43% ABV patch. No original source title, URL or distinguishing release facts survive. The proposal cannot identify a current or historical variant. Entire row skipped; no production writes or confirmed match.",""
"390","Unresolved source row — old SMWS 98.8 claim","SKIPPED — unresolved identity","","entire release","Recovered audit says SMWS 98.8 vs missing but names Bowmore 1964 Bicentenary B1249 as its candidate. The current source snapshot and independent Bowmore archive identify a Bicentenary release at 98.8 degrees proof / 56.2% ABV, so the old SMWS-code claim is likely a numeric parser error. No source for a Society release 98.8 was located. The original audit-row title and lot link are still missing, so the suspected Bowmore mapping is not promoted to a verified match. Do not create SMWS 98.8, assign a vintage, or patch B1249 from this evidence. Preserve the possible Bowmore source as a lead and skip the row pending exact source recovery. No production Bottle write.","https://whiskyauctioneer.com/whisky-lot/5272551c/bowmore-bicentenary-988deg-proof | https://www.whiskyfun.com/Bowmore.html"
"392","Bowmore Sailing Seagull - Private Club Bottling No. 12","ADDED EARLIER — create and image verified","B52387","","Legacy import record. The create receipt and later image write agree on the Bottle ID and name.","https://whiskyauctioneer.com/whisky-lot/8213651/bowmore-sailing-seagull"
"396","Braeval 26-year-old","ADDED EARLIER — create and image verified","B52388","","Legacy import record. The create receipt and later image write agree on the Bottle ID and name.","https://whiskyauctioneer.com/whisky-lot/7044132/braeval-26-year-old"
"415","Original source missing — Buchanan's Deluxe twelve-year proposal only","SKIPPED — unresolved identity","B14446 (possible match only)","entire release","All recovered observations and the source index checked. Only ordinal 2336 retains B14446 Buchanan's Deluxe twelve-year and a proposed 40% ABV patch. No original title, lot URL or verified source join survives. A plausible general expression is not a confirmed source match. Entire row skipped; no patch, create or confirmed match.",""
"416","Precious Liquors Far far away - Moe Nakamura","ADDED EARLIER — create and image verified","B52389","","Legacy import record. The create receipt and later image write agree on the Bottle ID and name.","https://whiskyauctioneer.com/whisky-lot/5281183/bunnahabhain-1981-moe-nakamura-41-year-old-far-far-away"
"421","Putachieside Liqueur Whisky","ADDED — optional facts left blank","B52464","distillers | singleCask | caskStrength | naturalColor | nonChillFiltered | maltPhenolPpm | vintageYear | bottlingYear | releaseYear | releaseMonth | releaseDay | maturation | caskNumber | outturn","Component distillers, vintage, bottling and release dates, maturation, cask number, outturn, single-cask status, cask strength, colour, filtration and PPM remain unknown. Do not copy a 1970s date from a similar 75cl retailer bottle, or use 1842 establishment as a release date. Recovered cask_type contained page-footer contamination and was discarded. No flavor, series or edition inferred.","https://assets.whiskyauctioneer.com/2026-08/5280804-001.jpg | https://scotchwhisky.com/whiskypedia/2484/putachieside/ | https://www.just-whisky.co.uk/product/putachieside-12-years-old-cadenheads-1364227"
"424","Intertrade Caol Ila - Special Selection","ADDED — optional facts left blank","B52732","singleCask | naturalColor | nonChillFiltered | maltPhenolPpm | releaseYear | releaseMonth | releaseDay | maturation | caskNumber | image","Single-cask, colour and filtration flags lack corroboration. Auction sherry-cask classification is not producer-worded maturation, so maturation stays null. Malt PPM, release date, cask number and flavor profile remain unknown. Keep the printed Special Selection descriptor in edition, not technical facts in name. No aliases or extra ingestion references. Exact clean image saved locally. Upload pending: the JSON CLI does not accept multipart files. No direct credential-based upload attempted.","https://whiskyauctioneer.com/whisky-lot/5279513/caol-ila-1966-special-selection-19-year-old | https://www.whiskybase.com/whiskies/whisky/65019/caol-ila-1966-it | https://www.whiskyparadise.com/looking_find.asp?Submit=Search&offset=0&ricerca=caol+ila"
"425","Gordon & MacPhail Caol Ila","ADDED — optional facts left blank","B52733","statedAge | singleCask | caskStrength | naturalColor | nonChillFiltered | maltPhenolPpm | releaseYear | releaseMonth | releaseDay | maturation | caskNumber | outturn | image","Stated age remains null; do not calculate 15 from year fields. Single-cask, cask strength, colour, filtration, malt PPM, release date, producer-worded maturation, cask number, outturn and flavor profile remain unknown. Celtic Label is observation text only, not an edition, alias or extra reference. Exact clean image saved locally. Upload pending: the JSON CLI does not accept multipart files. No direct credential-based upload attempted.","https://whiskyauctioneer.com/whisky-lot/8209023b/caol-ila-1969-celtic-label | https://www.ogwhisky.com/en/shop/caol-ila-1969-celtic-label-241 | https://whiskyauctioneer.com/learn/explore-whisky/series/gordon-macphail-celtic-labels"
"426","The Old Malt Cask Caol Ila","ADDED — optional facts left blank","B52753","caskStrength | maltPhenolPpm | releaseYear | releaseMonth | releaseDay | maturation | caskNumber | image","Cask strength remains null: printed preferred strength 50% and today's brand policy do not prove historical dilution. Malt PPM, release date, producer-worded maturation, cask number and flavor profile remain unknown. No separate series, invented edition, alias or extra reference. Brand ID resolved before execution. Exact clean image saved locally. Upload pending: the JSON CLI does not accept multipart files. No direct credential-based upload attempted.","https://whiskyauctioneer.com/whisky-lot/8212898/caol-ila-1975-old-malt-cask-24-year-old | https://hunterlaing.com/about/story/ | https://www.spiritradar.com/whisky-db/caol-ila-1975-dl-the-old-malt-cask-24yo-50-percent-700ml/ | https://www.whiskybase.com/whiskies/whisky/6092/caol-ila-1975-dl"
"427","Signatory Vintage Caol Ila","ADDED — optional facts left blank","B52735","nonChillFiltered | maltPhenolPpm | releaseYear | releaseMonth | releaseDay | image","Chill filtration, malt PPM, initial release date and flavor profile remain unknown. Oak cask is copied from the label; no prior contents or finish inferred. No generated age or vintage suffix, packaging edition, alias or extra reference. Retail title's cask 46 is a transcription error, not matching authority. Exact clean image saved locally. Upload pending: the JSON CLI does not accept multipart files. No direct credential-based upload attempted.","https://whiskyauctioneer.com/whisky-lot/8213558/caol-ila-1981-signatory-vintage-23-year-old | https://www.whiskybase.com/whiskies/whisky/64209/caol-ila-1981-sv | https://www.myoldcantinetta.com/en/products/caol-ila-1981-23-year-cask-46-signatory-70cl-564/"
"428","First Cask Caol Ila","ADDED — optional facts left blank","B52736","caskStrength | naturalColor | nonChillFiltered | maltPhenolPpm | bottlingYear | releaseYear | releaseMonth | releaseDay | maturation | outturn | image","Cask strength, colour, filtration, malt PPM, bottling year, initial release date, producer-worded maturation, outturn and flavor profile remain unknown. Loose leaflet announces a First Cask Islay 1983 shipment for early March with a 5 February 2003 response deadline, but does not print cask 63; preserve as evidence, not a verified exact-cask release date. Do not derive 2003 bottling from age. Do not use bottle 159 as outturn. No new series, packaging edition, alias or extra reference. Existing brand's generic history was not used as source evidence or edited. Exact clean image saved locally. Upload pending: the JSON CLI does not accept multipart files. No direct credential-based upload attempted.","https://whiskyauctioneer.com/whisky-lot/5281109/caol-ila-1983-first-cask-20-year-old | https://www.whiskyshop.com/auctions/a83686-caol-ila-1983-20-year-old-single-cask-63-direct-wine-first-cask | https://www.whiskybase.com/whiskies/whisky/215585/caol-ila-1983-fc | https://www.htfw.com/brands/caol_ila?price=amshopby_slider_from-amshopby_slider_to&vintage=717%2C692%2C753%2C718"
"430","Moon Import Caol Ila","ADDED — optional facts left blank","B52743","statedAge | singleCask | caskStrength | naturalColor | nonChillFiltered | maltPhenolPpm | releaseYear | releaseMonth | releaseDay | caskNumber | outturn | image","Cask count/identifier, cask strength, colour, filtration, malt PPM, release date and flavor profile remain unknown. Bonhams-derived 2015/2018 listings report 720 bottles, but the total is unreadable on this photograph and independent corroboration was not obtained; outturn remains null. Do not infer 12 years from 1984/1996 or use individual bottle 277 as a cask. No edition, alias or extra reference. Exact clean image saved locally. Upload pending: the JSON CLI does not accept multipart files. No direct credential-based upload attempted.","https://whiskyauctioneer.com/whisky-lot/8213291/caol-ila-1984-dovr-toutes-mares | https://www.whiskybase.com/whiskies/whisky/8688/caol-ila-1984-mi?language=nl | https://www.whiskynotes.be/2023/springbank/springbank-1985-moon-import/ | https://www.whiskyfun.com/2026/Caol-Ila-in-Utter-Chaos-Part-2-4.html"
"431","Caol Ila 1984 Scott's Selection","SKIPPED — unresolved identity","B18072 (possible match only)","entire release","Do not create or patch: B18072 already names Scott's Selection Caol Ila 1984, but has no ABV, bottling year, cask, image, barcode or exact reference to resolve its release. Fresh GET and both references checked. The source bottle is 53.5%; independent archives identify 1984/2006 at 53.5% and 1984/2007 at 54.1%. The generic existing record could be either. All 14 Scott's Selection bottles and complete Caol Ila inventories reviewed. No production mutation. Exact front/back photos and field observations retained locally; do not promote a possible match to a verified one.","https://whiskyauctioneer.com/whisky-lot/7043644/caol-ila-1984-scotts-selection | https://www.whiskyfun.com/Caol-Ila.html | https://www.scotchwhiskyauctions.com/auctions/111-the-73rd-auction/146606-caol-ila-1984-scotts-selection-75cl/"
"432","Murray McDavid Caol Ila","ADDED — optional facts left blank","B52744","statedAge | maltPhenolPpm | releaseMonth | releaseDay | outturn | image","Age, outturn, malt PPM, release month/day and flavor profile remain unknown. Keep statedAge null and NAS true: informal 12-year calculations are not a printed age. Preserve the 2006 archive discrepancy in this note; the first-person festival account published in 2011 and the specialist archive support 2005. Festival context stays in description/date rather than inventing a printed edition. No aliases or extra references. Do not infer that maturation occurred entirely in the small serving bloodtub. Exact clean image saved locally. Upload pending: the JSON CLI does not accept multipart files. No direct credential-based upload attempted.","https://whiskyauctioneer.com/whisky-lot/7043617/caol-ila-1993-bloodtub-valinch | https://www.whiskybase.com/whiskies/whisky/9384/caol-ila-1993-mm | https://www.homeofmalts.com/en/10618/caol-ila-1993-sherry-bloodtub-valinch-m.-mcdavid-55.1-vol.-0.5l | https://thehomersodyssey.wordpress.com/tag/feis-ile/page/2/"
"433","Dun Bheagan Caol Ila","ADDED — optional facts left blank","B52745","caskStrength | naturalColor | maltPhenolPpm | releaseYear | releaseMonth | releaseDay | image","Cask strength, colour, malt PPM, initial release date and flavor profile remain unknown. The superficially similar 1993/2004 retailer listing has different casks 3345/3347 and 1,236 bottles; do not copy its colour claims or image. No new series, edition, alias or extra reference. Exact clean image saved locally. Upload pending: the JSON CLI does not accept multipart files. No direct credential-based upload attempted.","https://whiskyauctioneer.com/whisky-lot/8213024/caol-ila-1993-dun-bheagan-11-year-old | https://www.whiskybase.com/whiskies/whisky/127878/caol-ila-1993-im | https://www.spiritradar.com/whisky-db/caol-ila-1993-im-dun-bheagan-hogshead-6793-6794-43-percent-700ml/"
"434","Caol Ila Special Festival Edition - Fèis Ìle 2012","EXISTING — identity matched; no changes","B17070","distillers | bottler | statedAge | noAgeStatement | releaseMonth | releaseDay | naturalColor | nonChillFiltered | maltPhenolPpm | flavorProfile | description | references","Exact label matches B17070: single sherry butt 300897, vintage 2001, bottled 2012, 60.4%, 618 bottles. Stored retailer image matches. No production changes. Current description incorrectly says 12 years. Contemporary producer announcement explicitly states 11 years and on sale 28 May 2012; factual replacement saved, not applied. Distiller/bottler links and age/NAS flag remain pending authenticated preflight. Colour, filtration and PPM unknown. Current profile unverified. Names preserved, aliases empty, protected references unresolved. Retailer's conflicting Single Cask No and placeholder dates rejected.","https://whiskyauctioneer.com/whisky-lot/5283563/caol-ila-2001-special-festival-edition-0 | https://www.whisky-news.com/En/news17.html | https://whiskyforeveryone.blogspot.com/2012/05/inbox-may-25-2012.html | https://www.masterofmalt.com/whiskies/caol-ila/caol-ila-feis-ile-2012-whisky/"
"435","Cadenhead's Caol Ila","ADDED — optional facts left blank","B52747","maltPhenolPpm | releaseMonth | releaseDay | caskNumber | outturn | image","Cask number, exact bottle count, malt PPM, release month/day and flavor profile remain unknown. Do not infer an outturn from one hogshead. No edition, alias or extra reference. Exact clean image saved locally. Upload pending: the JSON CLI does not accept multipart files. No direct credential-based upload attempted.","https://whiskyauctioneer.com/whisky-lot/5280943/caol-ila-2006-cadenheads-warehouse-tasting-16-year-old | https://www.whiskybase.com/whiskies/whisky/212248/caol-ila-2006-ca | https://www.whiskyshop.com/auctions/a53832-caol-ila-2006-16-year-old-cadenhead-s-warehouse-tasting | https://whiskylovingpianist.wordpress.com/2022/09/28/campbeltown-malts-festival-2022-cadenheads-warehouse-tasting/"
"436","La Maison du Whisky Caol Ila - #1.5","ADDED — optional facts left blank","B52748","caskStrength | maltPhenolPpm | releaseMonth | releaseDay | caskNumber | image","Cask-strength status, cask identifiers, malt PPM, release month/day and flavor profile remain unknown. The bottle code and barcode are package observations, not edition or cask facts. No alias or extra reference. Exact clean image saved locally. Upload pending: the JSON CLI does not accept multipart files. No direct credential-based upload attempted.","https://whiskyauctioneer.com/whisky-lot/8213916/caol-ila-2010-artist-collective-6-year-old-15 | https://www.whisky.fr/menu/embouteillages/creations/artist-collective | https://www.whiskybase.com/whiskies/whisky/101651/caol-ila-2010-lmdw | https://www.thewhiskyexchange.com/p/41566/caol-ila-2010-6-year-old-artist-collective-lmdw"
"437","Caol Ila 2014 The Art Collection 11 Year Old","SKIPPED — unresolved identity","E366656 (created dependency; not used)","entire release","The create receipt matched the reviewed null description. A fresh GET then showed an automatically generated description while descriptionSrc remained null. The public production CLI exposes no entity update route to clear or provenance-tag that content. Identity fields and website are correct, but this dependency cannot pass the catalog verification gate and is not used for a Bottle.","https://whiskyauctioneer.com/whisky-lot/8213141/caol-ila-2014-art-collection-11-year-old | https://www.theartcollectionwhisky.it/dripping-art/ | https://www.theartcollectionwhisky.it/ | https://www.whiskybase.com/whiskies/whisky/289499/caol-ila-2014-ud"
"438","Caol Ila Special Festival Edition - Fèis Ìle 2019","EXISTING — identity matched; no changes","B2388","distillers | noAgeStatement | releaseMonth | releaseDay | naturalColor | nonChillFiltered | maltPhenolPpm | vintageYear | caskNumber | flavorProfile | description | image | references","Exact label matches B2388: age 22, bottled 2019, natural cask strength 58.4%, sherry-treated American oak casks, 3000 bottles. No production changes. Missing distiller link, NAS=false and 27 May 2019 release date saved locally. No vintage inferred from age. Colour, filtration, PPM and cask number unknown. Current profile and generated tasting claims unverified; factual description saved. Stored image identity matches; rough bag edges flagged for quality review, no replacement. Names preserved, aliases empty, protected references unresolved.","https://whiskyauctioneer.com/whisky-lot/5271940/caol-ila-22-year-old-special-festival-edition | https://distiller.com/articles/new-booze-news-may-2019 | https://www.just-whisky.co.uk/product/caol-ila-22-years-old-feis-ile-2019-1400776"
"439","Caol Ila Cask Strength Johnnie Walker Mentoring","SKIPPED — unresolved identity","B1120 (possible match only)","entire release","Do not create or patch. The exact label proves a Caol Ila no-age-statement Cask Strength bottling at 55% for Johnnie Walker Mentoring, but it does not prove different whisky from the standard 55% cask-strength line. B1120 is the existing generic Caol Ila Natural Cask Strength record with all dates and ABV missing; its sole reference is canonical and cannot resolve the mentoring label. B5063 is explicitly distillery-only and less likely. Secondary sources call the mentoring bottle an exclusive or rebottling, which does not prove a separate marketed release under the package-variant rule. Keep the clean exact images and source facts, but do not add or edit production data until same-release or distinct-release evidence appears.","https://whiskyauctioneer.com/whisky-lot/5283480/caol-ila-cask-strength-johnnie-walker-mentoring | https://www.whiskybase.com/whiskies/whisky/81208/caol-ila-cask-strength | https://www.thewhiskyvault.com/caol-ila-cask-strength-johnnie-walker-mentoring-bottling-14340-p.asp | https://www.rarewhisky101.com/indices/distillery-specific-indices/caol-ila-index"
"442","Signatory Vintage Caperdonich","ADDED EARLIER — create and image verified","B52390","","Legacy import record. The create receipt and later image write agree on the Bottle ID and name.","https://whiskyauctioneer.com/whisky-lot/8213761/caperdonich-1992-cask-strength-collection-20-year-old"
"443","Jack Wiebers Whisky World Caperdonich","ADDED EARLIER — create and image verified","B52391","","Legacy import record. The create receipt and later image write agree on the Bottle ID and name.","https://whiskyauctioneer.com/whisky-lot/8213769/caperdonich-1992-old-train-line-20-year-old"
"447","Jack Wiebers Whisky World Caperdonich - Whiskyschiff Zürich 2015","ADDED EARLIER — create and image verified","B52392","","Legacy import record. The create receipt and later image write agree on the Bottle ID and name.","https://whiskyauctioneer.com/whisky-lot/8213771/caperdonich-1994-great-ocean-liners-21-year-old"
"458","Original source missing — Cardhu fifteen-year proposal only","SKIPPED — unresolved identity","B4604 (possible match only)","entire release","All recovered observations and the source index checked. Only ordinal 2336 retains B4604 Cardhu fifteen-year Speyside and a proposed 40% ABV patch. No original title, URL or source identity survives. Candidate fields do not verify the lost source. Entire row skipped; no production writes or confirmed match.",""
"459","Original source missing — Cardhu candidate with ambiguous 11.12 code","SKIPPED — unresolved identity","B3723 (possible match only)","entire release","All recovered observations and the source index checked. Ordinal 2431 retains an unresolved B3723 Cardhu Special Cask Reserve candidate and the old warning 'SMWS 11.12 vs missing', but no original title or lot URL. Research found both Cardhu Batch Cs/cR.11.12 at 40% and Tomatin SMWS 11.12, age 20, vintage 1977, 56.9%. The code alone is not a safe source join; the SMWS label may be an old parsing error. Linked pages are comparison leads only, not proof of the original row. The CLI search also timed out before returning results. Entire row skipped; do not add or patch either identity.","https://whiskyauctioneer.com/whisky-lot/8208486a/cardhu-special-cask-reserve-batch-cscr1112 | https://www.whiskybase.com/whiskies/whisky/30603/cardhu-special-cask-reserve | https://www.whiskybase.com/whiskies/whisky/113393/tomatin-1977-smws-1112"
"462","Original source missing — Chichibu Chibidaru proposal only","SKIPPED — unresolved identity","B4011 (possible match only)","entire release","All three recovered observation files and the source index checked. Ordinal 2336 retains B4011 Ichiro's Malt Chibidaru, candidate vintage 2010 and a proposed 59.4% ABV patch. No original auction title, lot URL or verified source join survives. Skip the entire row; do not replay the proposal or declare a confirmed match. No production write.",""
"465","Chichibu Intergalactic - Edition 4","ADDED EARLIER — create and image verified","B52393","","Legacy import record. The create receipt and later image write agree on the Bottle ID and name.","https://whiskyauctioneer.com/whisky-lot/8207154a/chichibu-2012-intergalactic-series-edition-4"
"472","Chichibu Intergalactic - Edition 5","ADDED — optional facts left blank","B52750","statedAge | maltPhenolPpm | releaseMonth | releaseDay | image","Stated age, malt PPM, release month/day and flavor profile remain unknown. The release is positively no-age-statement; no age is inferred from the 2015 and 2021 years. No alias or extra reference. Exact clean image saved locally. Upload pending: the JSON CLI does not accept multipart files. No direct credential-based upload attempted.","https://whiskyauctioneer.com/whisky-lot/8207156a/chichibu-2015-intergalactic-series-edition-5 | https://www.whiskybase.com/whiskies/whisky/188330/chichibu-2015 | https://www.wvawhiskyauctions.co.uk/lot-601088/chichibu-2015-intergalactic-series-edition-5 | https://whiskypto.com/products/ichiros-malt-chichibu-intergalactic-edition-5"
"477","Chichibu Shibazakura Flower Festival","ADDED — optional facts left blank","B52751","maltPhenolPpm | releaseMonth | releaseDay | image","Series, edition, malt PPM, release month/day and flavor profile remain unknown. Do not confuse this cask with the separate Shibazakura Umeshu cask 16109 at 61%. No alias or extra reference. Exact clean image saved locally. Upload pending: the JSON CLI does not accept multipart files. No direct credential-based upload attempted.","https://whiskyauctioneer.com/whisky-lot/7043821/chichibu-2018-shibazakura-flower-festival | https://pro.whisky.fr/p/chichibu-7-ans-cask-10977-bourbon-barrel-2nd-fill-ex-peated-shibazakura-flower-festival-101136 | https://www.whiskyshop.com/fr/chichibu-7-ans-shibazakura-ex-peated-barrel-10977 | https://www.whiskybase.com/whiskies/whisky/300873/chichibu-2018"
"482","Original source missing — Chivas Regal twelve-year proposal only","SKIPPED — unresolved identity","B42431 (possible match only)","entire release","All three recovered observation files and the source index checked. Ordinal 2336 retains B42431 Chivas Regal twelve-year and a proposed 40% ABV patch. No original auction title, lot URL or verified source join survives. Skip the entire row; do not replay the proposal or declare a confirmed match. No production write.",""
"484","Original source missing — Chivas Regal twenty-five-year proposal only","SKIPPED — unresolved identity","B16144 (possible match only)","entire release","All three recovered observation files and the source index checked. Ordinal 2336 retains B16144 Chivas Regal twenty-five-year and a proposed 43% ABV patch. No original auction title, lot URL or verified source join survives. Skip the entire row; do not replay the proposal or declare a confirmed match. No production write.",""
"486","Chivas Regal Legend Special Reserve - Batch No. LD00167","ADDED EARLIER — create and image verified","B52394","","Legacy import record. The create receipt and later image write agree on the Bottle ID and name.","https://whiskyauctioneer.com/whisky-lot/8212006/chivas-regal-legend-special-reserve-batch-no-ld00167"
"489","Original source missing — Lynch Isle Cask Series 011 proposal only","SKIPPED — unresolved identity","B2163 (possible match only)","entire release","All three recovered observation files and the source index checked. Ordinal 2336 retains B2163 Lynch Isle, candidate vintage 2000, age twenty and Cask Series 011, with a proposed 53.3% ABV patch. No original auction title, lot URL or verified source join survives. Skip the entire row; do not replay the proposal or declare a confirmed match. No production write.",""
"492","SMWS 26.39 Spirited elan'","ADDED EARLIER — create and image verified","B52395","","Legacy import record. The create receipt and later image write agree on the Bottle ID and name.","https://whiskyauctioneer.com/whisky-lot/5283710/clynelish-1983-smws-21-year-old-2639"
"499","Clynelish Distillery Exclusive Bottling - Batch #02","ADDED EARLIER — create and image verified","B52396","","Legacy import record. The create receipt and later image write agree on the Bottle ID and name.","https://whiskyauctioneer.com/whisky-lot/5280854/clynelish-distillery-exclusive-bottling-batch-02"
"504","Cotswolds Highgrove Coronation Vatting - Batch Number #001","ADDED EARLIER — create and image verified","B52397","","Legacy import record. The create receipt and later image write agree on the Bottle ID and name.","https://whiskyauctioneer.com/whisky-lot/5280785/cotswolds-highgrove-coronation-vatting-batch-number-001"
"509","Original source missing — SMWS 122.63 candidate proposal only","SKIPPED — unresolved identity","B14636 (possible match only)","entire release","All three recovered observation files and the source index checked. Ordinal 2306 retains only B14636 Brilliant bouillon and its candidate facts: code 122.63, age eight, vintage 2015, 60.3%. Unlike a printed source code, a code copied from a proposed catalog match does not prove the lost source identity. No original auction title, lot URL or verified source join survives. Skip the entire row; do not replay the proposal or declare a confirmed match. No production write.",""
"512","Original source missing — Cutty Sark eighteen-year proposal only","SKIPPED — unresolved identity","B17306 (possible match only)","entire release","All three recovered observation files and the source index checked. Ordinal 2336 retains B17306 Cutty Sark eighteen-year and a proposed 43% ABV patch. No original auction title, lot URL or verified source join survives. Skip the entire row; do not replay the proposal or declare a confirmed match. No production write.",""
"518","Original source missing — Dalmore twelve-year proposal only","SKIPPED — unresolved identity","B423 (possible match only)","entire release","All three recovered observation files and the source index checked. Ordinal 2336 retains B423 Dalmore twelve-year and a proposed 40% ABV patch. No original auction title, lot URL or verified source join survives. Skip the entire row; do not replay the proposal or declare a confirmed match. No production write.",""
"519","Original source missing — Dalmore fifteen-year proposal only","SKIPPED — unresolved identity","B13784 (possible match only)","entire release","All three recovered observation files and the source index checked. Ordinal 2336 retains B13784 Dalmore fifteen-year and a proposed 40% ABV patch. No original auction title, lot URL or verified source join survives. Skip the entire row; do not replay the proposal or declare a confirmed match. No production write.",""
"541","Original source missing — Dewar's twenty-five-year proposal only","SKIPPED — unresolved identity","B14267 (possible match only)","entire release","All three recovered observation files and the source index checked. Ordinal 2336 retains B14267 Dewar's twenty-five-year and a proposed 40% ABV patch. No original auction title, lot URL or verified source join survives. Skip the entire row; do not replay the proposal or declare a confirmed match. No production write.",""
"558","Edradour The Warrior Series","ADDED — optional facts left blank","B52752","statedAge | maltPhenolPpm | releaseMonth | releaseDay | outturn | image","Stated age, outturn, malt PPM, release month/day and flavor profile remain unknown. Do not calculate an age from dates or treat cask 239 as a 239-bottle outturn. No edition, alias or extra reference. Exact clean image saved locally. Upload pending: the JSON CLI does not accept multipart files. No direct credential-based upload attempted.","https://whiskyauctioneer.com/whisky-lot/7043918/edradour-2006-warrior-series | https://www.whiskybase.com/whiskies/whisky/85884/edradour-2006 | https://www.spiritradar.com/whisky-db/edradour-2006-the-warrior-series-60.3-percent-500ml/"
"567","Original source join unresolved — Four Roses 2023 anniversary lead","SKIPPED — unresolved identity","","entire release","The listed URLs verify the fresh 2023 135th Anniversary Four Roses release, not its assignment to original audit row 567. Only parser fragments 2023 and release 135 survive; the original title, lot URL and image ID are absent. Skip this row rather than claim a recovered identity. The complete Four Roses inventory has no exact annual match; B44913 is the rejected 2013 candidate. Producer packshot and evidence are saved separately in research-fourroses-567-27.json. Its 4,950 versus approximately 15,060 outturn claims also remain unresolved. No production write.","https://whiskyauctioneer.com/whisky-lot/8214001/four-roses-barrel-strength-small-batch-bourbon-2023-release-135th-anniversary | https://www.fourrosesbourbon.com/bourbon/2023-135th-limited-edition-small-batch | https://www.breakingbourbon.com/bourbon-whiskey-press-releases/four-roses-distillery-to-launch-anniversary-limited-edition-small-batch-bourbon-on-september-15"
"572","Original source missing — George T. Stagg 2019 candidate proposal only","SKIPPED — unresolved identity","B13523 (possible match only)","entire release","All three recovered observation files and the source index checked. Ordinal 2336 retains B13523 George T. Stagg 2019 and a proposed 58.45% ABV patch. The annual edition is a candidate fact, not a verified original title. No original auction title, lot URL or verified source join survives. Skip the entire row; do not replay the proposal or declare a confirmed match. No production write.",""
"573","Original source missing — George T. Stagg 2020 candidate proposal only","SKIPPED — unresolved identity","B13247 (possible match only)","entire release","All three recovered observation files and the source index checked. Ordinal 2336 retains B13247 George T. Stagg 2020 and a proposed 65.2% ABV patch. The annual edition is a candidate fact, not a verified original title. No original auction title, lot URL or verified source join survives. Skip the entire row; do not replay the proposal or declare a confirmed match. No production write.",""
"585","Original source missing — Glen Garioch ten-year candidate proposal only","SKIPPED — unresolved identity","B43038 (possible match only)","entire release","All three recovered observation files and the source index checked. Ordinal 2336 retains B43038 The Single Malts of Scotland Glen Garioch ten-year 2013 and a proposed 40% ABV patch. No surviving source establishes this bottler or strength. No original auction title, lot URL or verified source join survives. Skip the entire row; do not replay the proposal or declare a confirmed match. No production write.",""
"598","Original source missing — Glen Grant twenty-five-year proposal only","SKIPPED — unresolved identity","B17327 (possible match only)","entire release","All three recovered observation files and the source index checked. Ordinal 2336 retains B17327 Glen Grant twenty-five-year and a proposed 43% ABV patch. No original auction title, lot URL or verified source join survives. Skip the entire row; do not replay the proposal or declare a confirmed match. No production write.",""
"617","SMWS 77.9 A tennis court whisky","ADDED EARLIER — create and image verified","B52398","","Legacy import record. The create receipt and later image write agree on the Bottle ID and name.","https://whiskyauctioneer.com/whisky-lot/5283714/glen-ord-1987-smws-17-year-old-779-tennis-court-whisky"
"619","Original source missing — Glen Scotia eighteen-year proposal only","SKIPPED — unresolved identity","B3156 (possible match only)","entire release","All three recovered observation files and the source index checked. Ordinal 2336 retains B3156 Glen Scotia eighteen-year Classic Campbeltown Malt and a proposed 46% ABV patch. No original auction title, lot URL or verified source join survives. Skip the entire row; do not replay the proposal or declare a confirmed match. No production write.",""
"633","Gordon & MacPhail Glenburgie - Batch 22/006","ADDED EARLIER — create and image verified","B52399","","Legacy import record. The create receipt and later image write agree on the Bottle ID and name.","https://whiskyauctioneer.com/whisky-lot/7043903/glenburgie-1990-connoisseurs-choice-31-year-old"
"635","Hart Brothers Glenburgie","ADDED — optional facts left blank","B52563","singleCask | caskStrength | naturalColor | nonChillFiltered | maltPhenolPpm | vintageYear | bottlingYear | releaseYear | releaseMonth | releaseDay | maturation | caskNumber | outturn | image","Edition, single-cask and cask-strength status, natural colour, filtration, malt PPM, vintage, bottling and release dates, maturation wording, cask number, outturn and flavor profile are unverified. Keep null. All 26 writable facts and the image were reviewed; the series ID was resolved and verified in pass 36. Tasting notes are read-only and are not submitted. Exact clean stock image inspected and saved locally. Not uploaded: the JSON CLI does not accept multipart files. No direct credential-based upload attempted.","https://whiskyauctioneer.com/whisky-lot/5280819/glenburgie-finest-collection-10-year-old | https://www.whiskybase.com/whiskies/whisky/13577/glenburgie-10-year-old-hb?language=en | https://hartbrothers.co.uk/our-archives/"
"647","Original source missing — Glenfarclas fifteen-year proposal only","SKIPPED — unresolved identity","B436 (possible match only)","entire release","All three recovered observation files and the source index checked. Ordinal 2336 retains B436 Glenfarclas fifteen-year and a proposed 54.2% ABV patch. Do not replace a generic catalog strength from an unverified old proposal. No original auction title, lot URL or verified source join survives. Skip the entire row; do not replay the proposal or declare a confirmed match. No production write.",""
"650","Glenfarclas 50th Anniversary of the Visitor Centre","ADDED EARLIER — create and image verified","B52400","","Legacy import record. The create receipt and later image write agree on the Bottle ID and name.","https://whiskyauctioneer.com/whisky-lot/5280879/glenfarclas-2014-specially-selected-commemorate-50th-anniversary-visitor-centre"
"658","Glenfiddich Grand Yozakura","ADDED EARLIER — create and image verified","B52401","","Legacy import record. The create receipt and later image write agree on the Bottle ID and name.","https://whiskyauctioneer.com/whisky-lot/7043880/glenfiddich-grand-yozakura-29-year-old"
"669","Original source missing — Glengoyne fifteen-year proposal only","SKIPPED — unresolved identity","B16972 (possible match only)","entire release","All three recovered observation files and the source index checked. Ordinal 2336 retains B16972 Glengoyne fifteen-year and a proposed 43% ABV patch. No original auction title, lot URL or verified source join survives. Skip the entire row; do not replay the proposal or declare a confirmed match. No production write.",""
"675","Original source missing — Glenlivet twelve-year proposal only","SKIPPED — unresolved identity","B647 (possible match only)","entire release","All three recovered observation files and the source index checked. Ordinal 2336 retains B647 Glenlivet twelve-year and a proposed 40% ABV patch. No original auction title, lot URL or verified source join survives. Skip the entire row; do not replay the proposal or declare a confirmed match. No production write.",""
"682","SMWS 2.54 Sweet, like peppered honey","ADDED EARLIER — create and image verified","B52402","","Legacy import record. The create receipt and later image write agree on the Bottle ID and name.","https://whiskyauctioneer.com/whisky-lot/5283146/glenlivet-1988-smws-16-year-old-254"
"701","Original source missing — Glenmorangie Dornoch proposal only","SKIPPED — unresolved identity","B16450 (possible match only)","entire release","All three recovered observation files and the source index checked. Ordinal 2336 retains B16450 Glenmorangie Dornoch Limited Edition and a proposed 43% ABV patch. No original auction title, lot URL or verified source join survives. Skip the entire row; do not replay the proposal or declare a confirmed match. No production write.",""
"703","Glenmorangie Sesquicentennial Selection","ADDED EARLIER — create and image verified","B52403","","Legacy import record. The create receipt and later image write agree on the Bottle ID and name.","https://whiskyauctioneer.com/whisky-lot/7043805/glenmorangie-sesquicentennial-selection-21-year-old-buchan-stonewear-decanter"
"710","Original source missing — Glentauchers Playful Proverbs proposal only","SKIPPED — unresolved identity","B2476 (possible match only)","entire release","Only a 1996 candidate and proposed 45% ABV survive. All recovered observation sets and the source index were checked. No original auction title, lot URL or verified label join survives. Skip the entire row; do not replay a proposed edit or claim a confirmed match. No production write.",""
"711","Original source missing — Glenturret twelve-year proposal only","SKIPPED — unresolved identity","B2097 (possible match only)","entire release","The 2020 Maiden Release is a candidate, not the original source identity. Proposed 40% ABV is unverified. All recovered observation sets and the source index were checked. No original auction title, lot URL or verified label join survives. Skip the entire row; do not replay a proposed edit or claim a confirmed match. No production write.",""
"714","SMWS 16.31 Dichotomy of sweet and savoury","ADDED EARLIER — create and image verified","B52404","","Legacy import record. The create receipt and later image write agree on the Bottle ID and name.","https://whiskyauctioneer.com/whisky-lot/5283698/glenturret-2001-smws-10-year-old-1631-dichotomy-sweet-and-savoury"
"721","Goldlys Oloroso Finish - First Release","ADDED — optional facts left blank","B52443","singleCask | caskStrength | nonChillFiltered | maltPhenolPpm | vintageYear | releaseYear | releaseMonth | releaseDay | caskNumber | outturn","Outturn conflict: 1800 versus 1850. Cask identifiers 2615 + 27 lack readable-label confirmation. Do not infer release year from bottling year. Filtration, strength status, single-cask status, vintage, phenol and flavour profile remain unknown. No verified named series, alias, reference, merge or group change.","https://assets.whiskyauctioneer.com/2026-08/8213825-001.jpg | https://whiskyauctioneer.com/whisky-lot/8160323/goldlys-12-year-old-first-release | https://www.masterofmalt.com/blog/post/filliers-distillery-its-in-belgium/ | https://www.mahler-besse.com/spiritueux/goldlys | https://www.whiskybase.com/whiskies/whisky/34245/goldlys-12-year-old"
"733","Original source missing — Hanyu 2000 proposal only","SKIPPED — unresolved identity","B849 (possible match only)","entire release","Only a 2000 candidate and proposed 59.4% ABV survive; no exact cask is established. All recovered observation sets and the source index were checked. No original auction title, lot URL or verified label join survives. Skip the entire row; do not replay a proposed edit or claim a confirmed match. No production write.",""
"741","Original source missing — Hazelburn eight-year proposal only","SKIPPED — unresolved identity","B17325 (possible match only)","entire release","Only an eight-year candidate and proposed 46% ABV survive. All recovered observation sets and the source index were checked. No original auction title, lot URL or verified label join survives. Skip the entire row; do not replay a proposed edit or claim a confirmed match. No production write.",""
"743","Original source missing — SMWS CW1.1 proposal only","SKIPPED — unresolved identity","B49523 (possible match only)","entire release","The CW1.1 code, title A rocking chair whiskey, eleven-year age, 61.6%, 2009 and 2021 are candidate facts, not a recovered source label. All recovered observation sets and the source index were checked. No original auction title, lot URL or verified label join survives. Skip the entire row; do not replay a proposed edit or claim a confirmed match. No production write.",""
"748","Original source missing — Highland Park twelve-year proposal only","SKIPPED — unresolved identity","B1158 (possible match only)","entire release","Proposed 43% ABV conflicts with another lost-source row mapped to the same candidate at 40%; neither proposal establishes a release. All recovered observation sets and the source index were checked. No original auction title, lot URL or verified label join survives. Skip the entire row; do not replay a proposed edit or claim a confirmed match. No production write.",""
"765","Original source missing — Highland Park twelve-year proposal only","SKIPPED — unresolved identity","B1158 (possible match only)","entire release","Proposed 40% ABV conflicts with another lost-source row mapped to the same candidate at 43%; neither proposal establishes a release. All recovered observation sets and the source index were checked. No original auction title, lot URL or verified label join survives. Skip the entire row; do not replay a proposed edit or claim a confirmed match. No production write.",""
"782","Original source missing — SMWS 112.138 proposal only","SKIPPED — unresolved identity","B43639 (possible match only)","entire release","The 112.138 code, title A warm fuzzy crowd pleaser, seventeen-year age, 57.2% and 2008 are candidate facts, not a recovered source label. All recovered observation sets and the source index were checked. No original auction title, lot URL or verified label join survives. Skip the entire row; do not replay a proposed edit or claim a confirmed match. No production write.",""
"783","Indri 2017 Single Cask 5 Year Old - Prineus GmbH","SKIPPED — unresolved identity","","entire release","Do not create or patch. The auction title and Bottle Details identify a 2017 five-year-old ex-bourbon Indri bottled for Prineus GmbH at 58.5%, but the auction's own exact lot image is a different release: cask 303, an ex-wine Indri distilled in 2015 and bottled at seven years old. Independent records confirm at least two plausible 2017 five-year-old ex-bourbon Prineus releases, casks 2932 and 3045, so the generic auction title cannot identify which one was intended after rejecting the mismatched image. The complete current Indri entity and distiller inventories each contain five Bottles and no Single Cask candidate. Preserve the conflict and image as evidence only; do not upload that image or add a guessed Bottle.","https://whiskyauctioneer.com/whisky-lot/5271983/indri-2017-single-cask-5-year-old-prineus-gmbh | https://www.whiskybase.com/whiskies/whisky/236622/indri-2017 | https://www.whiskybase.com/whiskies/whisky/256120/indri-2017 | https://www.whiskybase.com/whiskies/whisky/236353/indri-2015 | https://whiskyexperts.net/prineus-bringt-drei-indri-single-cask-abfuellungen-der-piccadily-distillery-aus-nordindien/ | https://getabottle.de/en/products/indri-single-cask-wine-303-7-jahre-indian-whisky-58-5"
"796","Jack Daniel's Master Distiller - Limited No. 4 Edition","ADDED — optional facts left blank","B52429","statedAge | singleCask | caskStrength | naturalColor | nonChillFiltered | maltPhenolPpm | vintageYear | bottlingYear | releaseDay | caskNumber | outturn","Other null fields lack release-specific evidence. No aliases, references, merges, or regrouping are proposed.","https://www.aquavitae.shop/en/jack-daniels-master-distiller-no-4-tennessee-whiskey | https://assets.whiskyauctioneer.com/2026-08/8213715-001.jpg | https://jackdanielsbottles.com/bottle/master-distiller-4/ | https://www.masterofmalt.com/whiskies/jack-daniels/jack-daniels-master-distiller-series-no-4-whiskey/"
"806","Jameson Single Pot Still Five Oak Cask Release - Batch No. 1","ADDED EARLIER — create and image verified","B52405","","Legacy import record. The create receipt and later image write agree on the Bottle ID and name.","https://whiskyauctioneer.com/whisky-lot/7044051/jameson-five-oak-cask-release-single-pot-still-batch-no1"
"819","Original source missing — Johnnie Walker Legendary Eight proposal only","SKIPPED — unresolved identity","B13235 (possible match only)","entire release","Only a Blue Label Legendary Eight candidate and proposed 43.8% ABV survive. The historical conflict note says other rows proposed different strengths for this ID. All recovered observation sets and the source index were checked. No original auction title, lot URL or verified label join survives. Skip the entire row; do not replay a proposed edit or claim a confirmed match. No production write.",""
"838","Kanosuke Single Malt - 2022 Limited Edition","ADDED EARLIER — create and image verified","B52406","","Legacy import record. The create receipt and later image write agree on the Bottle ID and name.","https://whiskyauctioneer.com/whisky-lot/7043956/kanosuke-limited-edition-2022"
"843","Karuizawa Japonisme - La Maison du Whisky 60th Anniversary","ADDED EARLIER — create and image verified","B52407","","Legacy import record. The create receipt and later image write agree on the Bottle ID and name.","https://whiskyauctioneer.com/whisky-lot/8205898a/karuizawa-1965-japonisme-edition"
"844","Original source missing — Karuizawa 1975 proposal only","SKIPPED — unresolved identity","B4814 (possible match only)","entire release","Only a 1975 single-cask candidate and proposed 56.9% ABV survive; the original exact cask is absent. All recovered observation sets and the source index were checked. No original auction title, lot URL or verified label join survives. Skip the entire row; do not replay a proposed edit or claim a confirmed match. No production write.",""
"864","Karuizawa Single Malt Japanese Whisky","ADDED — optional facts left blank","B52754","statedAge | maltPhenolPpm | releaseYear | releaseMonth | releaseDay | image","Stated age, release date, malt PPM and flavor profile remain unknown. The estimated 22-year age is not a label statement. No edition, alias or extra reference. The name uses the exact front-label wording; vintage, cask and bottling year remain structured fields. Exact clean image saved locally. Upload pending: the JSON CLI does not accept multipart files. No direct credential-based upload attempted.","https://whiskyauctioneer.com/whisky-lot/5283950/karuizawa-1990 | https://www.thewhiskyexchange.com/p/15369/karuizawa-1990-bot2012-first-fill-sherry-cask-679 | https://www.whiskybase.com/whiskies/whisky/33115/karuizawa-1990 | https://distilia.shop/products/karuizawa-1990-2012-56-1-cask-679-geisha-label"
"895","TBWC Karuizawa - Batch 1","ADDED EARLIER — create and image verified","B52408","","Legacy import record. The create receipt and later image write agree on the Bottle ID and name.","https://whiskyauctioneer.com/whisky-lot/5283864/karuizawa-boutique-y-whisky-company-19-year-old-batch-1"
"906","Knockando Aberdeen University Quincentenary","ADDED EARLIER — create and image verified","B52409","","Legacy import record. The create receipt and later image write agree on the Bottle ID and name.","https://whiskyauctioneer.com/whisky-lot/5280798/knockando-1974-quincentenary-20-year-old"
"921","Original source missing — Murray McDavid Leapfrog proposal only","SKIPPED — unresolved identity","B19234 (possible match only)","entire release","Only a twelve-year 1987 Leapfrog candidate and proposed 46% ABV survive. The candidate's Laphroaig provenance cannot identify a lost source. All recovered observation sets and the source index were checked. No original auction title, lot URL or verified label join survives. Skip the entire row; do not replay a proposed edit or claim a confirmed match. No production write.",""
"922","Original source missing — Laphroaig ten-year proposal only","SKIPPED — unresolved identity","B1 (possible match only)","entire release","Only the general ten-year candidate survives; no original strength, edition or label is available. All recovered observation sets and the source index were checked. No original auction title, lot URL or verified label join survives. Skip the entire row; do not replay a proposed edit or claim a confirmed match. No production write.",""
"924","Original source missing — Laphroaig fifteen-year proposal only","SKIPPED — unresolved identity","B38540 (possible match only)","entire release","Only a fifteen-year candidate and proposed 43% ABV survive. All recovered observation sets and the source index were checked. No original auction title, lot URL or verified label join survives. Skip the entire row; do not replay a proposed edit or claim a confirmed match. No production write.",""
"925","Original source missing — Laphroaig eighteen-year proposal only","SKIPPED — unresolved identity","B994 (possible match only)","entire release","Only an eighteen-year candidate and proposed 48% ABV survive. All recovered observation sets and the source index were checked. No original auction title, lot URL or verified label join survives. Skip the entire row; do not replay a proposed edit or claim a confirmed match. No production write.",""
"928","Original source missing — Laphroaig 1981 proposal only","SKIPPED — unresolved identity","B1142 (possible match only)","entire release","Only a twenty-seven-year 1981 candidate and proposed 56.6% ABV survive. All recovered observation sets and the source index were checked. No original auction title, lot URL or verified label join survives. Skip the entire row; do not replay a proposed edit or claim a confirmed match. No production write.",""
"937","Original source missing — Laphroaig twenty-seven-year proposal only","SKIPPED — unresolved identity","B3258 (possible match only)","entire release","Only a twenty-seven-year Limited Edition candidate and proposed 41.7% ABV survive. All recovered observation sets and the source index were checked. No original auction title, lot URL or verified label join survives. Skip the entire row; do not replay a proposed edit or claim a confirmed match. No production write.",""
"942","Original source missing — Williamson Carn Mor proposal only","SKIPPED — unresolved identity","B1910 (possible match only)","entire release","Only a ten-year 2010 Strictly Limited candidate and proposed 47.5% ABV survive. Do not infer the original source or undisclosed distillery. All recovered observation sets and the source index were checked. No original auction title, lot URL or verified label join survives. Skip the entire row; do not replay a proposed edit or claim a confirmed match. No production write.",""
"943","Ledaig Port Pipe Cask Matured","ADDED EARLIER — create and image verified","B52410","","Legacy import record. The create receipt and later image write agree on the Bottle ID and name.","https://whiskyauctioneer.com/whisky-lot/5283298/ledaig-11-year-old-port-pipe-cask-matured"
"948","Original source missing — Artist Collective candidate proposal only","SKIPPED — unresolved identity","B2683 (possible match only)","entire release","One old record compares code 1.2 with candidate Artist Collective #2.5 and incorrectly calls it SMWS; another says no candidate is specific enough. Neither retains the original name or lot. Do not choose the Ben Nevis 2010 candidate from these conflicting parser notes. All recovered observation sets and the source index were checked. No original auction title, lot URL or verified label join survives. Skip the entire row; do not replay a proposed edit or claim a confirmed match. No production write.",""
"956","Linkwood 2008 The First Drop New Spirit","SKIPPED — not whisky","","entire release","Exact auction listing classifies this as Spirit drink, not whisky. Independent exact release entry identifies The First Drop Speyside New Spirit, 2008, 63.4% and barcode 4542312001215. It is outside the whisky-only catalog scope. Do not use Linkwood's usual single-malt production category for this unaged spirit.","https://whiskyauctioneer.com/whisky-lot/7043914/linkwood-2008-first-drop-new-spirit | https://whiskyauctioneer.com/learn/explore-whisky/bottles/linkwood-2008-first-drop-new-spirit | https://www.whiskybase.com/whiskies/whisky/307204/linkwood-2008-rc"
"971","Original source missing — Scott's Selection Longmorn proposal only","SKIPPED — unresolved identity","B18601 (possible match only)","entire release","Only a thirty-three-year 1971 candidate and proposed 58.6% ABV survive. All recovered observation sets and the source index were checked. No original auction title, lot URL or verified label join survives. Skip the entire row; do not replay a proposed edit or claim a confirmed match. No production write.",""
"975","Original source missing — Longrow 100 Proof proposal only","SKIPPED — unresolved identity","B1104 (possible match only)","entire release","Only a 100 Proof candidate and proposed 57.1% ABV survive. A second row proposing the same ID is not proof of duplicate source identity. All recovered observation sets and the source index were checked. No original auction title, lot URL or verified label join survives. Skip the entire row; do not replay a proposed edit or claim a confirmed match. No production write.",""
"976","Original source missing — Longrow 100 Proof proposal only","SKIPPED — unresolved identity","B1104 (possible match only)","entire release","Only a 100 Proof candidate and proposed 57.1% ABV survive. A second row proposing the same ID is not proof of duplicate source identity. All recovered observation sets and the source index were checked. No original auction title, lot URL or verified label join survives. Skip the entire row; do not replay a proposed edit or claim a confirmed match. No production write.",""
"980","Original source missing — Longrow Red proposal only","SKIPPED — unresolved identity","B3865 (possible match only)","entire release","Only a twelve-year Red candidate and proposed 52.9% ABV survive; the original finish, year and release are absent. All recovered observation sets and the source index were checked. No original auction title, lot URL or verified label join survives. Skip the entire row; do not replay a proposed edit or claim a confirmed match. No production write.",""
"984","Signatory Vintage Speyside 15(M) - Small Batch Edition #18","ADDED — optional facts left blank","B52757","caskStrength | maltPhenolPpm | releaseYear | releaseMonth | releaseDay | caskNumber | outturn | image","Cask strength, exact bottling day, release date, cask number, outturn, malt PPM and flavor profile remain unknown. March 2025 on the rear label is not precise enough to infer a bottling or release day. No alias or extra reference. Exact clean image saved locally. Upload pending: the JSON CLI does not accept multipart files. No direct credential-based upload attempted.","https://whiskyauctioneer.com/whisky-lot/5278042/macallan-speyside-15m-2009-small-batch-edition-15-year-old-18 | https://www.scoma.de/en/whisky/shop/speyside-15-m-15-years-signatory-small-batch-edition-18/ | https://www.whiskybase.com/whiskies/whisky/270972/speyside-region-2009-sv"
"985","Original source missing — Macallan ten-year proposal only","SKIPPED — unresolved identity","B1105 (possible match only)","entire release","Proposed 57% ABV conflicts with another lost-source row mapped to the same generic ten-year ID at 40%. Do not turn either proposal into a patch. All recovered observation sets and the source index were checked. No original auction title, lot URL or verified label join survives. Skip the entire row; do not replay a proposed edit or claim a confirmed match. No production write.",""
"986","Original source missing — Macallan ten-year proposal only","SKIPPED — unresolved identity","B1105 (possible match only)","entire release","Proposed 40% ABV conflicts with another lost-source row mapped to the same generic ten-year ID at 57%. Do not turn either proposal into a patch. All recovered observation sets and the source index were checked. No original auction title, lot URL or verified label join survives. Skip the entire row; do not replay a proposed edit or claim a confirmed match. No production write.",""
"999","The Macallan 80° Proof","ADDED — optional facts left blank","B52770","statedAge | caskStrength | naturalColor | nonChillFiltered | maltPhenolPpm | bottlingYear | releaseYear | releaseMonth | releaseDay | caskNumber | outturn | image","The integer stated-age field remains null because the label says over 15 years, not exactly 15. Exact bottling year, release date, cask-strength status, natural color, chill filtration, cask number, outturn, malt PPM and flavor profile remain unknown. No series, edition, alias or extra reference. Exact clean image saved locally. Upload pending: the JSON CLI does not accept multipart files. No direct credential-based upload attempted.","https://whiskyauctioneer.com/whisky-lot/8213295/macallan-1954-80deg-proof | https://www.christies.com/en/lot/lot-5960445 | https://www.thewhiskyvault.com/macallan-1954-vintage-sixties-bottling-17382-p.asp"
"1003","The Macallan Anniversary Malt - 1958/59","ADDED — optional facts left blank","B52771","caskStrength | naturalColor | nonChillFiltered | maltPhenolPpm | vintageYear | releaseYear | releaseMonth | releaseDay | caskNumber | outturn | image","The integer vintage field remains null because this release contains whisky from both 1958 and 1959; the exact 1958/59 wording is preserved as the edition. Exact release date, cask-strength status, natural color, chill filtration, cask number, outturn, malt PPM and flavor profile remain unknown. No alias or extra reference. Exact clean image saved locally. Upload pending: the JSON CLI does not accept multipart files. No direct credential-based upload attempted.","https://whiskyauctioneer.com/whisky-lot/5280598/macallan-195859-anniversary-malt-25-year-old | https://www.thewhiskyexchange.com/p/3566/macallan-1958-59-25-year-old-anniversary-malt | https://www.whiskybase.com/whiskies/whisky/20157/macallan-195859"
"1008","The Macallan Special Selection","ADDED EARLIER — create and image verified","B52411","","Legacy import record. The create receipt and later image write agree on the Bottle ID and name.","https://whiskyauctioneer.com/whisky-lot/5281178/macallan-1965-special-selection-17-year-old"
"1010","The Macallan Fine & Rare","ADDED — optional facts left blank","B52772","caskStrength | naturalColor | nonChillFiltered | maltPhenolPpm | releaseYear | releaseMonth | releaseDay | image","Exact release date, cask-strength status, natural color, chill filtration, malt PPM and flavor profile remain unknown. The producer gives a color description, not a natural-color declaration. No edition, alias or extra reference. Exact clean image saved locally. Upload pending: the JSON CLI does not accept multipart files. No direct credential-based upload attempted.","https://whiskyauctioneer.com/whisky-lot/8214087/macallan-1967-fine-rare-35-year-old | https://www.themacallan.com/en-us/single-malt-scotch-whisky/fine-and-rare/1967 | https://www.whiskybase.com/whiskies/whisky/31148/macallan-1967"
"1022","SMWS 24.61","ADDED EARLIER — create and image verified","B52412","","Legacy import record. The create receipt and later image write agree on the Bottle ID and name.","https://whiskyauctioneer.com/whisky-lot/5281478/macallan-1987-smws-14-year-old-2461"
"1024","SMWS 24.124 Close to the edge of extreme","ADDED EARLIER — create and image verified","B52413","","Legacy import record. The create receipt and later image write agree on the Bottle ID and name.","https://whiskyauctioneer.com/whisky-lot/5283267/macallan-1988-smws-23-year-old-24124-close-edge-extreme"
"1030","SMWS 24.98 Succulent raisin, figs and toffee","ADDED — optional facts left blank","B52773","maltPhenolPpm | releaseYear | releaseMonth | releaseDay | maturation | image","Cask type or maturation, exact release date, malt PPM and flavor profile remain unknown. Distillation and bottling months remain in the description because the Bottle form has no fields for them. No series, edition, alias or extra reference. Exact clean image saved locally. Upload pending: the JSON CLI does not accept multipart files. No direct credential-based upload attempted.","https://whiskyauctioneer.com/whisky-lot/5283144/macallan-1990-smws-16-year-old-2498 | https://www.whiskybase.com/whiskies/whisky/43099/macallan-1990-smws-2498 | https://static.urbandaddy.com/uploads/assets/file/pdfs/137043daab04fa0b389b88be27a3cba5.pdf"
"1054","Original source missing — Macallan fifty-year proposal only","SKIPPED — unresolved identity","B19236 (possible match only)","entire release","Only a fifty-year candidate and proposed 44% ABV survive; no original edition or source image is available. All recovered observation sets and the source index were checked. No original auction title, lot URL or verified label join survives. Skip the entire row; do not replay a proposed edit or claim a confirmed match. No production write.",""
"1092","Mackmyra No. 001","ADDED EARLIER — create and image verified","B52414","","Legacy import record. The create receipt and later image write agree on the Bottle ID and name.","https://whiskyauctioneer.com/whisky-lot/8165083b/mackmyra-no001-20-year-old"
"1095","Original source missing — Isle of Skye eight-year proposal only","SKIPPED — unresolved identity","B17686 (possible match only)","entire release","Only an eight-year candidate and proposed 40% ABV survive. All recovered observation sets and the source index were checked. No original auction title, lot URL or verified label join survives. Skip the entire row; do not replay a proposed edit or claim a confirmed match. No production write.",""
"1098","Original source missing — Maker's Mark proposal only","SKIPPED — unresolved identity","B42937 (possible match only)","entire release","Only a general Bourbon candidate and proposed 45% ABV survive. All recovered observation sets and the source index were checked. No original auction title, lot URL or verified label join survives. Skip the entire row; do not replay a proposed edit or claim a confirmed match. No production write.",""
"1106","Masthouse Single Estate Whisky","ADDED — optional facts left blank","B52452","statedAge | caskStrength | maltPhenolPpm | bottlingYear | releaseDay | outturn","Bottling year not established from a reliable bottling statement; November 2020 is expressly RELEASED, not BOTTLED. No numeric age, cask-strength claim, exact release day, outturn, phenol, flavor classification, explicit edition or named series. Do not infer age from 2017/2020 or outturn from bottle 1279. No existing record, alias/reference/group changes.","https://assets.whiskyauctioneer.com/2026-08/7044200-001.jpg | https://www.thespiritsbusiness.com/2020/11/copper-rivet-distillery-launches-first-whisky/ | https://api.peated.com/uploads/prices-gjm3ft5ji0azm8dh7st0w6l8.webp"
"1109","Original source missing — Michter's twenty-five-year Bourbon proposal only","SKIPPED — unresolved identity","B14211 (possible match only)","entire release","Only a twenty-five-year candidate and proposed 58.1% ABV survive; no annual or batch identity is established. All recovered observation sets and the source index were checked. No original auction title, lot URL or verified label join survives. Skip the entire row; do not replay a proposed edit or claim a confirmed match. No production write.",""
"1113","Original source missing — Midleton Very Rare 2016 proposal only","SKIPPED — unresolved identity","B14484 (possible match only)","entire release","Only a 2016 candidate and proposed 40% ABV survive. The candidate year does not recover the source row. All recovered observation sets and the source index were checked. No original auction title, lot URL or verified label join survives. Skip the entire row; do not replay a proposed edit or claim a confirmed match. No production write.",""
"1117","Millstone Oloroso Sherry","ADDED — optional facts left blank","B52774","maltPhenolPpm | releaseYear | releaseMonth | releaseDay | image","Exact release date, malt PPM and flavor profile remain unknown. The exact production dates stay in the description because the Bottle form only stores years. No series, edition, alias or extra reference. Exact clean image saved locally. Upload pending: the JSON CLI does not accept multipart files. No direct credential-based upload attempted.","https://whiskyauctioneer.com/whisky-lot/8213100/millstone-1996-single-oloroso-cask-26-year-old | https://www.thewhiskyexchange.com/p/68894/millstone-1996-26-year-old-oloroso-sherry-exclusive-to-the-whisky-exchange | https://www.whiskynotes.be/2023/world/millstone-1996-2017-the-whisky-exchange/"
"1141","Original source missing — Scott's Selection North of Scotland proposal only","SKIPPED — unresolved identity","B19184 (possible match only)","entire release","Only a 1963 candidate and proposed 55% ABV survive. All recovered observation sets and the source index were checked. No original auction title, lot URL or verified label join survives. Skip the entire row; do not replay a proposed edit or claim a confirmed match. No production write.",""
"1149","Original source missing — Octomore 08.1 proposal only","SKIPPED — unresolved identity","B810 (possible match only)","entire release","Old output incorrectly labels 08.1 as an SMWS code, then removes that claimed identity fact. The candidate and proposed 59.3% ABV do not recover an auction source. All recovered observation sets and the source index were checked. No original auction title, lot URL or verified label join survives. Skip the entire row; do not replay a proposed edit or claim a confirmed match. No production write.",""
"1150","Original source missing — Octomore 12.3 proposal only","SKIPPED — unresolved identity","B1852 (possible match only)","entire release","Old output incorrectly labels 12.3 as an SMWS code; the later observation rejects the match. The proposed 62.1% ABV is not independently verified for the lost source. All recovered observation sets and the source index were checked. No original auction title, lot URL or verified label join survives. Skip the entire row; do not replay a proposed edit or claim a confirmed match. No production write.",""
"1187","Original source missing — Redbreast twelve-year proposal only","SKIPPED — unresolved identity","B8812 (possible match only)","entire release","Only a twelve-year candidate and proposed 40% ABV survive. All recovered observation sets and the source index were checked. No original auction title, lot URL or verified label join survives. Skip the entire row; do not replay a proposed edit or claim a confirmed match. No production write.",""
"1190","Original source missing — SMWS B3.5 proposal only","SKIPPED — unresolved identity","B49493 (possible match only)","entire release","The B3.5 code, title Bacon jam, five-year age, 59.8% and 2014 are candidate facts, not a recovered source label. All recovered observation sets and the source index were checked. No original auction title, lot URL or verified label join survives. Skip the entire row; do not replay a proposed edit or claim a confirmed match. No production write.",""
"1198","TBWC Rosebank - Batch 2","ADDED EARLIER — create and image verified","B52415","","Legacy import record. The create receipt and later image write agree on the Bottle ID and name.","https://whiskyauctioneer.com/whisky-lot/8213373/rosebank-boutique-y-whisky-company-28-year-old-batch-2"
"1205","Original source missing — Royal Brackla twenty-one-year proposal only","SKIPPED — unresolved identity","B915 (possible match only)","entire release","Only a twenty-one-year candidate and proposed 46% ABV survive; no original finish or edition is established. All recovered observation sets and the source index were checked. No original auction title, lot URL or verified label join survives. Skip the entire row; do not replay a proposed edit or claim a confirmed match. No production write.",""
"1226","Original source missing — The Single Malts of Scotland Teaninich proposal only","SKIPPED — unresolved identity","B12961 (possible match only)","entire release","Only a twelve-year 2008 candidate and proposed 48% ABV survive. All recovered observation sets and the source index were checked. No original auction title, lot URL or verified label join survives. Skip the entire row; do not replay a proposed edit or claim a confirmed match. No production write.",""
"1248","Springbank Duty Paid Sample","ADDED EARLIER — create and image verified","B52416","","Legacy import record. The create receipt and later image write agree on the Bottle ID and name.","https://whiskyauctioneer.com/whisky-lot/5283579/springbank-2016-duty-paid-sample-9-year-old-fresh-sherry"
"1249","Original source missing — Springbank twenty-five-year proposal only","SKIPPED — unresolved identity","B469 (possible match only)","entire release","Only a twenty-five-year candidate and proposed 46% ABV survive. A historical warning reports conflicting strengths for this same candidate ID. All recovered observation sets and the source index were checked. No original auction title, lot URL or verified label join survives. Skip the entire row; do not replay a proposed edit or claim a confirmed match. No production write.",""
"1250","Original source missing — Springbank forty-year proposal only","SKIPPED — unresolved identity","B19256 (possible match only)","entire release","Only a forty-year candidate and proposed 40.1% ABV survive; no original release year or label is available. All recovered observation sets and the source index were checked. No original auction title, lot URL or verified label join survives. Skip the entire row; do not replay a proposed edit or claim a confirmed match. No production write.",""
"1255","St Kilian Bud Spencer Batch 1","SKIPPED — unresolved identity","B2234 (possible match only)","entire release","Existing Bud Spencer single-malt record has unsupported age 10, no batch or ABV, and only a generic reference. It may cover Batch 1. Do not use bad existing facts as proof of a net-new release.","https://whiskyauctioneer.com/whisky-lot/8203424b/st-kilian-bud-spencer-batch-1 | https://www.stkiliandistillers.com/en/blogs/presse-news/st-kilian-launcht-bud-spencer-whisky | https://www.stkiliandistillers.com/en/blogs/presse-news/br-fernsehen-zu-gast-bei-st-kilian | https://whiskyauctioneer.com/learn/explore-whisky/bottles/st-kilian-bud-spencer-batch-1"
"1257","Original source missing — Stagg batch lead proposal only","SKIPPED — unresolved identity","B13404 (possible match only)","entire release","Only a rejected thirteenth-edition candidate and parser fragment batch 25 survive. The fragment cannot distinguish a complete batch code or prove a source join. Do not create a guessed Batch 25 release. All recovered observation sets and the source index were checked. No original auction title, lot URL or verified label join survives. Skip the entire row; do not replay a proposed edit or claim a confirmed match. No production write.",""
"1258","Original source missing — Stagg batch lead proposal only","SKIPPED — unresolved identity","B13404 (possible match only)","entire release","Only a rejected thirteenth-edition candidate and parser fragment batch 25 survive. The fragment cannot distinguish a complete batch code or prove a source join. Do not declare this a duplicate of row 1257. All recovered observation sets and the source index were checked. No original auction title, lot URL or verified label join survives. Skip the entire row; do not replay a proposed edit or claim a confirmed match. No production write.",""
"1266","Suntory Whisky Old","ADDED — optional facts left blank","B52775","statedAge | distillers | singleCask | caskStrength | naturalColor | nonChillFiltered | maltPhenolPpm | vintageYear | bottlingYear | releaseYear | releaseMonth | releaseDay | maturation | caskNumber | outturn | image","The constituent distilleries, exact age, dates, maturation, cask facts, outturn, color and filtration claims, PPM and flavor profile remain unknown. Tourney Club, Golf Ball Decanter and 10cl are package facts, so they are not stored as an edition or in the Bottle name. Exact clean package image saved locally, but it is not suitable as the representative image for the base Bottle. No image upload attempted.","https://whiskyauctioneer.com/whisky-lot/5283620/suntory-old-whisky-tourney-club-golf-ball-decanter | https://house.suntory.com/japanese-whisky-definition"
"1312","Original source missing — Uncle Nearest 1856 proposal only","SKIPPED — unresolved identity","B14231 (possible match only)","entire release","Only the 1856 expression candidate and proposed 50% ABV survive. The parser's year 1856 does not establish a distillation, bottling or release year. All recovered observation sets and the source index were checked. No original auction title, lot URL or verified label join survives. Skip the entire row; do not replay a proposed edit or claim a confirmed match. No production write.",""
"1317","Original source missing — Weller Antique 107 proposal only","SKIPPED — unresolved identity","B44136 (possible match only)","entire release","Only an Antique 107 candidate and its 53.5% ABV survive; the original source identity is absent. All recovered observation sets and the source index were checked. No original auction title, lot URL or verified label join survives. Skip the entire row; do not replay a proposed edit or claim a confirmed match. No production write.",""
"1322","White Heather Blended Scotch Whisky","ADDED — optional facts left blank","B52439","singleCask | caskStrength | naturalColor | nonChillFiltered | maltPhenolPpm | vintageYear | bottlingYear | releaseYear | releaseMonth | releaseDay | maturation | caskNumber | outturn","Broad era estimates remain unstructured. Other distilleries, maturation, dates, cask details, outturn, colour and filtration are not established. No aliases, references, series, merges or grouping changes proposed.","https://assets.whiskyauctioneer.com/2026-08/8212784-001.jpg | https://www.whiskyantique.com/en/white-heather-5yo-bot-60-70-s-100cl-43-4-blended-bl0464e | https://whisky.auction/auctions/lot/7098/white-heather-five-years-old"
"1348","Coca Buton Liquore","SKIPPED — not whisky","","entire release","The exact auction lot is Coca Buton Liquore at 36.5%. Brand owner Gruppo Montenegro identifies Coca Buton as a coca-leaf liqueur. It is not whisky. No Bottle or entity added.","https://whiskyauctioneer.com/whisky-lot/8212886/coca-buton-liquore | https://gruppomontenegro.com/brand/spirits/"
"1349","Guillon L'Esprit du Malt","SKIPPED — not whisky","","entire release","SKIPPED with no production write. The exact images identify three distinct finishes hidden behind the same generic auction title: Meursault, Sauternes and Vin de Paille. More importantly, the exact back label calls the product a cereal-based spirit drink, and the producer and regional sources call L'Esprit du Malt a spirit rather than whisky. Peated's Bottle form supports only whisky categories. The source-title collision is retained here, but none of these non-whisky releases belongs in the catalog.","https://whiskyauctioneer.com/whisky-lot/7043749/guillon-lesprit-du-malt | https://whiskyauctioneer.com/whisky-lot/7043752/guillon-lesprit-du-malt | https://whiskyauctioneer.com/whisky-lot/7043751/guillon-lesprit-du-malt | https://www.distillerie-guillon.com/fr/19-nos-spiritueux?p=2 | https://www.madeinmarne.fr/entreprises/distillerie-guillon"
"1356","Callington Mill Distillery Blue Lake Lodge","ADDED — optional facts left blank","B52445","distillers | statedAge | caskStrength | maltPhenolPpm | vintageYear | bottlingYear | releaseYear | releaseMonth | releaseDay | caskNumber | outturn","Actual distillation site unresolved and intentionally unassigned. Exact age, vintage, bottling/release dates, outturn, cask identifiers, cask strength and phenol unknown. Current retail collection membership is not proof of a named historical series. No alias/reference/group changes.","https://callingtonmilldistillery.com/products/blue-lake-lodge-tasmanian-single-malt-whisky | https://assets.whiskyauctioneer.com/2026-08/7044141-001.jpg | https://ozwhiskyreview.com.au/review-callington-mills-leap-of-faith-series/"
"1358","Cockburn Single Malt","ADDED — optional facts left blank","B52776","distillers | bottler | caskStrength | naturalColor | nonChillFiltered | maltPhenolPpm | vintageYear | bottlingYear | releaseYear | releaseMonth | releaseDay | caskNumber | outturn | image","The actual distillery and bottler, exact bottling and release dates, cask strength, color and filtration claims, cask number, outturn, PPM and flavor profile remain unknown. The 1990s date is an auction estimate and is not stored as an exact year. Istituto Enologico Italiano is named only as importer and distributor, so it is not stored as bottler. Exact clean image saved locally. Upload pending: the JSON CLI does not accept multipart files. No direct credential-based upload attempted.","https://whiskyauctioneer.com/whisky-lot/8213089/cockburn-6-year-old-single-malt | https://whiskyauctioneer.com/learn/explore-whisky/bottles/cockburn-6-year-old-single-malt?v=5279751 | https://www.whiskybase.com/whiskies/whisky/28514/cockburn-06-year-old"
"1360","Dunhill Old Master Scotch Whisky","SKIPPED — unresolved identity","E2641 (conflicting Brand identity)","entire release","SKIPPED with no production write. Exact images and independent sources identify Alfred Dunhill Old Master, a 43% no-age-statement blended Scotch created for the luxury retailer by IDV in the 1980s. The 70cl and 75cl lots are package variants of that release. Production has no matching Bottle, but its only exact-name Dunhill Brand, E2641, is explicitly described as the separate short-lived Kasser Distillers product introduced in the United States in 1963 after a trademark conflict with Alfred Dunhill. Reusing E2641 would attach the Bottle to the wrong Brand identity. Creating another identical-name Dunhill Entity would create an unresolved duplicate. This requires a separately approved Entity correction or merge before the Bottle can be added.","https://whiskyauctioneer.com/whisky-lot/5283395/dunhill-old-master-scotch-whisky | https://whiskyauctioneer.com/whisky-lot/5280803/dunhill-old-master-scotch-whisky | https://whiskyauctioneer.com/learn/explore-whisky/bottles/dunhill-old-master-scotch-whisky-0?v=5286572 | https://scotchwhisky.com/whiskypedia/2361/dunhill/ | https://scotchwhisky.com/whiskypedia/3183/alfred-dunhill/ | https://www.thewhiskyexchange.com/p/30082/dunhill-old-master"
"1367","Original source missing — Hakushu Distiller's Reserve proposal only","SKIPPED — unresolved identity","B47019 (possible match only)","entire release","Only a Distiller's Reserve candidate and its 43% ABV survive. All recovered observation sets and the source index were checked. No original auction title, lot URL or verified label join survives. Skip the entire row; do not replay a proposed edit or claim a confirmed match. No production write.",""
"1368","Original source missing — Hakushu Japanese Forest Bittersweet Edition proposal only","SKIPPED — unresolved identity","B51786 (possible match only)","entire release","Only a candidate with 43% ABV and 2023 survives. These candidate facts cannot prove the original release. All recovered observation sets and the source index were checked. No original auction title, lot URL or verified label join survives. Skip the entire row; do not replay a proposed edit or claim a confirmed match. No production write.",""
"1396","The Aisling Boilermaker - Apera Cask Series 2","ADDED — optional facts left blank","B52777","statedAge | caskStrength | naturalColor | nonChillFiltered | maltPhenolPpm | vintageYear | bottlingYear | releaseMonth | releaseDay | image","The age, exact release month and day, cask strength, color and filtration claims, vintage and bottling years, PPM and flavor profile remain unknown. Exact clean image saved locally. Upload pending: the JSON CLI does not accept multipart files. No direct credential-based upload attempted.","https://whiskyauctioneer.com/whisky-lot/7044105/aisling-boilermaker-apera-cask-series-2 | https://whiskyauctioneer.com/learn/explore-whisky/bottles/aisling-boilermaker-apera-cask-series-2 | https://spiritofthemaker.com.au/products/the-aisling-single-malt-whisky-boilermaker-apera-cask | https://www.whiskybase.com/whiskies/whisky/175396/the-aisling-boilermaker-apera-cask"
"1397","The Aisling Boilermaker - Tawny Cask Series 1","ADDED — optional facts left blank","B52778","statedAge | caskStrength | naturalColor | nonChillFiltered | maltPhenolPpm | vintageYear | bottlingYear | releaseMonth | releaseDay | caskNumber | image","The age, exact release month and day, cask strength, color and filtration claims, vintage and bottling years, exact cask numbers, PPM and flavor profile remain unknown. Exact clean image saved locally. Upload pending: the JSON CLI does not accept multipart files. No direct credential-based upload attempted.","https://whiskyauctioneer.com/whisky-lot/7044102/aisling-boilermaker-tawny-cask-series-1 | https://whiskyauctioneer.com/learn/explore-whisky/bottles/aisling-boilermaker-tawny-cask-series-1 | https://www.tasteaussiedrams.com.au/products/aisling-distillery-tawny-cask-series-1-various-size-samples | https://www.whiskybase.com/whiskies/whisky/175395/the-aisling-boilermaker-tawny-cask"
"1399","Original source missing — Ancient Age ten-year proposal only","SKIPPED — unresolved identity","B42882 (possible match only)","entire release","Only a ten-year candidate survives; no source label or complete marketed expression is available. All recovered observation sets and the source index were checked. No original auction title, lot URL or verified label join survives. Skip the entire row; do not replay a proposed edit or claim a confirmed match. No production write.",""
"1417","Braeckman Double Cask - Batch No. 1","ADDED — optional facts left blank","B52779","statedAge | caskStrength | maltPhenolPpm | vintageYear | bottlingYear | releaseMonth | releaseDay | caskNumber | outturn | image","The exact age, release month and day, vintage and bottling years, cask strength, cask numbers, exact outturn, PPM and flavor profile remain unknown. A visible bottle-number panel is not legible enough to support an outturn. Exact clean image saved locally. Upload pending: the JSON CLI does not accept multipart files. No direct credential-based upload attempted.","https://whiskyauctioneer.com/whisky-lot/7044049/braeckman-double-cask-batch-no1 | https://whiskyauctioneer.com/learn/explore-whisky/bottles/braeckman-double-cask-batch-no1?v=5291759 | https://www.braeckman.eu/en/products/whisky/single-malt-double-cask | https://www.braeckman.eu/nl/producten/whisky/single-malt-double-cask"
"1421","Buton Slivovitz","SKIPPED — not whisky","","entire release","The exact lot describes Buton Slivovitz as fruit brandy made from damson plums. It is not whisky. No Bottle or entity added.","https://whiskyauctioneer.com/whisky-lot/8204788b/buton-slivovitz"
"1423","Callington Mill Distillery Invicta","ADDED — optional facts left blank","B52446","distillers | statedAge | caskStrength | maltPhenolPpm | vintageYear | bottlingYear | releaseYear | releaseMonth | releaseDay | caskNumber | outturn","Actual distillation site not established for this release; distillers stay empty. Exact age, vintage, bottling/release dates, cask number, outturn, cask strength and phenol unknown. Current Classic Range merchandising not assigned as a historical series. No aliases/references/merges/group changes.","https://callingtonmilldistillery.com/products/invicta-tasmanian-single-malt-whisky | https://assets.whiskyauctioneer.com/2026-08/7044145-001.jpg | https://assets.thewhiskylist.com.au/media/uploads/2024/02/02/15455_wwhiskiesa24-winnerlist-a4.pdf"
"1429","Chartreuse De Tarragona 1973-1989 Green Label","SKIPPED — not whisky","","entire release","The exact lot is green Chartreuse at 55%. The producer identifies green Chartreuse as a botanical liqueur made with alcohol, sugar, water and plants. The historical Tarragona presentation does not make it whisky. No Bottle or entity added.","https://whiskyauctioneer.com/whisky-lot/5283436/chartreuse-de-tarragona-1973-1989-green-label | https://www.chartreuse.fr/en/produit/green-chartreuse/"
"1430","Chartreuse De Voiron VEP Green Label Litre","SKIPPED — not whisky","","entire release","The exact lot is green Chartreuse VEP at 54%, classified as a spirit drink. The producer describes VEP as extended-aged green botanical liqueur. Cask ageing does not make it whisky. No Bottle or entity added.","https://whiskyauctioneer.com/whisky-lot/7044059/chartreuse-de-voiron-vep-green-label-litre | https://www.chartreuse.fr/en/produit/chartreuse-vep-green/"
"1431","Chartreuse Diffusion Green 1970s","SKIPPED — not whisky","","entire release","The exact lot is the historical green Chartreuse liqueur, not whisky. The producer establishes its botanical liqueur identity. No proof conversion, estimated dates, Bottle or entity added.","https://whiskyauctioneer.com/whisky-lot/7043812/chartreuse-diffusion-green-1970s | https://www.chartreuse.fr/en/produit/green-chartreuse/"
"1433","Chartreuse Voiron Green Label","SKIPPED — not whisky","","entire release","The exact lot is green Chartreuse at 55%, classified as a spirit drink. The producer identifies it as botanical liqueur, not whisky. No Bottle or entity added.","https://whiskyauctioneer.com/whisky-lot/8214037/chartreuse-voiron-green-label | https://www.chartreuse.fr/en/produit/green-chartreuse/"
"1436","Clan Campbell The Noble Scotch Whisky","ADDED — optional facts left blank","B52440","distillers | singleCask | caskStrength | naturalColor | nonChillFiltered | maltPhenolPpm | vintageYear | bottlingYear | releaseYear | releaseMonth | releaseDay | maturation | caskNumber | outturn","Historical brand launch dates do not prove the release date of this Noble presentation. Source distilleries and all other null traits lack exact evidence. No aliases, references, series, merges or grouping changes proposed.","https://assets.whiskyauctioneer.com/2026-08/8212861-001.jpg | https://www.whiskybase.com/whiskies/whisky/78292/clan-campbell-05-year-old | https://www.whiskytrades.com/lot-clan-campbell-5-years-old-40---4940"
"1438","Cluny Scotch Whisky","ADDED — optional facts left blank","B52441","distillers | statedAge | abv | singleCask | caskStrength | naturalColor | nonChillFiltered | maltPhenolPpm | vintageYear | bottlingYear | releaseYear | releaseMonth | releaseDay | maturation | caskNumber | outturn","ABV and exact era remain unknown. No unsupported 40%, 1940 or source distilleries. Other null fields lack exact evidence. No aliases or references added in this batch; Macpherson's wording preserved in sourced description. No series, merges or grouping changes proposed.","https://assets.whiskyauctioneer.com/2026-08/8213550-001.jpg | https://www.scotchwhiskyauctions.com/auctions/68-the-37th-auction/35380-macphersons-cluny-1940s-bottling/ | https://whisky.auction/auctions/lot/113867/macpherson-s-cluny"
"1439","The Clydeside Distillery Single Malt Scotch Whisky - 2026 Limited Edition","ADDED — optional facts left blank","B52444","caskStrength | maltPhenolPpm | bottlingYear | releaseMonth | releaseDay | caskNumber","No precise release month/day, bottling year, cask number, phenol or flavour-profile assignment. Cask strength not inferred from 46%. No separate series or alternate marketed name established. No alias/reference/group changes.","https://www.theclydeside.com/online-shop/2026-limited-edition-release/ | https://www.theclydeside.com/media/gcmlkun4/tcd-2026le-web4.png | https://assets.whiskyauctioneer.com/2026-08/5280642-001.jpg"
"1440","Cointreau Liqueur Extra Dry 1.5-Litre","SKIPPED — not whisky","","entire release","The exact lot is Cointreau Extra Dry at 40%. The producer identifies Cointreau as orange liqueur/triple sec made with orange peels, neutral alcohol, water and sugar. It is not whisky. No Bottle or entity added.","https://whiskyauctioneer.com/whisky-lot/8212817/cointreau-liqueur-extra-dry-15-litre | https://www.cointreau.com/us/en/faq"
"1448","Drambuie Jacobite Collection 45 Year Old Decanter","SKIPPED — not whisky","","entire release","The exact lot is Drambuie Jacobite at 40%. The exact retailer listing and contemporary launch account describe whisky blended with Drambuie's herbal recipe: a whisky-based liqueur, not whisky. The 45-year-old whisky component does not establish an in-scope Bottle. Conflicting outturn claims are immaterial to exclusion and were not copied.","https://whiskyauctioneer.com/whisky-lot/5283550/drambuie-jacobite-collection-45-year-old-decanter | https://www.thewhiskyexchange.com/p/15372/drambuie-jacobite-45-year-old | https://www.thespiritsbusiness.com/2011/08/drambuie-launches-spirit-of-%E2%80%9945-%E2%80%93-latest-in-the-jacobite-collection/"
"1450","Duncan Mackay's Royal No.1 Old Scotch Whisky","SKIPPED — unresolved identity","E6047 (conflicting Entity model)","entire release","SKIPPED with no production write. The exact label identifies Duncan Mackay's Royal No. 1 Old Scotch Whisky, a 75-proof (43% ABV) blended Scotch produced by Duncan Bros. & Mackay Ltd. of Glasgow and London. Independent auction records corroborate the same release and company. Production has an exact-name Duncan Bros. & Mackay Entity, E6047, but it is modeled as a Speyside distillery and carries an unrelated modern website, Isle of Lewis address and unsupported history. Reusing it would attach the Bottle to a materially incorrect producer identity, while creating a duplicate exact-name Entity would make the catalog conflict worse. The Entity must be corrected through a separately approved operation before this Bottle can be added.","https://whiskyauctioneer.com/whisky-lot/8213540/duncan-mackays-royal-no1-old-scotch-whisky | https://whiskyauctioneer.com/learn/explore-whisky/bottles/duncan-mackays-royal-no1-old-scotch-whisky?v=5287550 | https://live.whisky-onlineauctions.com/pages/product-history-page?mproduct=duncan-mackay-s-royal-no1-blended-scotch-whisky&mproductId=7218127995044&sort_by=1744312907"
"1456","Fire Water North American Blended Whiskey","SKIPPED — unresolved identity","","entire release","SKIPPED with no production write. Sources agree on the Fire Water consumer label, North American Blended Whiskey wording, NAS status, 40% ABV and 700ml package. They do not establish a consistent producer or origin: Whiskybase says bottled for José Estévez in Spain, an independent Mexican review says the whisky is made in Spain by José Estévez, and a German retailer says the origin is the United States and describes a blend of North American whiskies. 'Bottled for' does not prove the bottler, and the marketing phrase 'North American' does not prove country of production. The exact lot image could not be recovered from the public asset endpoint. Brand, producer and country dependencies remain unresolved, so no Bottle or Entity was added.","https://whiskyauctioneer.com/whisky-lot/8203328b/fire-water-north-american-blended-whiskey | https://whiskyauctioneer.com/learn/explore-whisky/bottles/fire-water-north-american-blended-whiskey | https://www.whiskybase.com/whiskies/whisky/82006/fire-water-nas | https://www.whiskymx.com/post/fire-water-whiskey | https://www.spirituosen-superbillig.com/Fire-Water-Blended-Whiskey-07l-40.html"
"1462","Glen Carren 8-year-old","ADDED — optional facts left blank","B52780","distillers | caskStrength | nonChillFiltered | maltPhenolPpm | vintageYear | bottlingYear | releaseYear | releaseMonth | releaseDay | caskNumber | outturn | image","The component distilleries, exact bottling date, vintage and release year, cask strength, non-chill-filtered status, cask numbers, outturn, PPM and flavor profile remain unknown. Auction decade estimates are not stored as an exact year. Exact clean image saved locally. Upload pending: the JSON CLI does not accept multipart files. No direct credential-based upload attempted.","https://whiskyauctioneer.com/whisky-lot/5281119/glen-carren-8-year-old-1970s | https://whisky.auction/auctions/lot/176265/glen-carren-8-year-old | https://www.thewhiskyexchange.com/p/6625/glen-carren-8-year-old-bot1970s"
"1468","Glen Parker Single Malt","ADDED — optional facts left blank","B52781","statedAge | distillers | caskStrength | naturalColor | nonChillFiltered | maltPhenolPpm | vintageYear | bottlingYear | releaseYear | releaseMonth | releaseDay | caskNumber | outturn | image","The source distillery, exact age and date, vintage, release year, cask strength, natural-color and chill-filtration status, cask numbers, outturn, PPM and flavor profile remain unknown. A current producer source attributes later packaging to Angus Dundee, but the inspected historical label names James Parker; no unsupported ownership or distillery inference is stored. Exact clean front and back images saved locally. Upload pending: the JSON CLI does not accept multipart files. No direct credential-based upload attempted.","https://whiskyauctioneer.com/whisky-lot/5281128/glen-parker-single-malt | https://distiller.com/spirits/glen-parker-single-malt | https://www.whisky.com/whisky-database/details/noch-nicht-vorhanden-glen-parker.html"
"1470","Glenfinnan Malt Whisky","ADDED — optional facts left blank","B52782","statedAge | distillers | bottler | caskStrength | naturalColor | nonChillFiltered | maltPhenolPpm | vintageYear | bottlingYear | releaseYear | releaseMonth | releaseDay | caskNumber | outturn | image","The component distilleries and actual bottler, exact date, vintage and release year, cask strength, natural-color and chill-filtration status, cask numbers, outturn, PPM and flavor profile remain unknown. The approximate 1980s package date is not stored as an exact year. Exact clean front and back images saved locally. Upload pending: the JSON CLI does not accept multipart files. No direct credential-based upload attempted.","https://whiskyauctioneer.com/whisky-lot/5281124/glenfinnan-malt-whisky | https://whiskyauctioneer.com/learn/explore-whisky/bottles/glenfinnan-malt-whisky?v=5284076 | https://www.just-whisky.co.uk/product/glenfinnan-malt-whisky-75cl-1423284 | https://www.thegrandwhiskyauction.com/lot-170627/glenfinnan-malt-whisky/"
"1475","Golden Times 3-year-old","ADDED — optional facts left blank","B52783","caskStrength | nonChillFiltered | maltPhenolPpm | vintageYear | releaseYear | releaseMonth | releaseDay | maturation | caskNumber | outturn | image","The grain recipe, exact casks and dates, vintage and release year, cask strength, chill-filtration status, cask numbers, outturn, PPM and flavor profile remain unknown. Retail tasting language is not stored as a structured flavor profile. Exact clean retail image saved locally. Upload pending: the JSON CLI does not accept multipart files. No direct credential-based upload attempted.","https://whiskyauctioneer.com/whisky-lot/8203327b/golden-times-3-year-old | https://www.lidl.de/p/golden-times-schwarzwald-blended-whisky-3-jahre-43-vol/p100382785 | https://www.whiskybase.com/de/whiskies/whisky/266540/blended-whisky-03-year-old | https://bimmerle.de/produktion/"
"1476","Gordon Barratt Very Special Old Liqueur Scotch Whisky","SKIPPED — unresolved identity","","entire release","SKIPPED with no production write. The exact label identifies Gordon Barratt Very Special Old Liqueur Scotch Whisky and says 'Old Highland Malt Only,' but it gives no source distillery, modern category, age statement or ABV. A historical trade directory identifies Gordon Barratt of Bungay as an importer of wines and spirits, not a distillery or proved bottler. The historic words 'liqueur' and 'malt only' do not safely distinguish single malt from blended malt under the current catalog model. Fresh complete Peated searches found no matching Entity or Bottle. Creating a Brand and Bottle would therefore require unsupported producer and category decisions, so the entire release remains flagged until stronger evidence is found.","https://whiskyauctioneer.com/whisky-lot/5283677/gordon-barratt-very-special-old-liqueur-scotch-whisky | https://whiskyauctioneer.com/learn/explore-whisky/bottles/gordon-barratt-very-special-old-liqueur-scotch-whisky | https://leicester.contentdm.oclc.org/digital/api/collection/p16445coll4/id/222897/download"
"1477","Grand Marnier Cordon Rouge 1.5-Litre","SKIPPED — not whisky","","entire release","Exact neck label reads Cordon Rouge; front says Grand Marnier, Liqueur and Triple Orange. Producer identifies Cordon Rouge as a cognac-and-orange liqueur. Exclude the entire row from the whisky catalog. Package volume does not change this decision. No production write.","https://whiskyauctioneer.com/whisky-lot/8212818/grand-marnier-cordon-rouge-15-litre | https://www.grandmarnier.com/fr-fr/notre-collection/cordon-rouge/"
"1478","Grand Marnier Cuvee Speciale","SKIPPED — not whisky","","entire release","Exact silver front plaque reads Grand Marnier, Liqueur and Cuvee Speciale. This is a liqueur, not whisky. Exclude the entire row. No facts borrowed from Cordon Rouge or another cuvee; no production write.","https://whiskyauctioneer.com/whisky-lot/5283185/grand-marnier-cuvee-speciale"
"1483","Guillon 20eme Anniversaire L'Esprit du Malt","SKIPPED — not whisky","","entire release","SKIPPED with no production write because the exact back label identifies this as 'Boisson spiritueuse à base de céréales hydrolysées et chaptalisées' at 43% ABV. It is a French cereal-based spirit drink, not a whisky under the Peated catalog model. The 20th Anniversary presentation does not change that legal product identity. Exact front and back images were inspected and retained.","https://whiskyauctioneer.com/whisky-lot/7043753/guillon-20eme-anniversaire-lesprit-du-malt | https://whiskyauctioneer.com/learn/explore-whisky/bottles/guillon-20eme-anniversaire-lesprit-du-malt?v=5285990"
"1484","Guillon No.1 L'Esprit du Malt","SKIPPED — not whisky","","entire release","SKIPPED with no production write because the exact back label identifies Guillon No.1 as 'Boisson spiritueuse à base de céréales hydrolysées et chaptalisées' at 46% ABV. An independent retailer also classifies No.1 as a malt-based spirit drink. It is not a whisky under the Peated catalog model. Exact front and back images were inspected and retained.","https://whiskyauctioneer.com/whisky-lot/7043750/guillon-no1-lesprit-du-malt | https://www.moncopaincaviste.com/fr/Guillon-Distillerie-43-70-cl-12667.html"
"1488","Original source missing — Hakushu Kogei Collection proposal only","SKIPPED — unresolved identity","B51787 (possible match only)","entire release","Only a Peated Malt Spanish Oak candidate with 43% ABV and 2024 survives. These candidate facts cannot prove the original release. All recovered observation sets and the source index were checked. No original auction title, lot URL or verified label join survives. Skip the entire row; do not replay a proposed edit or claim a confirmed match. No production write.",""
"1497","Hennessy 250 Collectors Blend 1 Litre","SKIPPED — not whisky","","entire release","Exact lot classifies the product as Cognac. Its Hennessy 250 bottle and matching presentation box were inspected. Collectors Blend does not mean blended whisky. Exclude the entire row; no production write.","https://whiskyauctioneer.com/whisky-lot/5281283/hennessy-250-collectors-blend-1-litre"
"1498","Hennessy First Landing","SKIPPED — not whisky","","entire release","Exact bottle engraving reads Cognac, Hennessy and First Landing 1868. Independent auction evidence also identifies First Landing as cognac. Exclude the entire row; do not treat 1868 as a whisky vintage. No production write.","https://whiskyauctioneer.com/whisky-lot/5271903/hennessy-first-landing | https://www.sothebys.com/en/buy/auction/2026/finest-and-rarest-spirits/hennessy-first-landing-1868-cognac-40-0-abv-nv-1"
"1502","Highland Clan Special Reserve","ADDED — optional facts left blank","B52784","statedAge | distillers | caskStrength | naturalColor | nonChillFiltered | maltPhenolPpm | vintageYear | bottlingYear | releaseYear | releaseMonth | releaseDay | maturation | caskNumber | outturn | image","The component distilleries, exact age and date, vintage and release year, maturation, cask strength, natural-color and chill-filtration status, cask numbers, outturn, PPM and flavor profile remain unknown. The auction's approximate 1980s date is not stored as an exact release year. Exact clean front and back images saved locally. Upload pending: the JSON CLI does not accept multipart files. No direct credential-based upload attempted.","https://whiskyauctioneer.com/whisky-lot/8213801/highland-clan-special-reserve-1980s | https://www.whiskybase.com/whiskies/whisky/95308/highland-clan-scotch-whisky | https://assethub.sg/wp-content/uploads/2025/12/Lot-2-Listing.pdf | https://scotchwhisky.com/magazine/whisky-heroes/18307/jimmy-barclay-ballantine-s-and-chivas-regal/"
"1506","Hinotori 5 Year Old","SKIPPED — unresolved identity","","entire release","Hinotori 5-year at 43% has a readable identity label, but distributor copy associates its 2019 anniversary launch with Hekinan, which the same page says restarted in 2019 after closure in 1959. Production provenance and bottler need reliable confirmation before creating those relationships.","https://www.bbcspirits.com/gb/whiskies/611-whisky-japan-hinotori-blended-4971435747043.html | https://assets.whiskyauctioneer.com/2026-08/7043863-001.jpg"
"1507","Holt's Buff Label","ADDED — optional facts left blank","B52785","statedAge | distillers | caskStrength | naturalColor | nonChillFiltered | maltPhenolPpm | vintageYear | bottlingYear | releaseYear | releaseMonth | releaseDay | maturation | caskNumber | outturn | image","The component distilleries, exact date and age, vintage and release year, maturation, cask strength, natural-color and chill-filtration status, cask numbers, outturn, PPM and flavor profile remain unknown. The source title's sherry-cask claim is not printed on the exact label and is not stored. Exact clean front and back images saved locally. Upload pending: the JSON CLI does not accept multipart files. No direct credential-based upload attempted.","https://whiskyauctioneer.com/whisky-lot/5283403/holts-buff-label-sherry-cask-blend | https://www.whiskybase.com/whiskies/whisky/225111/holts-buff-label-blended-scotch-whisky?language=en | https://www.whisky-monitor.com/index.jsp?dir=asc&sort=age&tid=9 | https://www.trademarkelite.com/australia/trademark/trademark-detail/263901/HOLT-S-BUFF-LABEL"
"1509","Horse Guards 8-year-old","ADDED — optional facts left blank","B52786","distillers | caskStrength | naturalColor | nonChillFiltered | maltPhenolPpm | vintageYear | bottlingYear | releaseYear | releaseMonth | releaseDay | maturation | caskNumber | outturn | image","The component distilleries, exact date, vintage and release year, maturation, cask strength, natural-color and chill-filtration status, cask numbers, outturn, PPM and flavor profile remain unknown. The independent 1960s estimate is not stored as an exact year. Exact clean front and back images saved locally. Upload pending: the JSON CLI does not accept multipart files. No direct credential-based upload attempted.","https://whiskyauctioneer.com/whisky-lot/5278232/horse-guards-8-year-old-scotch-whisky | https://whiskyauctioneer.com/learn/explore-whisky/bottles/horse-guards-8-year-old-scotch-whisky | https://www.cgarsltd.co.uk/horse-guards-year-old-luxe-1960s-muschio-import-75cl-p-37283.html | https://www.spiritonline.de/46S.HTML"
"1510","Ikawa 2021 Bourbon Barrel - Milano Whisky Festival Exclusive","ADDED — optional facts left blank","B52787","statedAge | maltPhenolPpm | releaseMonth | releaseDay | image","No stated age appears on the label; the four-year duration is calculated and is not stored as statedAge. The exact public release month and day, malt PPM and flavor profile remain unknown. Bottling month is evidenced in the description but the Bottle form has no bottling-month field. Exact clean front and back images saved locally. Upload pending: the JSON CLI does not accept multipart files. No direct credential-based upload attempted.","https://whiskyauctioneer.com/whisky-lot/8213145/ikawa-2021-bourbon-barrel | https://whiskyauctioneer.com/learn/explore-whisky/bottles/ikawa-2021-bourbon-barrel | https://www.whiskybase.com/whiskies/whisky/293266/ikawa-2021 | https://juzan.co.jp/contents/ikawadistillery/"
"1521","Isle of Tiree Single Cask Release","ADDED — optional facts left blank","B52788","statedAge | caskStrength | naturalColor | nonChillFiltered | maltPhenolPpm | releaseMonth | releaseDay | image","No stated age appears on the exact label. Cask-strength, natural-color and chill-filtration status, exact release month and day, malt PPM and flavor profile remain unknown. Tiree Whisky Company Ltd is captured in evidence but no separate company Entity is required for the Bottle form. Exact clean front and back images saved locally. Upload pending: the JSON CLI does not accept multipart files. No direct credential-based upload attempted.","https://whiskyauctioneer.com/whisky-lot/5280638/isle-tiree-2022-single-cask-release | https://whiskyauctioneer.com/learn/explore-whisky/bottles/isle-tiree-2022-single-cask-release | https://www.whiskybase.com/whiskies/whisky/300182/isle-of-tiree-hebridean-single-malt-scotch-whisky | https://www.thegrandwhiskyauction.com/lot-891115/isle-of-tiree-single-cask-release-cask-e7/ | https://www.tyreegin.com/product-page/single-cask-release-e8-isle-of-tiree-single-malt-scotch-whisky"
"1522","Original source missing — Powers candidate with conflicting code proposal only","SKIPPED — unresolved identity","B13799 (possible match only)","entire release","One parser record claims SMWS 1.125 against a Powers Three Swallow candidate; the later record rejects the match. The original source is absent, so neither Powers nor SMWS can be assigned. All recovered observation sets and the source index were checked. No original auction title, lot URL or verified label join survives. Skip the entire row; do not replay a proposed edit or claim a confirmed match. No production write.",""
"1527","Isle of Jura 1996 Boutique Barrels - 2010 Whisky Festival","ADDED — optional facts left blank","B52789","statedAge | naturalColor | maltPhenolPpm | releaseMonth | releaseDay | image","No age statement appears on the exact label. Natural-color status, exact release month and day, malt PPM and flavor profile remain unknown. The hand-selection and festival facts establish 2010 but not a more precise date for public release. Exact clean front and back images saved locally. Upload pending: the JSON CLI does not accept multipart files. No direct credential-based upload attempted.","https://whiskyauctioneer.com/whisky-lot/7043747/jura-1996-boutique-barrels | https://whiskyauctioneer.com/learn/explore-whisky/bottles/jura-1996-boutique-barrels | https://www.whiskyshop.com/auctions/a115545-jura-1996-single-cask-30-boutique-barrels-jura-whisky-festival-2010 | https://www.mctears.co.uk/auction/lot/lot-117---jura-1996-boutique-barrels-cask-30/?lot=319084"
"1529","Isle of Jura 1999 Boutique Barrels - Bourbon XU Cask Finish","ADDED — optional facts left blank","B52790","statedAge | naturalColor | releaseMonth | releaseDay | caskNumber | image","No age statement or cask number appears on the exact label. Natural-color status, exact release month and day, and flavor profile remain unknown. A lone color database assertion is not stored without corroboration. Exact clean front and back images saved locally. Upload pending: the JSON CLI does not accept multipart files. No direct credential-based upload attempted.","https://whiskyauctioneer.com/whisky-lot/5280894/jura-1999-boutique-barrels | https://www.whiskybase.com/whiskies/whisky/14609/isle-of-jura-1999 | https://www.whisky.de/flaschen-db/details/isle-of-jura-boutique-barrels-1.html | https://www.whiskynotes.be/2010/jura/jura-1999-boutique-barrels-bourbon-xu/"
"1538","Original source missing — Jura Tastival 2017 proposal only","SKIPPED — unresolved identity","B3237 (possible match only)","entire release","Only a Tastival 2017 candidate and proposed 51% ABV survive. All recovered observation sets and the source index were checked. No original auction title, lot URL or verified label join survives. Skip the entire row; do not replay a proposed edit or claim a confirmed match. No production write.",""
"1540","Original source missing — Jura The Paps proposal only","SKIPPED — unresolved identity","B2866 (possible match only)","entire release","Only a nineteen-year The Paps candidate and proposed 45.6% ABV survive. All recovered observation sets and the source index were checked. No original auction title, lot URL or verified label join survives. Skip the entire row; do not replay a proposed edit or claim a confirmed match. No production write.",""
"1544","Original source missing — Jura Turas-Mara proposal only","SKIPPED — unresolved identity","B856 (possible match only)","entire release","Only a Turas-Mara candidate and proposed 42% ABV survive. All recovered observation sets and the source index were checked. No original auction title, lot URL or verified label join survives. Skip the entire row; do not replay a proposed edit or claim a confirmed match. No production write.",""
"1551","Original source missing — Mars Komagatake Limited Edition proposal only","SKIPPED — unresolved identity","B13331 (possible match only)","entire release","Only a 2019 candidate and proposed 48% ABV survive; no original source year or edition is independently established. All recovered observation sets and the source index were checked. No original auction title, lot URL or verified label join survives. Skip the entire row; do not replay a proposed edit or claim a confirmed match. No production write.",""
"1553","The Kyoto Nishijin-Ori Aka-Obi Red Belt Label","ADDED — optional facts left blank","B52791","statedAge | distillers | caskStrength | naturalColor | nonChillFiltered | maltPhenolPpm | vintageYear | bottlingYear | caskNumber | outturn | image","The component distilleries, vintage and bottling year, cask strength, natural-color and chill-filtration status, cask numbers, outturn, malt PPM and flavor profile remain unknown. The packaging volume and barcode are evidence but are not editable Bottle identity fields in this API. Exact clean front and back stock-style images saved locally. Upload pending: the JSON CLI does not accept multipart files. No direct credential-based upload attempted.","https://whiskyauctioneer.com/whisky-lot/8203335b/kyoto-nishijin-ori-red-belt-label | https://whiskyauctioneer.com/learn/explore-whisky/bottles/kyoto-nishijin-ori-aka-obi-red-belt-label | https://kyotoshuzo.com/2021/03/22/%E3%80%90%E4%BA%AC%E9%83%BD%E5%88%9D%E3%81%AE%E3%82%A6%E3%82%A4%E3%82%B9%E3%82%AD%E3%83%BC%E8%92%B8%E6%BA%9C%E6%89%80-%E4%BA%AC%E3%81%BF%E3%82%84%E3%81%93%E8%92%B8%E6%BA%9C%E6%89%80%E3%81%8B%E3%82%89/ | https://kyotoshuzo.com/project/ | https://www.whiskyshop.com/auctions/a49743-kyoto-nishijin-ori-red-belt | https://dekanta.com/products/kyoto-nishijin-ori-red-belt-label"
"1557","Lawrenny Estate Ascension - Limited Release","ADDED — optional facts left blank","B52447","statedAge | naturalColor | maltPhenolPpm | vintageYear | releaseMonth | releaseDay | caskNumber | outturn","Natural colour, exact age, vintage, exact release day/month, outturn, cask numbers, phenol and flavour profile not established. Finish duration differs between producer sources; omit it. No series, aliases, reference or grouping changes.","https://assets.whiskyauctioneer.com/2026-08/7044133-001.jpg | https://www.lawrenny.com/discover-ascension | https://www.lawrenny.com/news/new-australian-whiskies-in-time-for-christmas | https://www.whiskyhammer.com/item/174608/Other/Lawrenny---Ascension-Limited-Edition-50cl.html"
"1558","Lawrenny Estate Port Cask - Batch P2","ADDED — optional facts left blank","B52448","statedAge | singleCask | caskStrength | naturalColor | nonChillFiltered | maltPhenolPpm | vintageYear | bottlingYear | releaseYear | releaseMonth | releaseDay | caskNumber","No release/bottling/vintage year established. WB's 2025 addition date is not a release date. No numeric age, actual cask number, single-cask or cask-strength claim, colour, filtration, phenol or flavour profile established for this batch. Do not copy facts from Ascension. No alias/reference/group changes.","https://assets.whiskyauctioneer.com/2026-08/7044120-001.jpg | https://www.whiskybase.com/whiskies/whisky/276643/lawrenny-port-cask | https://whiskyauctioneer.com/learn/explore-whisky/bottles/lawrenny-cellar-collection-port-cask-batch-p2"
"1559","Levi Serafino Acquavite di Vinaccia","SKIPPED — not whisky","","entire release","Exact label reads Acquavite di vinaccia and Levi Serafino: grape-pomace spirit, not whisky. Producer catalog corroborates grappa production. Exclude the entire row. No claim about the painted bottle's authenticity or date was needed or added. No production write.","https://whiskyauctioneer.com/whisky-lot/8213530/levi-serafino-acquavite-di-vinaccia | https://en.distilleriaromanolevi.com/grappa/"
"1560","Libarna Botte D'oro","SKIPPED — not whisky","","entire release","Exact front label names Libarna Botte D'Oro and explicitly describes Grappa pregiata invecchiata naturalmente. Exclude as grappa, not whisky. No inferred whisky category or production write.","https://whiskyauctioneer.com/whisky-lot/8205441a/libarna-botte-doro"
"1563","Original source missing — Lindores Abbey The Exclusive Cask proposal only","SKIPPED — unresolved identity","B1292 (possible match only)","entire release","Only a 2018 candidate and proposed 58.9% ABV survive. The original exact cask is absent. All recovered observation sets and the source index were checked. No original auction title, lot URL or verified label join survives. Skip the entire row; do not replay a proposed edit or claim a confirmed match. No production write.",""
"1572","Mac Dugan Rare 8-year-old","ADDED — optional facts left blank","B52792","distillers | caskStrength | naturalColor | nonChillFiltered | maltPhenolPpm | bottlingYear | releaseYear | releaseMonth | releaseDay | caskNumber | outturn | image","The component distilleries, bottling and release year, cask strength, natural-color and chill-filtration status, exact cask identifiers, outturn, malt PPM and flavor profile remain unknown. The 1978 minimum implied by vintage plus age is not stored as an exact bottling year. Exact clean front and back images saved locally. Upload pending: the JSON CLI does not accept multipart files. No direct credential-based upload attempted.","https://whiskyauctioneer.com/whisky-lot/8212911/mac-dugan-1970-8-year-old-scotch-whisky | https://www.just-whisky.co.uk/product/mac-dugan-8-years-old-1970-blended-whisky-75cl-1384480 | https://www.whiskybase.com/whiskies/brand/82649/mac-dugan | https://whiskyparadise.com/looking_find.asp?Categoria=&DataDistillazione=1970&Eta=&Imbottigliatore=&Marca=&Search_D=Search+details&offset=120&ricerca="
"1575","Martell Medaillon Fine Champagne 1960s","SKIPPED — not whisky","","entire release","Exact front label reads Martell, Medaillon, Fine Champagne and Cognac. Exclude as cognac, not whisky. The auction's decade estimate is not imported as a date. No production write.","https://whiskyauctioneer.com/whisky-lot/8213493/martell-medaillon-fine-champagne-1960s"
"1582","Muirhead's Blended Scotch Whisky","ADDED — optional facts left blank","B52793","statedAge | distillers | caskStrength | nonChillFiltered | maltPhenolPpm | vintageYear | bottlingYear | releaseYear | releaseMonth | releaseDay | maturation | caskNumber | outturn | image","The component distilleries, exact bottling and release dates, maturation, cask strength, chill-filtration status, cask identifiers, outturn, malt PPM and flavor profile remain unknown. The independent 1980s estimate is not stored as an exact year. Exact clean front and back images saved locally. Upload pending: the JSON CLI does not accept multipart files. No direct credential-based upload attempted.","https://whiskyauctioneer.com/whisky-lot/5283384/muirheads-scotch-whisky | https://www.thewhiskyexchange.com/p/24890/muirheads-bot1980s | https://www.muirheads-whisky.com/history/ | https://www.whiskybase.com/nl/whiskies/whisky/214460/muirheads-blended-scotch-whisky | https://www.awardrobeofwhisky.com/bottle/muirheads-bot1980s-blended-scotch-whisky"
"1583","Ohtani Whisky Spanish Oak New Barrel - Whisky Lovers Nagoya 2026","ADDED — optional facts left blank","B52794","statedAge | maltPhenolPpm | vintageYear | releaseMonth | releaseDay | caskNumber | outturn | image","The vintage, exact age, cask number, outturn, malt phenol PPM, flavor profile and exact release month and day remain unknown. A specialist guessed three years and 80 ppm but explicitly described those details as uncertain, so they are not stored. Exact clean front and back images saved locally. Upload pending: the JSON CLI does not accept multipart files. No direct credential-based upload attempted.","https://whiskyauctioneer.com/whisky-lot/5280091/niigata-kameda-ohtani-whisky | https://www.whiskybase.com/whiskies/whisky/305627/niigata-kameda | https://fishborn.thebase.in/blog/2026/02/18/165115 | https://www.whisk-e-y-lovers-nagoya.jp/pages/8870914/page_202504101419 | https://kameda-distillery.com/pages/about"
"1584","Nonino 1992 Acquavite d'uva Picolit","SKIPPED — not whisky","","entire release","Exact bottle and seal identify Acquavite d'Uva. Producer collection catalog, pages 1 and 4, identifies whole-grape spirit and the 1992-vintage Picolit release. Exclude as grape spirit, not whisky. No inferred whisky vintage, category or production write.","https://whiskyauctioneer.com/whisky-lot/8213537/nonino-1992-acquavite-duva-picolit | https://www.grappanonino.it/app/uploads/2024/10/Collezione-Nonino-1984_2009_ING-ok.pdf"
"1585","Nonino 2000 Collezione Nonino 2001","SKIPPED — not whisky","","entire release","Exact box reads Collezione Nonino 2001 and UE; seal identifies grape spirit. Producer catalog page 8 identifies 2001 Opera Alchemica, vintage 2000, as Acquavite d'Uva Picolit. Exclude the entire row as grape spirit, not whisky. No production write.","https://whiskyauctioneer.com/whisky-lot/8213536/nonino-2000-collezione-nonino-2001 | https://www.grappanonino.it/app/uploads/2024/10/Collezione-Nonino-1984_2009_ING-ok.pdf"
"1586","Nonino 2001 Collezione Nonino 2002 Le Guna","SKIPPED — not whisky","","entire release","Exact box explicitly reads Acquavite d'uva Cru Monovitigno Picolit and Collezione Nonino 2002. Producer catalog page 8 corroborates Le Guna, vintage 2001, as grape spirit. Exclude the entire row, not whisky. No production write.","https://whiskyauctioneer.com/whisky-lot/8213561/nonino-2001-collezione-nonino-2002-le-guna | https://www.grappanonino.it/app/uploads/2024/10/Collezione-Nonino-1984_2009_ING-ok.pdf"
"1587","Nonino 2002 Yin Yang","SKIPPED — not whisky","","entire release","Exact box and tag identify Collezione Nonino 2003 Acquavite d'Uva Picolit. Producer catalog page 9 and producer announcement identify Yin Yang with 2002 harvest. Exclude as grape spirit, not whisky. The auction's generic brandy category does not authorize any whisky category. No production write.","https://whiskyauctioneer.com/whisky-lot/8213563/nonino-2002-yin-yang | https://www.grappanonino.it/app/uploads/2024/10/Collezione-Nonino-1984_2009_ING-ok.pdf | https://www.grappanonino.it/en/news/high-spirit-craftsmanship-in-via-montenapoleone-milan/"
"1588","Nonino 2007 Collezione Nonino 2008 L'Athanor","SKIPPED — not whisky","","entire release","Exact box identifies Acquavite d'uva Picolit, vendemmia 2007 and Collezione Nonino through 2008. Producer catalog page 10 and announcement corroborate L'Athanor as Picolit grape spirit. Exclude the entire row, not whisky. No production write.","https://whiskyauctioneer.com/whisky-lot/8213562/nonino-2007-collezione-nonino-2008-lathanor | https://www.grappanonino.it/app/uploads/2024/10/Collezione-Nonino-1984_2009_ING-ok.pdf | https://www.grappanonino.it/en/news/high-spirit-craftsmanship-in-via-montenapoleone-milan/"
"1589","O'Reardon Irish Whiskey","ADDED — optional facts left blank","B52795","statedAge | distillers | caskStrength | naturalColor | nonChillFiltered | maltPhenolPpm | vintageYear | bottlingYear | releaseYear | releaseMonth | releaseDay | caskNumber | outturn | image","The source distillery or distilleries, exact numerical stated age, vintage, bottling and release dates, cask strength, natural-color and chill-filtration status, cask identifiers, outturn, malt PPM and flavor profile remain unknown. The label states only that it was aged for over three years, so statedAge remains null while noAgeStatement is false. Exact clean front and back images saved locally. Upload pending: the JSON CLI does not accept multipart files. No direct credential-based upload attempted.","https://whiskyauctioneer.com/whisky-lot/8203332b/oreardon-irish-whiskey | https://whiskyauctioneer.com/learn/explore-whisky/bottles/oreardon-irish-whiskey | https://www.proudirishwhiskey.com/ | https://www.spirlix.com/spirit/o-reardon-irish-whiskey/ | https://www.trademarkelite.com/europe/trademark/trademark-detail/019117879/O-REARDON"
"1591","Ocean Whisky Co. Heaven","ADDED — optional facts left blank","B52796","statedAge | distillers | caskStrength | naturalColor | nonChillFiltered | maltPhenolPpm | vintageYear | bottlingYear | releaseDay | maturation | caskNumber | outturn | image","The component distilleries, bottling date, exact release day, maturation, cask strength, natural-color and chill-filtration status, cask identifiers, outturn, malt PPM and flavor profile remain unknown. Packaging volume and barcode are evidence but are not editable Bottle identity fields in this API. Exact clean front and back images saved locally. Upload pending: the JSON CLI does not accept multipart files. No direct credential-based upload attempted.","https://whiskyauctioneer.com/whisky-lot/5283836/ocean-whisky-heaven | https://www.whiskybase.com/whiskies/whisky/65237/karuizawa-heaven | https://japanesewhisky.livedoor.blog/archives/44282459.html | https://www.australianwhiskyauctions.com.au/lot-310288/karuizawa-heaven-ocean-whisky | https://whiskyauctioneer.com/learn/explore-whisky/companies/sanraku-shuzo-co"
"1601","Oldfield's Blue Label 5-year-old","ADDED — optional facts left blank","B52797","distillers | caskStrength | naturalColor | nonChillFiltered | maltPhenolPpm | vintageYear | bottlingYear | releaseYear | releaseMonth | releaseDay | maturation | caskNumber | outturn | image","The component distilleries, exact bottling and release dates, maturation, cask strength, natural-color and chill-filtration status, cask identifiers, outturn, malt PPM and flavor profile remain unknown. Independent sources estimate the presentation to the 1970s, so no exact year is stored. Exact clean front and back images saved locally. Upload pending: the JSON CLI does not accept multipart files. No direct credential-based upload attempted.","https://whiskyauctioneer.com/whisky-lot/5280822/oldfields-5-year-old-blue-label-scotch-whisky-orlandi | https://whiskyauctioneer.com/learn/explore-whisky/bottles/oldfields-5-year-old-blue-label-scotch-whisky-1970s | https://whisky.auction/auctions/lot/30329/oldfield-s-blue-label-5-year-old | https://www.whiskyparadise.com/looking_category.asp?Marca=Oldfield"
"1604","Original source missing — Pappy Van Winkle's 15-year-old Family Reserve candidate only","SKIPPED — unresolved identity","B11868 (unverified historical candidate)","entire release","No original auction title, lot URL, source image or verified source join survives. All recovered observation sets, the v2 comparison and the source index were checked. Historical candidate notes only: age 15; ABV 53.5%. Skip the entire row. The candidate name and facts are clues, not verified bottle data. Do not replay edits, claim a match, create an alias/reference, or add a guessed release. No production write.",""
"1606","Pokeno 2019 Prohibition Porter 3 Year Old","SKIPPED — unresolved identity","","entire release","Main label says Prohibition Porter and Liberty Brewing collaboration; lower label says Oloroso Sherry Cask and has sample-like overprinting. The generic 2019 Prohibition Porter archive describes bourbon/porter cask 51 distilled 13 June 2019, while this label appears to show a different distillation date. Do not mix facts across these releases. Exact marketed cask/finish identity is unresolved.","https://whiskyauctioneer.com/whisky-lot/5280640/pokeno-2019-prohibition-porter-3-year-old | https://www.whisky.com/whisky-database/details/pokeno-prohibition-porter.html"
"1616","Original source missing — SMWS G15.11 Worlds collide candidate only","SKIPPED — unresolved identity","B49567 (unverified historical candidate)","entire release","No original auction title, lot URL, source image or verified source join survives. All recovered observation sets, the v2 comparison and the source index were checked. Historical candidate notes only: age 13; ABV 58.1%; year 2008; SMWS G15.11. G15.11 and its exact traits belong to a proposed SMWS candidate, not a recovered label. Skip the entire row. The candidate name and facts are clues, not verified bottle data. Do not replay edits, claim a match, create an alias/reference, or add a guessed release. No production write.",""
"1624","Ryuka 2023 3-year-old Single Cask - #26","ADDED — optional facts left blank","B52798","maltPhenolPpm | releaseMonth | releaseDay | caskNumber | image","The exact cask number, release month and day, malt phenol PPM and flavor profile remain unknown. The distillation and bottling months are retained in the description because the Bottle form has no corresponding month fields. Barcode and bottle number are evidence but are not editable identity fields in this API. Exact clean front and back images saved locally. Upload pending: the JSON CLI does not accept multipart files. No direct credential-based upload attempted.","https://whiskyauctioneer.com/whisky-lot/5283815/ryuka-2023-3-year-old-ghost-series-26 | https://www.whiskybase.com/whiskies/whisky/304715/ryuka-2023 | https://little-happiness.jp/en/columns/ryuka-ghost-series-26-2/ | https://shinzato-shuzo.co.jp/company/ | https://www.shinzato-shuzo.co.jp/ryuka/japanese2025/"
"1627","Seagram 25 Year Old Club Scotch Whisky","SKIPPED — unresolved identity","B52799 (deleted; tombstone only)","entire release","SKIPPED with no production Bottle remaining. Exact label and independent sources prove The Seagram 25 Year Club, a 25-year-old blended Scotch at 40% ABV produced and bottled by Joseph E. Seagram & Sons Ltd for employees with at least 25 years of service. Peated's current Bottle API normalizes the stable marketed expression '25 Year Club' to '25-year-old Club'. That changes the club name into age wording and violates the catalog naming rule. The guarded create returned B52799 with only this name mismatch; the unused Bottle was immediately deleted, and fresh GET and inventory checks confirm that no Bottle remains. Keep this row held until the API can preserve the exact marketed name or a catalog owner approves another exact representation. Do not create a generic Seagram Brand or assign unproven component distilleries.","https://whiskyauctioneer.com/whisky-lot/5283627/seagram-25-year-old-club-scotch-whisky | https://www.thewhiskyexchange.com/p/40804/seagram-25-year-old-club | https://www.prestigewhiskyauction.com/lot-570137/seagram-25-year-old-25-year-club-staff-bottle | https://www.mctears.co.uk/auction/lot/lot-156---seagram-25-year-old-25-year-club-staff-bottle/?lot=420908"
"1642","Original source missing — Brühler Whiskyhaus Islay South Coast 21-year-old - A Dream of Scotland candidate only","SKIPPED — unresolved identity","B1784 (unverified historical candidate)","entire release","No original auction title, lot URL, source image or verified source join survives. All recovered observation sets, the v2 comparison and the source index were checked. Historical candidate notes only: age 21; {""abv"":48.8}. The candidate's unnamed Islay South Coast provenance does not establish an actual distiller. Skip the entire row. The candidate name and facts are clues, not verified bottle data. Do not replay edits, claim a match, create an alias/reference, or add a guessed release. No production write.",""
"1643","The Lakes Steel Bonnets - First Edition","ADDED — optional facts left blank","B52442","statedAge | singleCask | caskStrength | maltPhenolPpm | vintageYear | bottlingYear | releaseMonth | releaseDay | maturation | caskNumber | outturn","Unnamed Scotch producers remain unassigned. No exact producer maturation wording, cask code, outturn, bottling year or vintage established. No aliases, references, series, merges or grouping changes proposed.","https://assets.whiskyauctioneer.com/2026-08/8213985-001.jpg | https://lakesdistillery.com/blogs/news/englands-best-2019-world-whiskies-awards | https://lakesdistillery.com/blogs/news/konnichiwa-to-japan | https://lakesdistillery.com/blogs/news/steel-bonnets-gold-award | https://www.bottledandboxed.com/product/10859_steel-bonnets-the-lakes-blended-malt-whisky-70cl"
"1647","Hillwood Single Cask Matured","ADDED — optional facts left blank","B52800","statedAge | caskStrength | maltPhenolPpm | vintageYear | bottlingYear | releaseYear | releaseMonth | releaseDay | maturation | outturn | image","The stated age, exact age, series, edition, flavor profile, cask strength, vintage year, bottling date, release date, maturation type, exact outturn and malt phenol PPM remain unknown. The label date is retained only in the description because its role is not stated. Package volume is not an editable Bottle identity field. Exact clean front and back images saved locally, plus a rotated label crop used to verify cask, bottle and date fields. Upload pending because the JSON CLI does not accept multipart files.","https://whiskyauctioneer.com/whisky-lot/7044103/tamar-valley-2020-hillwood-single-cask-matured | https://whiskyauctioneer.com/learn/explore-whisky/bottles/tamar-valley-2020-hillwood-single-cask-matured?v=5292812 | https://www.hillwoodwhisky.com.au/pages/our-single-malt-whisky-process-hillwood-whisky | https://www.hillwoodwhisky.com.au/"
"1659","Original source missing — Whisky-Doris Irish Single Malt 1991 - The Nose Art - 1991 Vintage candidate only","SKIPPED — unresolved identity","B3231 (unverified historical candidate)","entire release","No original auction title, lot URL, source image or verified source join survives. All recovered observation sets, the v2 comparison and the source index were checked. Historical candidate notes only: year 1991; {""abv"":48.1}. The candidate's unnamed Irish malt provenance does not establish an actual distiller. Skip the entire row. The candidate name and facts are clues, not verified bottle data. Do not replay edits, claim a match, create an alias/reference, or add a guessed release. No production write.",""
"1660","The Real MacKenzie Scotch Blend","EXISTING — exact duplicate; no changes","B52318","statedAge | noAgeStatement | singleCask | caskStrength | naturalColor | nonChillFiltered | maltPhenolPpm | vintageYear | bottlingYear | releaseYear | releaseMonth | releaseDay | maturation | caskNumber | outturn | flavorProfile | image","The exact row 1660 and row 1661 bottles have the same label design, 40% ABV, 75cl volume, P. Mackenzie bottler wording, back-label text and GTIN 5010406002015. Their printed physical bottle serials differ, which does not create a catalog release. B52318 is the exact 40% blended Scotch release. Fresh complete Brand inventory contains only B52318. Identity match only. The exact labels do not state an age, cask status, cask type, outturn, color, filtration or phenol level. The auction's 1980s estimate is not stored as a structured date. Both exact unwatermarked front and back images are saved locally; the existing Bottle has no image, and the JSON CLI cannot upload one.","https://whiskyauctioneer.com/whisky-lot/5283391/real-mackenzie-scotch-blend | https://whiskyauctioneer.com/whisky-lot/5283388/real-mackenzie-scotch-whisky | https://whiskyauctioneer.com/learn/explore-whisky/bottles/real-mackenzie-scotch-whisky-1?v=5286536 | https://www.whiskybase.com/whiskies/whisky/86705/the-real-mackenzie-scotch-whisky"
"1661","The Real MacKenzie Scotch Whisky","ADDED EARLIER — exact bottle verified","B52318","statedAge | noAgeStatement | singleCask | caskStrength | naturalColor | nonChillFiltered | maltPhenolPpm | vintageYear | bottlingYear | releaseYear | releaseMonth | releaseDay | maturation | caskNumber | outturn | flavorProfile | image","The earlier guarded run created B52318. Fresh GET and complete Brand inventory now verify its exact stable name, Brand E1423, bottler E5691, blended-whisky category, 40% ABV, empty distiller list, singleton group and empty aliases against both exact labels and the exact Whisky Auctioneer product record. Identity match only. The exact labels do not state an age, cask status, cask type, outturn, color, filtration or phenol level. The auction's 1980s estimate is not stored as a structured date. Both exact unwatermarked front and back images are saved locally; the existing Bottle has no image, and the JSON CLI cannot upload one.","https://whiskyauctioneer.com/whisky-lot/5283391/real-mackenzie-scotch-blend | https://whiskyauctioneer.com/whisky-lot/5283388/real-mackenzie-scotch-whisky | https://whiskyauctioneer.com/learn/explore-whisky/bottles/real-mackenzie-scotch-whisky-1?v=5286536 | https://www.whiskybase.com/whiskies/whisky/86705/the-real-mackenzie-scotch-whisky"
"1663","Victoria Wine Highland Malt Scotch Whisky - 125th Anniversary","ADDED — optional facts left blank","B52801","caskStrength | naturalColor | nonChillFiltered | maltPhenolPpm | vintageYear | releaseMonth | releaseDay | maturation | caskNumber | outturn | image","The component distilleries, series, vintage year, release month and day, maturation, cask number, outturn, cask-strength status, natural-color status, chill-filtration status, malt phenol PPM and flavor profile remain unknown. The 75cl package volume is not an editable Bottle identity field. Exact clean front and back images saved locally. Upload pending because the JSON CLI does not accept multipart files.","https://whiskyauctioneer.com/whisky-lot/5281005/victoria-wine-12-year-old-highland-malt-celebrating-125-years | https://whisky.auction/auctions/lot/85233/whyte-mackay-12-year-old-highland-malt | https://www.whiskyhammer.com/item/89311/Whyte--Mackay/Victoria-Wine---12-Year-Old-Highland-Malt-75cl.html | https://live.whisky-onlineauctions.com/collections/1015?bytag=no-tags&page=17&show_products=24&sort_by=products-a-z"
"1665","Walker's De Luxe Straight Bourbon Whiskey","ADDED — optional facts left blank","B52802","statedAge | bottler | caskStrength | nonChillFiltered | maltPhenolPpm | vintageYear | bottlingYear | releaseYear | releaseMonth | releaseDay | caskNumber | outturn | image","The numerical age, bottling and release dates, bottler, series, edition, cask number, outturn, cask-strength status, chill-filtration status, malt phenol PPM and flavor profile remain unknown. The auction's 1980s date is an estimate only. The 75cl package volume and barcode are not editable Bottle identity fields. Exact clean front and back images saved locally. Upload pending because the JSON CLI does not accept multipart files.","https://whiskyauctioneer.com/whisky-lot/5283498/walkers-de-luxe-bourbon-1980s | https://whisky.auction/auctions/lot/91247/walker-s-de-luxe | https://www.finespirits.auction/uk/acheter-spi/B2264761-236-1-Bottle-Bourbon-WALKERS-De-Luxe-Bourbon-Brown.jsp | https://www.ttb.gov/system/files/images/pdfs/rulings/2016-3.pdf"
"1666","Wallace Single Malt Scotch Liqueur 50cl","SKIPPED — not whisky","","entire release","Exact label reads Wallace Single Malt Scotch Whisky Liqueur, 35% and 50cl. It is a whisky-based liqueur, not a single-malt whisky release. Exclude the entire row. Auction metadata says 35cl despite its 50cl title and label; no conflicting size or other facts imported. No production write.","https://whiskyauctioneer.com/whisky-lot/5281020/wallace-single-malt-scotch-liqueur-50cl"
"1667","West Midlands Distillery Albion","ADDED — optional facts left blank","B52803","statedAge | caskStrength | naturalColor | nonChillFiltered | maltPhenolPpm | vintageYear | releaseMonth | releaseDay | image","The numerical age, exact release date, cask-strength status, natural-color status, chill-filtration status, malt phenol PPM and flavor profile remain unknown. The 70cl package volume is not an editable Bottle identity field. Exact producer product image saved locally. Upload pending because the JSON CLI does not accept multipart files.","https://www.westmidlandsdistillery.co.uk/ | https://whiskyauctioneer.com/learn/explore-whisky/bottles/west-midlands-wmd-albion?v=5293115 | https://www.masterofmalt.com/whiskies/west-midlands-distillery/west-midlands-distillery-albion-whisky/?sku=146916 | https://www.whiskybase.com/whiskies/whisky/301769/west-midlands-distillery-albion"
"1668","West Midlands Distillery Rowielia","ADDED — optional facts left blank","B52804","statedAge | caskStrength | naturalColor | nonChillFiltered | maltPhenolPpm | vintageYear | bottlingYear | releaseYear | releaseMonth | releaseDay | image","The numerical age, bottling and release dates, cask-strength status, natural-color status, chill-filtration status, malt phenol PPM and flavor profile remain unknown. Conflicting date clues were not stored. The 70cl package volume is not an editable Bottle identity field. Exact producer product image saved locally. Upload pending because the JSON CLI does not accept multipart files.","https://www.westmidlandsdistillery.co.uk/ | https://www.weedram.co.uk/product/west-midlands-distillery-rowielia/ | https://www.thegrandwhiskyauction.com/lot-871787/west-midlands-rowielia-single-malt-whisky/auction-95 | https://www.whiskyshop.com/west-midlands-rowielia-single-malt-whisky-70cl"
"1669","White Lady Scotch Whisky","ADDED — optional facts left blank","B52805","statedAge | distillers | caskStrength | naturalColor | nonChillFiltered | maltPhenolPpm | vintageYear | bottlingYear | releaseYear | releaseMonth | releaseDay | maturation | caskNumber | outturn | image","The component distilleries, numerical age, bottling and release dates, series, edition, maturation, cask number, outturn, cask-strength status, natural-color status, chill-filtration status, malt phenol PPM and flavor profile remain unknown. The auction's 1960s date is an estimate only. The 750cc package volume is not an editable Bottle identity field. Exact clean front and back images saved locally. Upload pending because the JSON CLI does not accept multipart files.","https://whiskyauctioneer.com/whisky-lot/8213544/white-lady-scotch-whisky-1960s | https://www.barnebys.se/auktioner/objekt/ambassador-8yo-de-luxe-white-lady-b-QpdDjrh-621469823 | https://www.whiskybase.com/whiskies/brand/88643/whiskies"
"1671","Whittaker's Single Malt English Whisky - 2024 First Edition","ADDED — optional facts left blank","B52453","statedAge | caskStrength | maltPhenolPpm | vintageYear | releaseMonth | releaseDay","Mixed 2019–2020 distillation means no single vintage year. No numerical age, cask-strength claim, precise release month/day, PPM, flavor classification or named brand series is verified. Do not derive age from dates or reuse original ASB cask numbers 5–10 as final quarter-cask IDs.","https://www.whittakersdistillery.com/collections/whisky-1/products/2024-first-edition-48-3-abv-double-bourbon-cask-aged-english-single-malt-whisky | https://www.whittakersdistillery.com/pages/contact-whittakers-distillery | https://whiskyauctioneer.com/whisky-lot/7043065/whittakers-2019-2024-first-edition"
"1672","Whittaker's Single Malt English Whisky - 2025 Fortnum & Mason Edition","ADDED — optional facts left blank","B52454","statedAge | caskStrength | maltPhenolPpm | releaseMonth | releaseDay | caskNumber","A secondary auction title says age three and cask 75, but neither is verified on the inspected primary label or retailer text. Leave both facts null, and do not calculate age from dates. No cask-strength claim, precise release date, PPM, flavor classification or named series verified. High ABV is not proof of cask strength.","https://whiskyauctioneer.com/whisky-lot/7044151/whittakers-2021-single-malt-english-whisky | https://www.fortnumandmason.com/fortnums-x-whittakers-exclusive-english-single-malt-whisky-palo-cortado-70cl | https://www.whiskyhammer.com/item/214300/Other/Whittakers---2021-Ex-Palo-Cortado-Single-Cask-Fortnum--Mason-Exclusive.html"
"1675","Kingsbury Caol Ila","ADDED — optional facts left blank","B52806","maltPhenolPpm | releaseYear | releaseMonth | releaseDay | image","The exact distillation and bottling dates, release year and date, series, edition, malt phenol PPM and flavor profile remain unknown. Do not calculate or infer dates beyond the printed years. The 70cl package volume and individual bottle numbers are not editable Bottle identity fields. Exact clean front and back images saved locally. Upload pending because the JSON CLI does not accept multipart files.","https://whiskyauctioneer.com/whisky-lot/5231485/caol-ila-2011-9-year-old | https://whiskyauctioneer.com/learn/explore-whisky/bottles/caol-ila-2011-9-year-old-0?v=5014410 | https://www.whiskybase.com/whiskies/whisky/273204/caol-ila-2011-kb | https://whiskygallery.com.my/products/caol-ila-2011-kingsbury-9-year-old-celtic-label | https://www.jisys.co.jp/item/singlemaltwhisky/18.html | https://www.just-whisky.co.uk/product/caol-ila-9-years-old-2011-kingsbury-single-fresh-oloroso-hogshead-no5836-1499297"
"1682","Original source missing — Blanton's Black Edition candidate only","SKIPPED — unresolved identity","B44137 (unverified historical candidate)","entire release","No original auction title, lot URL, source image or verified source join survives. All recovered observation sets, the v2 comparison and the source index were checked. Historical candidate notes only: ABV 40%. Skip the entire row. The candidate name and facts are clues, not verified bottle data. Do not replay edits, claim a match, create an alias/reference, or add a guessed release. No production write.",""
"1687","Original source missing — Ardbeg 10-year-old candidate only","SKIPPED — unresolved identity","B398 (unverified historical candidate)","entire release","No original auction title, lot URL, source image or verified source join survives. All recovered observation sets, the v2 comparison and the source index were checked. Historical candidate notes only: age 10; {""abv"":61.7} | Several auction rows map to B0398 with conflicting proposed abv.. Do not overwrite generic Ardbeg ten-year with the unverified 61.7% proposal; other rows already warned of conflicting strengths. Skip the entire row. The candidate name and facts are clues, not verified bottle data. Do not replay edits, claim a match, create an alias/reference, or add a guessed release. No production write.",""
"1692","Original source missing — Hibiki 21-year-old candidate only","SKIPPED — unresolved identity","B11863 (unverified historical candidate)","entire release","No original auction title, lot URL, source image or verified source join survives. All recovered observation sets, the v2 comparison and the source index were checked. Historical candidate notes only: age 21; ABV 43%. Skip the entire row. The candidate name and facts are clues, not verified bottle data. Do not replay edits, claim a match, create an alias/reference, or add a guessed release. No production write.",""
"1694","Original source missing — The Macallan 1841 Replica Bottling candidate only","SKIPPED — unresolved identity","B18929 (unverified historical candidate)","entire release","No original auction title, lot URL, source image or verified source join survives. All recovered observation sets, the v2 comparison and the source index were checked. Historical candidate notes only: year 1841; {""abv"":41.7}. 1841 is part of a Replica Bottling candidate name, not proof of the source's vintage or release date. Skip the entire row. The candidate name and facts are clues, not verified bottle data. Do not replay edits, claim a match, create an alias/reference, or add a guessed release. No production write.",""
"1695","Original source missing — Waterford Ballykilcavan: Edition 1.1 Single Farm Origin candidate only","SKIPPED — unresolved identity","B2265 | B13176 (unverified historical candidates)","entire release","No original auction title, lot URL, source image or verified source join survives. All recovered observation sets, the v2 comparison and the source index were checked. Historical candidate notes only: SMWS 1.1; Multiple compatible candidates remain: B2265 and B13176. | {""abv"":50}. The records alternate between two candidates and a proposed update. The parser's SMWS 1.1 label is not evidence for a Waterford release. Skip the entire row. The candidate name and facts are clues, not verified bottle data. Do not replay edits, claim a match, create an alias/reference, or add a guessed release. No production write.",""
"1696","Original source missing — Yamazaki Distillery Exclusive candidate only","SKIPPED — unresolved identity","B51750 (unverified historical candidate)","entire release","No original auction title, lot URL, source image or verified source join survives. All recovered observation sets, the v2 comparison and the source index were checked. Historical candidate notes only: ABV 48%; bottled/released 2024. Skip the entire row. The candidate name and facts are clues, not verified bottle data. Do not replay edits, claim a match, create an alias/reference, or add a guessed release. No production write.",""
"1700","Original source missing — Dalmore King Alexander III candidate only","SKIPPED — unresolved identity","B424 (unverified historical candidate)","entire release","No original auction title, lot URL, source image or verified source join survives. All recovered observation sets, the v2 comparison and the source index were checked. Historical candidate notes only: ; {""abv"":40} | Several auction rows map to B0424 with conflicting proposed abv.. Skip the entire row. The candidate name and facts are clues, not verified bottle data. Do not replay edits, claim a match, create an alias/reference, or add a guessed release. No production write.",""
"1701","Original source missing — Dewar's White Label candidate only","SKIPPED — unresolved identity","B14264 (unverified historical candidate)","entire release","No original auction title, lot URL, source image or verified source join survives. All recovered observation sets, the v2 comparison and the source index were checked. Historical candidate notes only: ; {""abv"":40}. Skip the entire row. The candidate name and facts are clues, not verified bottle data. Do not replay edits, claim a match, create an alias/reference, or add a guessed release. No production write.",""
"1706","Original source missing — Johnnie Walker Blue Label Legendary Eight candidate only","SKIPPED — unresolved identity","B13235 (unverified historical candidate)","entire release","No original auction title, lot URL, source image or verified source join survives. All recovered observation sets, the v2 comparison and the source index were checked. Historical candidate notes only: ; {""abv"":43} | Several auction rows map to B13235 with conflicting proposed abv.. Skip the entire row. The candidate name and facts are clues, not verified bottle data. Do not replay edits, claim a match, create an alias/reference, or add a guessed release. No production write.",""
"1709","Original source missing — Johnnie Walker White Walker Limited Edition candidate only","SKIPPED — unresolved identity","B2867 (unverified historical candidate)","entire release","No original auction title, lot URL, source image or verified source join survives. All recovered observation sets, the v2 comparison and the source index were checked. Historical candidate notes only: ; {""abv"":41.7}. Skip the entire row. The candidate name and facts are clues, not verified bottle data. Do not replay edits, claim a match, create an alias/reference, or add a guessed release. No production write.",""
"1727","Original source missing — Ben Nevis 1996 ElD The Single Malts of Scotland candidate only","SKIPPED — unresolved identity","B1632 (unverified historical candidate)","entire release","No original auction title, lot URL, source image or verified source join survives. All recovered observation sets, the v2 comparison and the source index were checked. Historical candidate notes only: year 1996; {""abv"":47.3}. Skip the entire row. The candidate name and facts are clues, not verified bottle data. Do not replay edits, claim a match, create an alias/reference, or add a guessed release. No production write.",""
"1731","Original source missing — Blanton's The Original Single Barrel Bourbon Whiskey candidate only","SKIPPED — unresolved identity","B1353 (unverified historical candidate)","entire release","No original auction title, lot URL, source image or verified source join survives. All recovered observation sets, the v2 comparison and the source index were checked. Historical candidate notes only: ; {""abv"":46.5}. Skip the entire row. The candidate name and facts are clues, not verified bottle data. Do not replay edits, claim a match, create an alias/reference, or add a guessed release. No production write.",""
"1737","Original source missing — Bowmore Vault Edit1°N First Release candidate only","SKIPPED — unresolved identity","B3425 (unverified historical candidate)","entire release","No original auction title, lot URL, source image or verified source join survives. All recovered observation sets, the v2 comparison and the source index were checked. Historical candidate notes only: ; {""abv"":51.5}. Skip the entire row. The candidate name and facts are clues, not verified bottle data. Do not replay edits, claim a match, create an alias/reference, or add a guessed release. No production write.",""
"1740","Sansibar Whisky Caol Ila","ADDED — optional facts left blank","B52807","caskStrength | naturalColor | nonChillFiltered | maltPhenolPpm | releaseMonth | releaseDay | caskNumber | image","Exact distillation and bottling dates, edition, series, cask number, cask-strength status, color and filtration claims, malt phenol PPM and flavor profile remain unknown. Exact clean image saved locally. Upload pending because the JSON CLI does not accept multipart files.","https://whiskyauctioneer.com/whisky-lot/8211685/caol-ila-2007-18-year-old | https://www.whiskynotes.be/2026/caol-ila/glenkinchie-2008-caol-ila-2007-sansibar-deinwhisky/"
"1741","Caol Ila 2010 C. Dully 15 Year Old","EXISTING — exact bottle verified; no changes","B47325","","Exact marketed expression identified from the source title, source card facts and fresh production search. The release-defining age, vintage, edition, cask code, release year and/or ABV agree where those facts are present. No production write.","https://whiskyauctioneer.com/whisky-lot/8211802/caol-ila-2010-c-dully-15-year-old | https://whiskyauctioneer.com/whisky-lot/8211803/caol-ila-2010-c-dully-15-year-old"
"1742","Obscurities & Curiosities Caol Ila","ADDED — optional facts left blank","B52808","singleCask | caskStrength | naturalColor | nonChillFiltered | maltPhenolPpm | releaseMonth | releaseDay | maturation | caskNumber | outturn | image","Exact day-level dates, maturation, cask number, outturn, single-cask and cask-strength status, color and filtration claims, malt phenol PPM and flavor profile remain unknown. Exact clean image saved locally. Upload pending because the JSON CLI does not accept multipart files.","https://whiskyauctioneer.com/whisky-lot/8211725/caol-ila-2011-obscurities-curiosities-14-year-old | https://www.whiskybase.com/whiskies/whisky/286610/caol-ila-2011-nss"
"1753","Original source missing — The Famous Grouse Malt Whisky, 18-year-old candidate only","SKIPPED — unresolved identity","B18569 (unverified historical candidate)","entire release","No original auction title, lot URL, source image or verified source join survives. All recovered observation sets, the v2 comparison and the source index were checked. Historical candidate notes only: age 18; {""abv"":43}. Skip the entire row. The candidate name and facts are clues, not verified bottle data. Do not replay edits, claim a match, create an alias/reference, or add a guessed release. No production write.",""
"1755","Original source missing — Four Roses Limited Edition Small Batch - 2017 Release - 2017 Release - Cask Strength candidate only","SKIPPED — unresolved identity","B44917 (unverified historical candidate)","entire release","No original auction title, lot URL, source image or verified source join survives. All recovered observation sets, the v2 comparison and the source index were checked. Historical candidate notes only: year 2017; bottled/released 2017; {""abv"":53.9}. Skip the entire row. The candidate name and facts are clues, not verified bottle data. Do not replay edits, claim a match, create an alias/reference, or add a guessed release. No production write.",""
"1758","Original source missing — The GlenDronach 1993 Hand-filled at the distillery candidate only","SKIPPED — unresolved identity","B1281 (unverified historical candidate)","entire release","No original auction title, lot URL, source image or verified source join survives. All recovered observation sets, the v2 comparison and the source index were checked. Historical candidate notes only: year 1993; {""abv"":55.5}. Skip the entire row. The candidate name and facts are clues, not verified bottle data. Do not replay edits, claim a match, create an alias/reference, or add a guessed release. No production write.",""
"1764","Original source missing — Highland Park 12-year-old candidate only","SKIPPED — unresolved identity","B1158 (unverified historical candidate)","entire release","No original auction title, lot URL, source image or verified source join survives. All recovered observation sets, the v2 comparison and the source index were checked. Historical candidate notes only: Several auction rows map to B1158 with conflicting proposed abv.. Skip the entire row. The candidate name and facts are clues, not verified bottle data. Do not replay edits, claim a match, create an alias/reference, or add a guessed release. No production write.",""
"1799","Original source missing — Octomore Islay Barley candidate only","SKIPPED — unresolved identity","B16487 (unverified historical candidate)","entire release","No original auction title, lot URL, source image or verified source join survives. All recovered observation sets, the v2 comparison and the source index were checked. Historical candidate notes only: SMWS 06.3 vs missing; edition 06 is absent from candidate identity | No candidate is specific enough to prove this release.. The parser calls 06.3 an SMWS code, then removes the claimed match. No complete original title establishes Octomore 06.3. Skip the entire row. The candidate name and facts are clues, not verified bottle data. Do not replay edits, claim a match, create an alias/reference, or add a guessed release. No production write.",""
"1808","Original source missing — Van Winkle Special Reserve - Lot B candidate only","SKIPPED — unresolved identity","B44138 (unverified historical candidate)","entire release","No original auction title, lot URL, source image or verified source join survives. All recovered observation sets, the v2 comparison and the source index were checked. Historical candidate notes only: age 12; ABV 45.2%. Skip the entire row. The candidate name and facts are clues, not verified bottle data. Do not replay edits, claim a match, create an alias/reference, or add a guessed release. No production write.",""
"1809","Original source missing — Waterford Ballymorgan: Edition 1.1 Single Farm Origin candidate only","SKIPPED — unresolved identity","B2267 | B13174 (unverified historical candidates)","entire release","No original auction title, lot URL, source image or verified source join survives. All recovered observation sets, the v2 comparison and the source index were checked. Historical candidate notes only: SMWS 1.1; Multiple compatible candidates remain: B2267 and B13174. | {""abv"":50}. The records alternate between two candidates and a proposed update. No label resolves Ballymorgan 1.1 or a duplicate catalog decision. Skip the entire row. The candidate name and facts are clues, not verified bottle data. Do not replay edits, claim a match, create an alias/reference, or add a guessed release. No production write.",""
"1810","Original source missing — Waterford Bannow Island: Edition 1.1 Single Farm Origin candidate only","SKIPPED — unresolved identity","B2269 (unverified historical candidate)","entire release","No original auction title, lot URL, source image or verified source join survives. All recovered observation sets, the v2 comparison and the source index were checked. Historical candidate notes only: SMWS 1.1; {""abv"":50} | {""abv"":50}. The parser's SMWS 1.1 claim is not evidence for Waterford Bannow Island. Proposed 50% remains unverified. Skip the entire row. The candidate name and facts are clues, not verified bottle data. Do not replay edits, claim a match, create an alias/reference, or add a guessed release. No production write.",""
"1811","Original source missing — White Horse Blended Scotch Whisky - 40.0% ABV candidate only","SKIPPED — unresolved identity","B47267 (unverified historical candidate)","entire release","No original auction title, lot URL, source image or verified source join survives. All recovered observation sets, the v2 comparison and the source index were checked. Historical candidate notes only: ABV 40%. Skip the entire row. The candidate name and facts are clues, not verified bottle data. Do not replay edits, claim a match, create an alias/reference, or add a guessed release. No production write.",""
"1822","Ardbeg 1815","EXISTING — exact bottle verified; no changes","B52151","","Exact marketed expression identified from the source title, source card facts and fresh production search. The release-defining age, vintage, edition, cask code, release year and/or ABV agree where those facts are present. No production write.","https://whiskyauctioneer.com/whisky-lot/7043558/ardbeg-1815"
"1866","Original source missing — Ballantine's Finest candidate only","SKIPPED — unresolved identity","B16056 (unverified historical candidate)","entire release","No original auction title, lot URL, source image or verified source join survives. All recovered observation sets, the v2 comparison and the source index were checked. Historical candidate notes only: Several auction rows map to B16056 with conflicting proposed abv.. Skip the entire row. The candidate name and facts are clues, not verified bottle data. Do not replay edits, claim a match, create an alias/reference, or add a guessed release. No production write.",""
"1924","Caol Ila 15 Year Old Natural Cask Strength 'Unpeated Style'","EXISTING — exact identity; ABV concern recorded","B49852","","The 1998 vintage, 15-year age, 2014 Special Release and Unpeated identity establish B49852 as the same marketed release. The exact source and inspected label show 60.39% ABV, while B49852 stores 61.5%. Record the data concern; do not create a duplicate or edit the existing Bottle in this run.","https://whiskyauctioneer.com/whisky-lot/5283364/caol-ila-15-year-old-natural-cask-strength-unpeated-style"
"1925","Cadenhead's Caol Ila","ADDED — optional facts left blank","B52809","caskStrength | naturalColor | nonChillFiltered | maltPhenolPpm | releaseDay | caskNumber | image","Exact distillation and bottling days, cask number, cask-strength status, release day, color and filtration claims, malt phenol PPM and flavor profile remain unknown. Exact clean image saved locally. Upload pending because the JSON CLI does not accept multipart files.","https://www.scotchwhiskyauctions.com/auctions/195-the-150th-auction/706114-caol-ila-1980-36-year-old-cadenheads/ | https://whiskyauctioneer.com/learn/explore-whisky/bottles/caol-ila-1980-cadenheads-authentic-collection-36-year-old?v=5251817"
"1926","Dun Eideann Caol Ila","ADDED — optional facts left blank","B52810","caskStrength | naturalColor | nonChillFiltered | maltPhenolPpm | releaseMonth | releaseDay | maturation | outturn | image","Day-level dates, maturation, outturn, cask-strength status, color and filtration claims, malt phenol PPM and flavor profile remain unknown. Exact clean image saved locally. Upload pending because the JSON CLI does not accept multipart files.","https://whiskyauctioneer.com/whisky-lot/8213201/caol-ila-1989-dun-eideann-10-year-old-0 | https://www.whiskybase.com/de/whiskies/bottler/77525/whiskies"
"1927","Signatory Vintage Caol Ila","ADDED — optional facts left blank","B52811","maltPhenolPpm | releaseMonth | releaseDay | outturn | image","Exact bottling day, outturn, series, edition, malt phenol PPM and flavor profile remain unknown. Exact clean image saved locally. Upload pending because the JSON CLI does not accept multipart files.","https://whiskyauctioneer.com/whisky-lot/8213205/caol-ila-1990 | https://www.whiskybase.com/whiskies/whisky/21238/caol-ila-1990-sv"
"1928","Wilson & Morgan Caol Ila","ADDED — optional facts left blank","B52812","statedAge | singleCask | caskStrength | naturalColor | nonChillFiltered | maltPhenolPpm | releaseYear | releaseMonth | releaseDay | maturation | caskNumber | outturn | image","Stated age, exact dates, edition, maturation, cask number, outturn, single-cask and cask-strength status, color and filtration claims, release date, malt phenol PPM and flavor profile remain unknown. Exact clean image saved locally. Upload pending because the JSON CLI does not accept multipart files.","https://whiskyauctioneer.com/whisky-lot/8213209/caol-ila-1990-wilson-morgan-barrel-selection"
"1929","Wilson & Morgan Caol Ila","ADDED — optional facts left blank","B52813","singleCask | caskStrength | naturalColor | nonChillFiltered | maltPhenolPpm | releaseYear | releaseMonth | releaseDay | maturation | caskNumber | outturn | image","Exact dates, edition, maturation, cask number, outturn, single-cask and cask-strength status, color and filtration claims, release date, malt phenol PPM and flavor profile remain unknown. Exact clean image saved locally. Upload pending because the JSON CLI does not accept multipart files.","https://whiskyauctioneer.com/whisky-lot/8213044/caol-ila-1993-wilson-morgan-barrel-selection | https://www.spiritradar.com/whisky-db/caol-ila-1993-wm-barrel-selection-46-percent-700ml/"
"1930","Caol Ila The Distillers Edition","ADDED — optional facts left blank","B52814","statedAge | singleCask | caskStrength | naturalColor | nonChillFiltered | maltPhenolPpm | releaseYear | releaseMonth | releaseDay | outturn | image","Stated age, exact dates, series, edition, outturn, single-cask and cask-strength status, color and filtration claims, release date, malt phenol PPM and flavor profile remain unknown. Exact clean image saved locally. Upload pending because the JSON CLI does not accept multipart files.","https://whiskyauctioneer.com/whisky-lot/8213745/caol-ila-1995-distillers-edition-c-si-3-467 | https://www.mikeoldfieldwines.co.uk/products/caol-ila-1995-distillers-edition-c-si3-467 | https://www.whiskybase.com/whiskies/whisky/592/caol-ila-1995"
"1931","Kingsbury Caol Ila","ADDED — optional facts left blank","B52815","caskStrength | naturalColor | nonChillFiltered | maltPhenolPpm | releaseYear | releaseMonth | releaseDay | image","Exact dates, edition, series, cask-strength status, color and filtration claims, release date, malt phenol PPM and flavor profile remain unknown. Exact clean image saved locally. Upload pending because the JSON CLI does not accept multipart files.","https://whiskyauctioneer.com/whisky-lot/8213366/caol-ila-1996-20-year-old | https://www.spink.com/lot/SFW26000123"
"1932","Caol Ila The Distillers Edition","ADDED — optional facts left blank","B52816","statedAge | singleCask | caskStrength | naturalColor | nonChillFiltered | maltPhenolPpm | releaseYear | releaseMonth | releaseDay | outturn | image","Stated age, exact dates, series, edition, outturn, single-cask and cask-strength status, color and filtration claims, release date, malt phenol PPM and flavor profile remain unknown. Exact clean image saved locally. Upload pending because the JSON CLI does not accept multipart files.","https://whiskyauctioneer.com/whisky-lot/7043618/caol-ila-2000-distillers-edition-c-si-8-472 | https://www.whiskybase.com/whiskies/whisky/150216"
"1933","Gordon & MacPhail Caol Ila","ADDED — optional facts left blank","B52817","statedAge | maltPhenolPpm | releaseYear | releaseMonth | releaseDay | outturn | image","Stated age, release date, edition, outturn, malt phenol PPM and flavor profile remain unknown. Do not calculate an age from the exact dates. Exact clean image saved locally. Upload pending because the JSON CLI does not accept multipart files.","https://whiskyauctioneer.com/whisky-lot/5283350/caol-ila-2004-cask-strength | https://singlemaltwallonie.blogspot.com/2016/06/caol-ila-20042016-gordon-macphail-593.html"
"1934","Gordon & MacPhail Caol Ila","ADDED — optional facts left blank","B52818","statedAge | maltPhenolPpm | releaseYear | releaseMonth | releaseDay | outturn | image","Stated age, release date, edition, outturn, malt phenol PPM and flavor profile remain unknown. Do not calculate an age from the exact dates. Exact clean image saved locally. Upload pending because the JSON CLI does not accept multipart files.","https://whiskyauctioneer.com/whisky-lot/5283348/caol-ila-2005-cask-strength | https://www.scotchwhiskyauctions.com/auctions/155-the-113th-auction/415309-caol-ila-2005-gordon--macphail/ | https://www.whiskybase.com/whiskies/whisky/88092/caol-ila-2005-gm"
"1935","Whisky Sponge Caol Ila - Edition No. 13","ADDED — optional facts left blank","B52819","bottler | caskStrength | naturalColor | nonChillFiltered | maltPhenolPpm | releaseYear | releaseMonth | releaseDay | caskNumber | image","Exact dates, bottler, series, cask number, cask-strength status, color and filtration claims, release date, malt phenol PPM and flavor profile remain unknown. Exact clean image saved locally. Upload pending because the JSON CLI does not accept multipart files.","https://whiskyauctioneer.com/whisky-lot/5283564/caol-ila-2010-whisky-sponge-9-year-old-edition-no13 | https://decadent-drinks.com/shop/caol-ila-2010-whisky-sponge-edition-no13 | https://decadent-drinks.com/sponge-universe"
"1936","Signatory Vintage Caol Ila - #70","ADDED — optional facts left blank","B52820","maltPhenolPpm | releaseYear | releaseMonth | releaseDay | caskNumber | outturn | image","Exact dates, cask numbers, outturn, release date, malt phenol PPM and flavor profile remain unknown. Exact clean image saved locally. Upload pending because the JSON CLI does not accept multipart files.","https://whiskyauctioneer.com/whisky-lot/8213565/caol-ila-2012-100-proof-edition-13-year-old-70 | https://www.thewhiskyexchange.com/p/87043/caol-ila-2012-13-year-old-signatory-100-proof-edition-70 | https://www.whisky-online.com/products/caol-ila-2012-2026-13-year-old-signatory-vintage-100-proof-edition-70"
"1949","Original source missing — Ichiro's Chichibu On The Way Floor Malted - 2024 candidate only","SKIPPED — unresolved identity","B51692 (unverified historical candidate)","entire release","No original auction title, lot URL, source image or verified source join survives. All recovered observation sets, the v2 comparison and the source index were checked. Historical candidate notes only: ABV 54.5%; year 2024; bottled/released 2024. Skip the entire row. The candidate name and facts are clues, not verified bottle data. Do not replay edits, claim a match, create an alias/reference, or add a guessed release. No production write.",""
"1950","Original source missing — Ichiro's Chichibu Red Wine Cask - 2023 candidate only","SKIPPED — unresolved identity","B51698 (unverified historical candidate)","entire release","No original auction title, lot URL, source image or verified source join survives. All recovered observation sets, the v2 comparison and the source index were checked. Historical candidate notes only: ABV 50.5%; year 2023; bottled/released 2023. Skip the entire row. The candidate name and facts are clues, not verified bottle data. Do not replay edits, claim a match, create an alias/reference, or add a guessed release. No production write.",""
"1984","Original source missing — Dalmore King Alexander III candidate only","SKIPPED — unresolved identity","B424 (unverified historical candidate)","entire release","No original auction title, lot URL, source image or verified source join survives. All recovered observation sets, the v2 comparison and the source index were checked. Historical candidate notes only: Several auction rows map to B0424 with conflicting proposed abv.. Skip the entire row. The candidate name and facts are clues, not verified bottle data. Do not replay edits, claim a match, create an alias/reference, or add a guessed release. No production write.",""
"1988","Original source missing — Dewar's White Label candidate only","SKIPPED — unresolved identity","B14264 (unverified historical candidate)","entire release","No original auction title, lot URL, source image or verified source join survives. All recovered observation sets, the v2 comparison and the source index were checked. No exact source traits survive. Skip the entire row. The candidate name and facts are clues, not verified bottle data. Do not replay edits, claim a match, create an alias/reference, or add a guessed release. No production write.",""
"2007","Original source missing — George T. Stagg Kentucky Straight Bourbon - 2025 Release - 15-year-old - 2025 Release - 71.4% ABV - Cask Strength candidate only","SKIPPED — unresolved identity","B47439 (unverified historical candidate)","entire release","No original auction title, lot URL, source image or verified source join survives. All recovered observation sets, the v2 comparison and the source index were checked. Historical candidate notes only: ABV 71.4%; year 2025; bottled/released 2025. Skip the entire row. The candidate name and facts are clues, not verified bottle data. Do not replay edits, claim a match, create an alias/reference, or add a guessed release. No production write.",""
"2085","Original source missing — Hibiki 21-year-old candidate only","SKIPPED — unresolved identity","B11863 (unverified historical candidate)","entire release","No original auction title, lot URL, source image or verified source join survives. All recovered observation sets, the v2 comparison and the source index were checked. Historical candidate notes only: age 21; ABV 43%. Skip the entire row. The candidate name and facts are clues, not verified bottle data. Do not replay edits, claim a match, create an alias/reference, or add a guessed release. No production write.",""
"2099","Jack Daniel's Old No. 7 Inaugural Decanter","ADDED — optional facts left blank","B52821","statedAge | singleCask | caskStrength | naturalColor | nonChillFiltered | maltPhenolPpm | vintageYear | bottlingYear | releaseMonth | releaseDay | maturation | caskNumber | outturn","Age, exact release date, maturation, cask facts, color and filtration claims, outturn, malt phenol PPM and flavor profile remain unknown.","https://whiskyauctioneer.com/whisky-lot/8213535/jack-daniels-old-no7-decanter-15-litre-0 | https://www.just-whisky.co.uk/product/jack-daniels-old-no7-inaugural-decanter-1493442"
"2103","Original source missing — Jim Beam Kentucky Straight Bourbon Whiskey candidate only","SKIPPED — unresolved identity","B14 (unverified historical candidate)","entire release","No original auction title, lot URL, source image or verified source join survives. All recovered observation sets, the v2 comparison and the source index were checked. Historical candidate notes only: Several auction rows map to B0014 with conflicting proposed abv.. Skip the entire row. The candidate name and facts are clues, not verified bottle data. Do not replay edits, claim a match, create an alias/reference, or add a guessed release. No production write.",""
"2105","Original source missing — Jim Beam Kentucky Straight Bourbon Whiskey candidate only","SKIPPED — unresolved identity","B14 (unverified historical candidate)","entire release","No original auction title, lot URL, source image or verified source join survives. All recovered observation sets, the v2 comparison and the source index were checked. Historical candidate notes only: Several auction rows map to B0014 with conflicting proposed abv.. Skip the entire row. The candidate name and facts are clues, not verified bottle data. Do not replay edits, claim a match, create an alias/reference, or add a guessed release. No production write.",""
"2107","Original source missing — Johnnie Walker Black Label - Squid Game Edition - 12-year-old - 40.0% ABV candidate only","SKIPPED — unresolved identity","B45649 (unverified historical candidate)","entire release","No original auction title, lot URL, source image or verified source join survives. All recovered observation sets, the v2 comparison and the source index were checked. Historical candidate notes only: age 12; ABV 40%. Skip the entire row. The candidate name and facts are clues, not verified bottle data. Do not replay edits, claim a match, create an alias/reference, or add a guessed release. No production write.",""
"2109","Original source missing — Johnnie Walker Black Label - Squid Game Edition - 12-year-old - 40.0% ABV candidate only","SKIPPED — unresolved identity","B45649 (unverified historical candidate)","entire release","No original auction title, lot URL, source image or verified source join survives. All recovered observation sets, the v2 comparison and the source index were checked. Historical candidate notes only: age 12; ABV 40%. Skip the entire row. The candidate name and facts are clues, not verified bottle data. Do not replay edits, claim a match, create an alias/reference, or add a guessed release. No production write.",""
"2116","Original source missing — Johnnie Walker White Walker Limited Edition candidate only","SKIPPED — unresolved identity","B2867 (unverified historical candidate)","entire release","No original auction title, lot URL, source image or verified source join survives. All recovered observation sets, the v2 comparison and the source index were checked. Historical candidate notes only: No candidate is specific enough to prove this release. | edition 75 is absent from candidate identity. The fragment edition 75 could be package or parser noise. Do not invent a White Walker edition from it. Skip the entire row. The candidate name and facts are clues, not verified bottle data. Do not replay edits, claim a match, create an alias/reference, or add a guessed release. No production write.",""
"2120","Original source missing — Johnnie Walker White Walker Limited Edition candidate only","SKIPPED — unresolved identity","B2867 (unverified historical candidate)","entire release","No original auction title, lot URL, source image or verified source join survives. All recovered observation sets, the v2 comparison and the source index were checked. Historical candidate notes only: SMWS 2.0 vs missing | No candidate is specific enough to prove this release.. The fragment SMWS 2.0 is not a verified source code; neither SMWS nor White Walker can be assigned from it. Skip the entire row. The candidate name and facts are clues, not verified bottle data. Do not replay edits, claim a match, create an alias/reference, or add a guessed release. No production write.",""
"2141","Knockando 1974","ADDED — optional facts left blank","B52822","statedAge | singleCask | caskStrength | naturalColor | nonChillFiltered | maltPhenolPpm | releaseYear | releaseMonth | releaseDay | maturation | caskNumber | outturn","Stated age, exact dates, maturation, cask facts, color and filtration claims, outturn, malt phenol PPM and flavor profile remain unknown.","https://whiskyauctioneer.com/whisky-lot/5281034/knockando-1974 | https://whisky.auction/auctions/lot/90464/knockando-1974"
"2162","Original source missing — Laphroaig Elements candidate only","SKIPPED — unresolved identity","B44286 (unverified historical candidate)","entire release","No original auction title, lot URL, source image or verified source join survives. All recovered observation sets, the v2 comparison and the source index were checked. Historical candidate notes only: SMWS 1.0 vs missing | No candidate is specific enough to prove this release.. The fragment SMWS 1.0 is not a verified source code or a complete Elements release name. Skip the entire row. The candidate name and facts are clues, not verified bottle data. Do not replay edits, claim a match, create an alias/reference, or add a guessed release. No production write.",""
"2196","Original source missing — The Macallan 12-year-old Triple Cask Matured - Fine Oak candidate only","SKIPPED — unresolved identity","B2167 (unverified historical candidate)","entire release","No original auction title, lot URL, source image or verified source join survives. All recovered observation sets, the v2 comparison and the source index were checked. Historical candidate notes only: age 12; SMWS 4.5 vs missing | age 12; No candidate is specific enough to prove this release.. The fragment SMWS 4.5 conflicts with a Macallan candidate. Do not turn a possible package number into bottle identity. Skip the entire row. The candidate name and facts are clues, not verified bottle data. Do not replay edits, claim a match, create an alias/reference, or add a guessed release. No production write.",""
"2227","Original source missing — Octomore 2.1 candidate only","SKIPPED — unresolved identity","B4941 (unverified historical candidate)","entire release","No original auction title, lot URL, source image or verified source join survives. All recovered observation sets, the v2 comparison and the source index were checked. Historical candidate notes only: ABV 62.5%; bottled/released 2009; SMWS 02.1 vs 2.1; edition 02 is absent from candidate identity | ABV 62.5%; bottled/released 2009; No candidate is specific enough to prove this release.. The 02.1 versus 2.1 parser comparison does not itself prove a different release or a recovered exact match. Skip the entire row. The candidate name and facts are clues, not verified bottle data. Do not replay edits, claim a match, create an alias/reference, or add a guessed release. No production write.",""
"2228","Original source missing — Octomore 5.1 candidate only","SKIPPED — unresolved identity","B4532 (unverified historical candidate)","entire release","No original auction title, lot URL, source image or verified source join survives. All recovered observation sets, the v2 comparison and the source index were checked. Historical candidate notes only: ABV 59.5%; bottled/released 2012; SMWS 05.1 vs 5.1; edition 05 is absent from candidate identity | ABV 59.5%; bottled/released 2012; No candidate is specific enough to prove this release. | SMWS 05.1 vs 5.1; edition 05 is absent from candidate identity. The 05.1 versus 5.1 parser comparison does not itself prove a different release or a recovered exact match. Skip the entire row. The candidate name and facts are clues, not verified bottle data. Do not replay edits, claim a match, create an alias/reference, or add a guessed release. No production write.",""
"2229","Original source missing — Old Fitzgerald 11-year-old Bottled in Bond (Fall 2021) candidate only","SKIPPED — unresolved identity","B12880 (unverified historical candidate)","entire release","No original auction title, lot URL, source image or verified source join survives. All recovered observation sets, the v2 comparison and the source index were checked. Historical candidate notes only: title year 2006 is absent from candidate identity. Source-year fragment 2006 conflicts with a Fall 2021 candidate; the original full label is absent. Skip the entire row. The candidate name and facts are clues, not verified bottle data. Do not replay edits, claim a match, create an alias/reference, or add a guessed release. No production write.",""
"2230","Original source missing — Old Fitzgerald 9-year-old Bottled in Bond (Fall 2018 Release) candidate only","SKIPPED — unresolved identity","B13959 (unverified historical candidate)","entire release","No original auction title, lot URL, source image or verified source join survives. All recovered observation sets, the v2 comparison and the source index were checked. Historical candidate notes only: title year 2008 is absent from candidate identity. Source-year fragment 2008 conflicts with a Fall 2018 candidate; the original full label is absent. Skip the entire row. The candidate name and facts are clues, not verified bottle data. Do not replay edits, claim a match, create an alias/reference, or add a guessed release. No production write.",""
"2231","Original source missing — Old Fitzgerald 11-year-old Bottled in Bond (Fall 2021) candidate only","SKIPPED — unresolved identity","B12880 (unverified historical candidate)","entire release","No original auction title, lot URL, source image or verified source join survives. All recovered observation sets, the v2 comparison and the source index were checked. Historical candidate notes only: title year 2014 is absent from candidate identity. Source-year fragment 2014 conflicts with a Fall 2021 candidate; the original full label is absent. Skip the entire row. The candidate name and facts are clues, not verified bottle data. Do not replay edits, claim a match, create an alias/reference, or add a guessed release. No production write.",""
"2232","Original source missing — Old Fitzgerald Bottled in Bond candidate only","SKIPPED — unresolved identity","B16591 (unverified historical candidate)","entire release","No original auction title, lot URL, source image or verified source join survives. All recovered observation sets, the v2 comparison and the source index were checked. Historical candidate notes only: age 6 vs 4; title year 1973 is absent from candidate identity. The old comparison conflicts on both age and year; do not manufacture a six-year 1973 release from fragments. Skip the entire row. The candidate name and facts are clues, not verified bottle data. Do not replay edits, claim a match, create an alias/reference, or add a guessed release. No production write.",""
"2234","Original source missing — Old Perth 1996 MMcK Blended Malt Scotch Whisky candidate only","SKIPPED — unresolved identity","B6938 (unverified historical candidate)","entire release","No original auction title, lot URL, source image or verified source join survives. All recovered observation sets, the v2 comparison and the source index were checked. Historical candidate notes only: title year 1994 is absent from candidate identity. The 1994 versus 1996 conflict prevents adopting the Old Perth candidate. Skip the entire row. The candidate name and facts are clues, not verified bottle data. Do not replay edits, claim a match, create an alias/reference, or add a guessed release. No production write.",""
"2235","Original source missing — Old Pulteney 1990 Vintage (Cask #4931) candidate only","SKIPPED — unresolved identity","B17727 (unverified historical candidate)","entire release","No original auction title, lot URL, source image or verified source join survives. All recovered observation sets, the v2 comparison and the source index were checked. Historical candidate notes only: No candidate is specific enough to prove this release.. Skip the entire row. The candidate name and facts are clues, not verified bottle data. Do not replay edits, claim a match, create an alias/reference, or add a guessed release. No production write.",""
"2236","Original source missing — Penderyn Icons of Wales No. 7 Rhiannon candidate only","SKIPPED — unresolved identity","B11885 (unverified historical candidate)","entire release","No original auction title, lot URL, source image or verified source join survives. All recovered observation sets, the v2 comparison and the source index were checked. Historical candidate notes only: No candidate is specific enough to prove this release.. Skip the entire row. The candidate name and facts are clues, not verified bottle data. Do not replay edits, claim a match, create an alias/reference, or add a guessed release. No production write.",""
"2237","Original source missing — Penderyn Icons of Wales No. 7 Rhiannon candidate only","SKIPPED — unresolved identity","B11885 (unverified historical candidate)","entire release","No original auction title, lot URL, source image or verified source join survives. All recovered observation sets, the v2 comparison and the source index were checked. Historical candidate notes only: No candidate is specific enough to prove this release.. Skip the entire row. The candidate name and facts are clues, not verified bottle data. Do not replay edits, claim a match, create an alias/reference, or add a guessed release. No production write.",""
"2238","Original source missing — Penderyn Icons of Wales No. 7 Rhiannon candidate only","SKIPPED — unresolved identity","B11885 (unverified historical candidate)","entire release","No original auction title, lot URL, source image or verified source join survives. All recovered observation sets, the v2 comparison and the source index were checked. Historical candidate notes only: No candidate is specific enough to prove this release.. Skip the entire row. The candidate name and facts are clues, not verified bottle data. Do not replay edits, claim a match, create an alias/reference, or add a guessed release. No production write.",""
"2239","Original source missing — Port Ellen 1983 DoD candidate only","SKIPPED — unresolved identity","B1070 (unverified historical candidate)","entire release","No original auction title, lot URL, source image or verified source join survives. All recovered observation sets, the v2 comparison and the source index were checked. Historical candidate notes only: age 11 vs 35. Eleven versus thirty-five years is an unresolved identity conflict, not a safe field update. Skip the entire row. The candidate name and facts are clues, not verified bottle data. Do not replay edits, claim a match, create an alias/reference, or add a guessed release. No production write.",""
"2240","Original source missing — Redbreast All Sherry Single Cask candidate only","SKIPPED — unresolved identity","B16042 (unverified historical candidate)","entire release","No original auction title, lot URL, source image or verified source join survives. All recovered observation sets, the v2 comparison and the source index were checked. Historical candidate notes only: title year 1998 is absent from candidate identity. The year 1998 fragment does not establish the exact Redbreast single cask. Skip the entire row. The candidate name and facts are clues, not verified bottle data. Do not replay edits, claim a match, create an alias/reference, or add a guessed release. No production write.",""
"2242","Original source missing — Special Releases Rosebank - 2014 candidate only","SKIPPED — unresolved identity","B16528 (unverified historical candidate)","entire release","No original auction title, lot URL, source image or verified source join survives. All recovered observation sets, the v2 comparison and the source index were checked. Historical candidate notes only: ABV 53.8% vs 55.3%; bottled/released 2013 vs 2014. Both strength and release-year conflicts remain unresolved; do not overwrite Rosebank 2014. Skip the entire row. The candidate name and facts are clues, not verified bottle data. Do not replay edits, claim a match, create an alias/reference, or add a guessed release. No production write.",""
"2245","Original source missing — Royal Brackla 21-year-old candidate only","SKIPPED — unresolved identity","B915 (unverified historical candidate)","entire release","No original auction title, lot URL, source image or verified source join survives. All recovered observation sets, the v2 comparison and the source index were checked. Historical candidate notes only: title year 2008 is absent from candidate identity. Skip the entire row. The candidate name and facts are clues, not verified bottle data. Do not replay edits, claim a match, create an alias/reference, or add a guessed release. No production write.",""
"2247","Original source missing — RyeLaw Fife Single Grain Scotch Whisky - 5-year-old - 2022 Release - 2017 Vintage - 46.3% ABV - Oak Cask candidate only","SKIPPED — unresolved identity","B46380 (unverified historical candidate)","entire release","No original auction title, lot URL, source image or verified source join survives. All recovered observation sets, the v2 comparison and the source index were checked. Historical candidate notes only: No candidate is specific enough to prove this release.. Skip the entire row. The candidate name and facts are clues, not verified bottle data. Do not replay edits, claim a match, create an alias/reference, or add a guessed release. No production write.",""
"2248","Original source missing — Saburomaru Heavily Islay Peated Malt candidate only","SKIPPED — unresolved identity","B51680 (unverified historical candidate)","entire release","No original auction title, lot URL, source image or verified source join survives. All recovered observation sets, the v2 comparison and the source index were checked. Historical candidate notes only: ABV 59% vs 59.6%; bottled/released 2026 vs 2025. Both strength and release-year conflicts remain unresolved; do not overwrite Saburomaru 2025. Skip the entire row. The candidate name and facts are clues, not verified bottle data. Do not replay edits, claim a match, create an alias/reference, or add a guessed release. No production write.",""
"2249","Original source missing — Sazerac 18-year-old Kentucky Straight Rye - 2018 Release - 45.0% ABV candidate only","SKIPPED — unresolved identity","B44800 (unverified historical candidate)","entire release","No original auction title, lot URL, source image or verified source join survives. All recovered observation sets, the v2 comparison and the source index were checked. Historical candidate notes only: title year 2008 is absent from candidate identity; bottled/released 2008 vs 2018. The 2008 versus 2018 conflict prevents assigning the Sazerac annual candidate. Skip the entire row. The candidate name and facts are clues, not verified bottle data. Do not replay edits, claim a match, create an alias/reference, or add a guessed release. No production write.",""
"2250","Original source missing — Springbank Calvados Wood 12-year-old candidate only","SKIPPED — unresolved identity","B16962 (unverified historical candidate)","entire release","No original auction title, lot URL, source image or verified source join survives. All recovered observation sets, the v2 comparison and the source index were checked. Historical candidate notes only: No candidate is specific enough to prove this release.. Skip the entire row. The candidate name and facts are clues, not verified bottle data. Do not replay edits, claim a match, create an alias/reference, or add a guessed release. No production write.",""
"2252","Original source missing — Springbank 25-year-old Limited Edition candidate only","SKIPPED — unresolved identity","B1563 (unverified historical candidate)","entire release","No original auction title, lot URL, source image or verified source join survives. All recovered observation sets, the v2 comparison and the source index were checked. Historical candidate notes only: title year 1989 is absent from candidate identity. Skip the entire row. The candidate name and facts are clues, not verified bottle data. Do not replay edits, claim a match, create an alias/reference, or add a guessed release. No production write.",""
"2253","Original source missing — Springbank 1996 Vintage candidate only","SKIPPED — unresolved identity","B4953 (unverified historical candidate)","entire release","No original auction title, lot URL, source image or verified source join survives. All recovered observation sets, the v2 comparison and the source index were checked. Historical candidate notes only: No candidate is specific enough to prove this release.. Skip the entire row. The candidate name and facts are clues, not verified bottle data. Do not replay edits, claim a match, create an alias/reference, or add a guessed release. No production write.",""
"2254","Original source missing — Springbank 2003 CA 175th Anniversary candidate only","SKIPPED — unresolved identity","B3340 (unverified historical candidate)","entire release","No original auction title, lot URL, source image or verified source join survives. All recovered observation sets, the v2 comparison and the source index were checked. Historical candidate notes only: No candidate is specific enough to prove this release.. Skip the entire row. The candidate name and facts are clues, not verified bottle data. Do not replay edits, claim a match, create an alias/reference, or add a guessed release. No production write.",""
"2255","Original source missing — Springbank 10-year-old candidate only","SKIPPED — unresolved identity","B467 (unverified historical candidate)","entire release","No original auction title, lot URL, source image or verified source join survives. All recovered observation sets, the v2 comparison and the source index were checked. Historical candidate notes only: title year 2012 is absent from candidate identity. Skip the entire row. The candidate name and facts are clues, not verified bottle data. Do not replay edits, claim a match, create an alias/reference, or add a guessed release. No production write.",""
"2256","Original source missing — Springbank Oloroso Sherry Butt 12-year-old candidate only","SKIPPED — unresolved identity","B17506 (unverified historical candidate)","entire release","No original auction title, lot URL, source image or verified source join survives. All recovered observation sets, the v2 comparison and the source index were checked. Historical candidate notes only: title year 2013 is absent from candidate identity. Skip the entire row. The candidate name and facts are clues, not verified bottle data. Do not replay edits, claim a match, create an alias/reference, or add a guessed release. No production write.",""
"2257","Original source missing — Springbank 10-year-old candidate only","SKIPPED — unresolved identity","B467 (unverified historical candidate)","entire release","No original auction title, lot URL, source image or verified source join survives. All recovered observation sets, the v2 comparison and the source index were checked. Historical candidate notes only: title year 2013 is absent from candidate identity. Skip the entire row. The candidate name and facts are clues, not verified bottle data. Do not replay edits, claim a match, create an alias/reference, or add a guessed release. No production write.",""
"2259","Original source missing — Strathclyde 1989 CA Authentic Collection candidate only","SKIPPED — unresolved identity","B1565 (unverified historical candidate)","entire release","No original auction title, lot URL, source image or verified source join survives. All recovered observation sets, the v2 comparison and the source index were checked. Historical candidate notes only: No candidate is specific enough to prove this release.. Skip the entire row. The candidate name and facts are clues, not verified bottle data. Do not replay edits, claim a match, create an alias/reference, or add a guessed release. No production write.",""
"2261","Original source missing — Malts of Scotland Strathisla - The Whisky Dreamers 2024 - 34-year-old - 2024 Release - 1989 Vintage - 45.0% ABV - Other Cask - Hogshead candidate only","SKIPPED — unresolved identity","B47337 (unverified historical candidate)","entire release","No original auction title, lot URL, source image or verified source join survives. All recovered observation sets, the v2 comparison and the source index were checked. Historical candidate notes only: No candidate is specific enough to prove this release.. Skip the entire row. The candidate name and facts are clues, not verified bottle data. Do not replay edits, claim a match, create an alias/reference, or add a guessed release. No production write.",""
"2262","Original source missing — Malts of Scotland Strathisla - The Whisky Dreamers 2024 - 34-year-old - 2024 Release - 1989 Vintage - 45.0% ABV - Other Cask - Hogshead candidate only","SKIPPED — unresolved identity","B47337 (unverified historical candidate)","entire release","No original auction title, lot URL, source image or verified source join survives. All recovered observation sets, the v2 comparison and the source index were checked. Historical candidate notes only: bottled/released 2001 vs 2024. The 2001 versus 2024 conflict prevents assigning the Strathisla candidate. Skip the entire row. The candidate name and facts are clues, not verified bottle data. Do not replay edits, claim a match, create an alias/reference, or add a guessed release. No production write.",""
"2264","Original source missing — Hakushu Distillery 25-year-old candidate only","SKIPPED — unresolved identity","B17154 (unverified historical candidate)","entire release","No original auction title, lot URL, source image or verified source join survives. All recovered observation sets, the v2 comparison and the source index were checked. Historical candidate notes only: No candidate is specific enough to prove this release.. Skip the entire row. The candidate name and facts are clues, not verified bottle data. Do not replay edits, claim a match, create an alias/reference, or add a guessed release. No production write.",""
"2274","Original source missing — Douglas Laing Tamdhu - Cask 16922 - 8-year-old - 2022 Release - 2014 Vintage - 46.0% ABV - Single Cask - Hogshead - Refill candidate only","SKIPPED — unresolved identity","B46837 (unverified historical candidate)","entire release","No original auction title, lot URL, source image or verified source join survives. All recovered observation sets, the v2 comparison and the source index were checked. Historical candidate notes only: ABV 51% vs 46%. The source-strength fragment is 51%, not the candidate's 46%; exact cask identity is not recovered. Skip the entire row. The candidate name and facts are clues, not verified bottle data. Do not replay edits, claim a match, create an alias/reference, or add a guessed release. No production write.",""
"2275","Original source missing — SMWS 59.75 Walk down memory lane candidate only","SKIPPED — unresolved identity","B40679 (unverified historical candidate)","entire release","No original auction title, lot URL, source image or verified source join survives. All recovered observation sets, the v2 comparison and the source index were checked. Historical candidate notes only: ABV 54.2% vs 55.2%. The source-strength fragment is 54.2%, not the candidate's 55.2%; the candidate's SMWS code is not independent source proof. Skip the entire row. The candidate name and facts are clues, not verified bottle data. Do not replay edits, claim a match, create an alias/reference, or add a guessed release. No production write.",""
"2277","Original source missing — Teeling 15-year-old The Revival candidate only","SKIPPED — unresolved identity","B3917 (unverified historical candidate)","entire release","No original auction title, lot URL, source image or verified source join survives. All recovered observation sets, the v2 comparison and the source index were checked. Historical candidate notes only: No candidate is specific enough to prove this release.. Skip the entire row. The candidate name and facts are clues, not verified bottle data. Do not replay edits, claim a match, create an alias/reference, or add a guessed release. No production write.",""
"2278","Original source missing — The Last Drop Kentucky Straight Whiskey Signature Creation - Release 28 candidate only","SKIPPED — unresolved identity","B49896 (unverified historical candidate)","entire release","No original auction title, lot URL, source image or verified source join survives. All recovered observation sets, the v2 comparison and the source index were checked. Historical candidate notes only: No candidate is specific enough to prove this release.. Skip the entire row. The candidate name and facts are clues, not verified bottle data. Do not replay edits, claim a match, create an alias/reference, or add a guessed release. No production write.",""
"2279","Original source missing — Tobermory 15-year-old Marsala Finish candidate only","SKIPPED — unresolved identity","B3354 (unverified historical candidate)","entire release","No original auction title, lot URL, source image or verified source join survives. All recovered observation sets, the v2 comparison and the source index were checked. Historical candidate notes only: No candidate is specific enough to prove this release.. Skip the entire row. The candidate name and facts are clues, not verified bottle data. Do not replay edits, claim a match, create an alias/reference, or add a guessed release. No production write.",""
"2280","Original source missing — Decadent Drinks Old Mull Ledaig - 20-year-old - 2026 Release - 53.1% ABV candidate only","SKIPPED — unresolved identity","B47291 (unverified historical candidate)","entire release","No original auction title, lot URL, source image or verified source join survives. All recovered observation sets, the v2 comparison and the source index were checked. Historical candidate notes only: title year 2019 is absent from candidate identity. A 2019 source fragment conflicts with a 2026 candidate; no complete original release name survives. Skip the entire row. The candidate name and facts are clues, not verified bottle data. Do not replay edits, claim a match, create an alias/reference, or add a guessed release. No production write.",""
"2281","Original source missing — Tomatin 1990 WhB candidate only","SKIPPED — unresolved identity","B745 (unverified historical candidate)","entire release","No original auction title, lot URL, source image or verified source join survives. All recovered observation sets, the v2 comparison and the source index were checked. Historical candidate notes only: No candidate is specific enough to prove this release.. Skip the entire row. The candidate name and facts are clues, not verified bottle data. Do not replay edits, claim a match, create an alias/reference, or add a guessed release. No production write.",""
"2284","Original source missing — Tomatin Cù Bòcan candidate only","SKIPPED — unresolved identity","B1012 (unverified historical candidate)","entire release","No original auction title, lot URL, source image or verified source join survives. All recovered observation sets, the v2 comparison and the source index were checked. Historical candidate notes only: title year 1988 is absent from candidate identity. Skip the entire row. The candidate name and facts are clues, not verified bottle data. Do not replay edits, claim a match, create an alias/reference, or add a guessed release. No production write.",""
"2287","Original source missing — Tullibardine Sherry Wood Finish, 1993 vintage candidate only","SKIPPED — unresolved identity","B17831 (unverified historical candidate)","entire release","No original auction title, lot URL, source image or verified source join survives. All recovered observation sets, the v2 comparison and the source index were checked. Historical candidate notes only: No candidate is specific enough to prove this release.. Skip the entire row. The candidate name and facts are clues, not verified bottle data. Do not replay edits, claim a match, create an alias/reference, or add a guessed release. No production write.",""
"2288","Original source missing — Uncle Nearest 1820 Single Barrel 11-year-old Tennessee Whiskey (Barrel US-1) candidate only","SKIPPED — unresolved identity","B13786 | B13787 (unverified historical candidates)","entire release","No original auction title, lot URL, source image or verified source join survives. All recovered observation sets, the v2 comparison and the source index were checked. Historical candidate notes only: Multiple compatible candidates remain: B13786 and B13787.. Two Uncle Nearest candidates remain. Do not pick a barrel or merge records without the original exact source. Skip the entire row. The candidate name and facts are clues, not verified bottle data. Do not replay edits, claim a match, create an alias/reference, or add a guessed release. No production write.",""
"2289","Original source missing — Van Winkle 18-year-old Family Reserve candidate only","SKIPPED — unresolved identity","B18959 (unverified historical candidate)","entire release","No original auction title, lot URL, source image or verified source join survives. All recovered observation sets, the v2 comparison and the source index were checked. Historical candidate notes only: age 13 vs 18. Thirteen versus eighteen years is an unresolved identity conflict, not a safe age edit. Skip the entire row. The candidate name and facts are clues, not verified bottle data. Do not replay edits, claim a match, create an alias/reference, or add a guessed release. No production write.",""
"2290","Original source missing — W.L. Weller Full Proof candidate only","SKIPPED — unresolved identity","B44152 (unverified historical candidate)","entire release","No original auction title, lot URL, source image or verified source join survives. All recovered observation sets, the v2 comparison and the source index were checked. Historical candidate notes only: No candidate is specific enough to prove this release.. Skip the entire row. The candidate name and facts are clues, not verified bottle data. Do not replay edits, claim a match, create an alias/reference, or add a guessed release. No production write.",""
"2291","Original source missing — West Cork Sherry Cask Finish 12-year-old candidate only","SKIPPED — unresolved identity","B14417 (unverified historical candidate)","entire release","No original auction title, lot URL, source image or verified source join survives. All recovered observation sets, the v2 comparison and the source index were checked. Historical candidate notes only: No candidate is specific enough to prove this release.. Skip the entire row. The candidate name and facts are clues, not verified bottle data. Do not replay edits, claim a match, create an alias/reference, or add a guessed release. No production write.",""
"2292","Original source missing — WhistlePig 10-year-old Straight Rye candidate only","SKIPPED — unresolved identity","B17526 (unverified historical candidate)","entire release","No original auction title, lot URL, source image or verified source join survives. All recovered observation sets, the v2 comparison and the source index were checked. Historical candidate notes only: No candidate is specific enough to prove this release.. Skip the entire row. The candidate name and facts are clues, not verified bottle data. Do not replay edits, claim a match, create an alias/reference, or add a guessed release. No production write.",""
"2293","Original source missing — White Heather Blended Scotch Whisky - 15-year-old - 46.0% ABV candidate only","SKIPPED — unresolved identity","B45621 (unverified historical candidate)","entire release","No original auction title, lot URL, source image or verified source join survives. All recovered observation sets, the v2 comparison and the source index were checked. Historical candidate notes only: age 15; ABV 46%. Skip the entire row. The candidate name and facts are clues, not verified bottle data. Do not replay edits, claim a match, create an alias/reference, or add a guessed release. No production write.",""
"2294","Original source missing — Wild Turkey 101 - 8-year-old - 50.5% ABV candidate only","SKIPPED — unresolved identity","B45491 (unverified historical candidate)","entire release","No original auction title, lot URL, source image or verified source join survives. All recovered observation sets, the v2 comparison and the source index were checked. Historical candidate notes only: No candidate is specific enough to prove this release.. Skip the entire row. The candidate name and facts are clues, not verified bottle data. Do not replay edits, claim a match, create an alias/reference, or add a guessed release. No production write.",""
"2295","Original source missing — Wild Turkey 101 - 8-year-old - 50.5% ABV candidate only","SKIPPED — unresolved identity","B45491 (unverified historical candidate)","entire release","No original auction title, lot URL, source image or verified source join survives. All recovered observation sets, the v2 comparison and the source index were checked. Historical candidate notes only: age 8; ABV 50.5%; SMWS 1.14 vs 50.5 | age 8; ABV 50.5%; No candidate is specific enough to prove this release. | SMWS 1.14 vs 50.5. The parser compares SMWS 1.14 with an ABV-like 50.5 token. This is not evidence that the source is SMWS. Skip the entire row. The candidate name and facts are clues, not verified bottle data. Do not replay edits, claim a match, create an alias/reference, or add a guessed release. No production write.",""
"2296","Original source missing — Wild Turkey 101 - 8-year-old - 50.5% ABV candidate only","SKIPPED — unresolved identity","B45491 (unverified historical candidate)","entire release","No original auction title, lot URL, source image or verified source join survives. All recovered observation sets, the v2 comparison and the source index were checked. Historical candidate notes only: No candidate is specific enough to prove this release.. Skip the entire row. The candidate name and facts are clues, not verified bottle data. Do not replay edits, claim a match, create an alias/reference, or add a guessed release. No production write.",""
"2298","Original source missing — Willett Single Barrel Family Estate candidate only","SKIPPED — unresolved identity","B2 (unverified historical candidate)","entire release","No original auction title, lot URL, source image or verified source join survives. All recovered observation sets, the v2 comparison and the source index were checked. Historical candidate notes only: Several auction rows map to B0002 with conflicting proposed statedAge, abv.. Several sources proposed conflicting ages and strengths for the same generic Willett candidate. No exact barrel is established. Skip the entire row. The candidate name and facts are clues, not verified bottle data. Do not replay edits, claim a match, create an alias/reference, or add a guessed release. No production write.",""
"2300","Original source missing — Willett Single Barrel Family Estate candidate only","SKIPPED — unresolved identity","B2 (unverified historical candidate)","entire release","No original auction title, lot URL, source image or verified source join survives. All recovered observation sets, the v2 comparison and the source index were checked. Historical candidate notes only: Several auction rows map to B0002 with conflicting proposed statedAge, abv.. Several sources proposed conflicting ages and strengths for the same generic Willett candidate. Do not declare this a duplicate of row 2298. Skip the entire row. The candidate name and facts are clues, not verified bottle data. Do not replay edits, claim a match, create an alias/reference, or add a guessed release. No production write.",""
"2301","Original source missing — WillowBurn 2014 Exceptional Collection candidate only","SKIPPED — unresolved identity","B1587 (unverified historical candidate)","entire release","No original auction title, lot URL, source image or verified source join survives. All recovered observation sets, the v2 comparison and the source index were checked. Historical candidate notes only: age 5 vs 10. Five versus ten years is an unresolved identity conflict, not a safe age edit. Skip the entire row. The candidate name and facts are clues, not verified bottle data. Do not replay edits, claim a match, create an alias/reference, or add a guessed release. No production write.",""
"2303","Original source missing — Woodford Reserve Kentucky Straight Bourbon Whiskey candidate only","SKIPPED — unresolved identity","B44150 (unverified historical candidate)","entire release","No original auction title, lot URL, source image or verified source join survives. All recovered observation sets, the v2 comparison and the source index were checked. Historical candidate notes only: No candidate is specific enough to prove this release.. Skip the entire row. The candidate name and facts are clues, not verified bottle data. Do not replay edits, claim a match, create an alias/reference, or add a guessed release. No production write.",""
"2304","Original source missing — Woodford Reserve Master's Collection (Batch Proof) candidate only","SKIPPED — unresolved identity","B13558 (unverified historical candidate)","entire release","No original auction title, lot URL, source image or verified source join survives. All recovered observation sets, the v2 comparison and the source index were checked. Historical candidate notes only: title year 2018 is absent from candidate identity. Skip the entire row. The candidate name and facts are clues, not verified bottle data. Do not replay edits, claim a match, create an alias/reference, or add a guessed release. No production write.",""
"2305","Original source missing — Yamazaki 10-year-old candidate only","SKIPPED — unresolved identity","B5123 (unverified historical candidate)","entire release","No original auction title, lot URL, source image or verified source join survives. All recovered observation sets, the v2 comparison and the source index were checked. Historical candidate notes only: No candidate is specific enough to prove this release.. Skip the entire row. The candidate name and facts are clues, not verified bottle data. Do not replay edits, claim a match, create an alias/reference, or add a guessed release. No production write.",""
"2306","Original source missing — Yamazaki Vintage Malt candidate only","SKIPPED — unresolved identity","B51705 (unverified historical candidate)","entire release","No original auction title, lot URL, source image or verified source join survives. All recovered observation sets, the v2 comparison and the source index were checked. Historical candidate notes only: No candidate is specific enough to prove this release.. Skip the entire row. The candidate name and facts are clues, not verified bottle data. Do not replay edits, claim a match, create an alias/reference, or add a guessed release. No production write.",""
"2307","Original source missing — Yamazaki Vintage Malt candidate only","SKIPPED — unresolved identity","B51716 (unverified historical candidate)","entire release","No original auction title, lot URL, source image or verified source join survives. All recovered observation sets, the v2 comparison and the source index were checked. Historical candidate notes only: No candidate is specific enough to prove this release.. Skip the entire row. The candidate name and facts are clues, not verified bottle data. Do not replay edits, claim a match, create an alias/reference, or add a guessed release. No production write.",""
"2308","Original source missing — Yamazaki Mizunara Cask 12-year-old candidate only","SKIPPED — unresolved identity","B43233 (unverified historical candidate)","entire release","No original auction title, lot URL, source image or verified source join survives. All recovered observation sets, the v2 comparison and the source index were checked. Historical candidate notes only: title year 1986 is absent from candidate identity. The 1986 source fragment does not identify the Mizunara cask or prove a vintage for the candidate. Skip the entire row. The candidate name and facts are clues, not verified bottle data. Do not replay edits, claim a match, create an alias/reference, or add a guessed release. No production write.",""
"2309","Original source missing — Yamazaki The Cask of Yamazaki - Heavily Peated Malt candidate only","SKIPPED — unresolved identity","B51760 (unverified historical candidate)","entire release","No original auction title, lot URL, source image or verified source join survives. All recovered observation sets, the v2 comparison and the source index were checked. Historical candidate notes only: ABV 61% vs 62%. The 61% versus 62% conflict prevents using the Yamazaki cask candidate without a source label. Skip the entire row. The candidate name and facts are clues, not verified bottle data. Do not replay edits, claim a match, create an alias/reference, or add a guessed release. No production write.",""
"2310","Original source missing — Yamazaki Vintage Malt candidate only","SKIPPED — unresolved identity","B51713 (unverified historical candidate)","entire release","No original auction title, lot URL, source image or verified source join survives. All recovered observation sets, the v2 comparison and the source index were checked. Historical candidate notes only: No candidate is specific enough to prove this release.. Skip the entire row. The candidate name and facts are clues, not verified bottle data. Do not replay edits, claim a match, create an alias/reference, or add a guessed release. No production write.",""
"2311","Original source missing — Yamazaki Vintage Malt candidate only","SKIPPED — unresolved identity","B51723 (unverified historical candidate)","entire release","No original auction title, lot URL, source image or verified source join survives. All recovered observation sets, the v2 comparison and the source index were checked. Historical candidate notes only: No candidate is specific enough to prove this release.. Skip the entire row. The candidate name and facts are clues, not verified bottle data. Do not replay edits, claim a match, create an alias/reference, or add a guessed release. No production write.",""
"2312","Original source missing — The Essence of Suntory Whisky Yamazaki Distillery Refill Sherry Cask candidate only","SKIPPED — unresolved identity","B51729 (unverified historical candidate)","entire release","No original auction title, lot URL, source image or verified source join survives. All recovered observation sets, the v2 comparison and the source index were checked. Historical candidate notes only: ABV 53%; year 2008; bottled/released 2019. Skip the entire row. The candidate name and facts are clues, not verified bottle data. Do not replay edits, claim a match, create an alias/reference, or add a guessed release. No production write.",""
"2313","Original source missing — The Essence of Suntory Whisky Yamazaki Distillery Golden Promise candidate only","SKIPPED — unresolved identity","B51733 (unverified historical candidate)","entire release","No original auction title, lot URL, source image or verified source join survives. All recovered observation sets, the v2 comparison and the source index were checked. Historical candidate notes only: ABV 53%; year 2009; bottled/released 2021. Skip the entire row. The candidate name and facts are clues, not verified bottle data. Do not replay edits, claim a match, create an alias/reference, or add a guessed release. No production write.",""
"2314","Original source missing — The Essence of Suntory Whisky Yamazaki Distillery Montilla Wine Cask candidate only","SKIPPED — unresolved identity","B51728 (unverified historical candidate)","entire release","No original auction title, lot URL, source image or verified source join survives. All recovered observation sets, the v2 comparison and the source index were checked. Historical candidate notes only: ABV 55%; year 2009; bottled/released 2019. Skip the entire row. The candidate name and facts are clues, not verified bottle data. Do not replay edits, claim a match, create an alias/reference, or add a guessed release. No production write.",""
"2315","Original source missing — The Essence of Suntory Whisky Yamazaki Distillery Islay Peated Malt candidate only","SKIPPED — unresolved identity","B51734 (unverified historical candidate)","entire release","No original auction title, lot URL, source image or verified source join survives. All recovered observation sets, the v2 comparison and the source index were checked. Historical candidate notes only: ABV 54%; year 2010; bottled/released 2021. Skip the entire row. The candidate name and facts are clues, not verified bottle data. Do not replay edits, claim a match, create an alias/reference, or add a guessed release. No production write.",""
"2316","Original source missing — Yamazaki 25-year-old candidate only","SKIPPED — unresolved identity","B12856 (unverified historical candidate)","entire release","No original auction title, lot URL, source image or verified source join survives. All recovered observation sets, the v2 comparison and the source index were checked. Historical candidate notes only: No candidate is specific enough to prove this release.. Skip the entire row. The candidate name and facts are clues, not verified bottle data. Do not replay edits, claim a match, create an alias/reference, or add a guessed release. No production write.",""
"2317","Original source missing — Yamazaki 80th Anniversary candidate only","SKIPPED — unresolved identity","B51629 (unverified historical candidate)","entire release","No original auction title, lot URL, source image or verified source join survives. All recovered observation sets, the v2 comparison and the source index were checked. Historical candidate notes only: No candidate is specific enough to prove this release.. Skip the entire row. The candidate name and facts are clues, not verified bottle data. Do not replay edits, claim a match, create an alias/reference, or add a guessed release. No production write.",""
"2318","Original source missing — Yamazaki Limited Edition - 2022 candidate only","SKIPPED — unresolved identity","B51080 (unverified historical candidate)","entire release","No original auction title, lot URL, source image or verified source join survives. All recovered observation sets, the v2 comparison and the source index were checked. Historical candidate notes only: No candidate is specific enough to prove this release.. Skip the entire row. The candidate name and facts are clues, not verified bottle data. Do not replay edits, claim a match, create an alias/reference, or add a guessed release. No production write.",""
"2320","Springbank Cask Strength - Batch 17","ADDED — optional facts left blank","B52838","maltPhenolPpm | vintageYear | releaseMonth | releaseDay | caskNumber | outturn","Vintage, exact release date, cask numbers, malt phenol PPM and flavor profile remain unknown. Outturn remains null unless an exact bottle count was documented.","https://whiskyauctioneer.com/whisky-lot/7043938/springbank-cask-strength-12-year-old | https://www.masterofmalt.com/whiskies/springbank/springbank-12-year-oldcask-strength-56-2-whisky/"
"2320","Springbank Cask Strength - Batch 21","ADDED — optional facts left blank","B52839","maltPhenolPpm | vintageYear | releaseMonth | releaseDay | caskNumber","Vintage, exact release date, cask numbers, malt phenol PPM and flavor profile remain unknown. Outturn remains null unless an exact bottle count was documented.","https://whiskyauctioneer.com/whisky-lot/5271976/springbank-12-year-old-cask-strength-2020-0 | https://peatedperfection.blogspot.com/2022/01/springbank-12-cask-strength-2020-2021.html"
"2320","Springbank Cask Strength - Batch 22","ADDED — optional facts left blank","B52840","maltPhenolPpm | vintageYear | releaseMonth | releaseDay | caskNumber | outturn","Vintage, exact release date, cask numbers, malt phenol PPM and flavor profile remain unknown. Outturn remains null unless an exact bottle count was documented.","https://whiskyauctioneer.com/whisky-lot/7044154/springbank-cask-strength-12-year-old | https://www.whisky.de/flaschen-db/details/springbank-cask-strength-2020-batch-21.html | https://www.whiskyfun.com/2021/A-new-wee-bag-of-Springbank-including-our-17000th-whisky.html"
"2320","Springbank Cask Strength - Batch 23","ADDED — optional facts left blank","B52841","maltPhenolPpm | vintageYear | releaseMonth | releaseDay | caskNumber | outturn","Vintage, exact release date, cask numbers, malt phenol PPM and flavor profile remain unknown. Outturn remains null unless an exact bottle count was documented.","https://whiskyauctioneer.com/whisky-lot/7044159/springbank-cask-strength-12-year-old | https://www.whiskybase.com/market/whisky/395478"
"2320","Springbank Cask Strength - Batch 25","ADDED — optional facts left blank","B52842","maltPhenolPpm | vintageYear | releaseMonth | releaseDay | caskNumber | outturn","Vintage, exact release date, cask numbers, malt phenol PPM and flavor profile remain unknown. Outturn remains null unless an exact bottle count was documented.","https://whiskyauctioneer.com/whisky-lot/5280137/springbank-cask-strength-12-year-old | https://www.whiskybase.com/whiskies/whisky/255271/springbank-12-year-old"
"2320","Springbank Cask Strength - Batch 27","ADDED — optional facts left blank","B52843","maltPhenolPpm | vintageYear | releaseMonth | releaseDay | caskNumber | outturn","Vintage, exact release date, cask numbers, malt phenol PPM and flavor profile remain unknown. Outturn remains null unless an exact bottle count was documented.","https://whiskyauctioneer.com/whisky-lot/5280742/springbank-cask-strength-12-year-old | https://www.whiskybase.com/whiskies/whisky/277950/12-year-old"
"2321","Macallan x Jordi Roca The Harmony Collection - Rich Cacao","EXISTING — exact identity; data concern recorded","B1834","","Exact marketed expression identified from the source card facts and fresh narrow production searches. The existing Bottle incorrectly carries statedAge 12. Rich Cacao is a no-age-statement release; this identity match does not approve that value. No production write.","https://whiskyauctioneer.com/whisky-lot/5280871/macallan-x-jordi-roca-harmony-collection-rich-cacao | https://whiskyauctioneer.com/whisky-lot/5283456/macallan-x-jordi-roca-harmony-collection-rich-cacao | https://whiskyauctioneer.com/whisky-lot/5280865/macallan-x-jordi-roca-harmony-collection-rich-cacao | https://whiskyauctioneer.com/whisky-lot/5068596/macallan-x-jordi-roca-harmony-collection-rich-cacao | https://whiskyauctioneer.com/whisky-lot/5280869/macallan-x-jordi-roca-harmony-collection-rich-cacao | https://whiskyauctioneer.com/whisky-lot/5271957/macallan-x-jordi-roca-harmony-collection-rich-cacao | https://whiskyauctioneer.com/whisky-lot/5280582/macallan-x-jordi-roca-harmony-collection-rich-cacao | https://whiskyauctioneer.com/whisky-lot/5280867/macallan-x-jordi-roca-harmony-collection-rich-cacao | https://whiskyauctioneer.com/whisky-lot/5280861/macallan-x-jordi-roca-harmony-collection-rich-cacao | https://whiskyauctioneer.com/whisky-lot/5280863/macallan-x-jordi-roca-harmony-collection-rich-cacao | https://whiskyauctioneer.com/whisky-lot/5283920/macallan-x-jordi-roca-harmony-collection-rich-cacao"
"2322","Bruichladdich Greener Still 15 Year Old","EXISTING — exact bottle verified; no changes","B47421","","Exact marketed expression identified from the source title, source card facts and fresh production search. The release-defining age, vintage, edition, cask code, release year and/or ABV agree where those facts are present. No production write.","https://whiskyauctioneer.com/whisky-lot/5283930/bruichladdich-greener-still-15-year-old | https://whiskyauctioneer.com/whisky-lot/5283891/bruichladdich-greener-still-15-year-old | https://whiskyauctioneer.com/whisky-lot/5283876/bruichladdich-greener-still-15-year-old | https://whiskyauctioneer.com/whisky-lot/5283873/bruichladdich-greener-still-15-year-old | https://whiskyauctioneer.com/whisky-lot/7043833/bruichladdich-greener-still-15-year-old | https://whiskyauctioneer.com/whisky-lot/7043832/bruichladdich-greener-still-15-year-old | https://whiskyauctioneer.com/whisky-lot/5283889/bruichladdich-greener-still-15-year-old | https://whiskyauctioneer.com/whisky-lot/7043834/bruichladdich-greener-still-15-year-old"
"2323","Glendronach Allardice 18 Year Old","EXISTING — exact bottle verified; no changes","B4902","","Exact marketed expression identified from the source title, source card facts and fresh production search. The release-defining age, vintage, edition, cask code, release year and/or ABV agree where those facts are present. No production write.","https://whiskyauctioneer.com/whisky-lot/5271944/glendronach-allardice-18-year-old | https://whiskyauctioneer.com/whisky-lot/8213862/glendronach-allardice-18-year-old | https://whiskyauctioneer.com/whisky-lot/8213861/glendronach-allardice-18-year-old | https://whiskyauctioneer.com/whisky-lot/5280713/glendronach-allardice-18-year-old | https://whiskyauctioneer.com/whisky-lot/5280719/glendronach-allardice-18-year-old | https://whiskyauctioneer.com/whisky-lot/5271946/glendronach-allardice-18-year-old | https://whiskyauctioneer.com/whisky-lot/5271945/glendronach-allardice-18-year-old"
"2324","Hibiki 12 Year Old Travel Exclusive","EXISTING — exact bottle verified; no changes","B51889","","Exact marketed expression identified from the source title, source card facts and fresh production search. The release-defining age, vintage, edition, cask code, release year and/or ABV agree where those facts are present. No production write.","https://whiskyauctioneer.com/whisky-lot/8213245/hibiki-12-year-old-travel-exclusive | https://whiskyauctioneer.com/whisky-lot/8213244/hibiki-12-year-old-travel-exclusive | https://whiskyauctioneer.com/whisky-lot/8214064/hibiki-12-year-old-travel-exclusive | https://whiskyauctioneer.com/whisky-lot/8214063/hibiki-12-year-old-travel-exclusive | https://whiskyauctioneer.com/whisky-lot/8214061/hibiki-12-year-old-travel-exclusive | https://whiskyauctioneer.com/whisky-lot/8212673a/hibiki-12-year-old-travel-exclusive | https://whiskyauctioneer.com/whisky-lot/8214062/hibiki-12-year-old-travel-exclusive"
"2325","Lagavulin 12 Year Old Natural Cask Strength","EXISTING SET — collapsed source variants resolved; no changes","Bnull","","Exact marketed expression identified from the source card facts and fresh narrow production searches. The source row collapsed four distinct annual Special Releases: 2004 at 58.2%, 2006 at 57.5%, 2009 at 57.9%, and 2013 at 55.1%. Each exact release already exists, so no new Bottle is required. No production write.","https://whiskyauctioneer.com/whisky-lot/8213944/lagavulin-12-year-old-natural-cask-strength | https://whiskyauctioneer.com/whisky-lot/7043569/lagavulin-12-year-old-natural-cask-strength | https://whiskyauctioneer.com/whisky-lot/7043554/lagavulin-12-year-old-natural-cask-strength | https://whiskyauctioneer.com/whisky-lot/7043555/lagavulin-12-year-old-natural-cask-strength | https://whiskyauctioneer.com/whisky-lot/8212845/lagavulin-12-year-old-natural-cask-strength | https://whiskyauctioneer.com/whisky-lot/7043553/lagavulin-12-year-old-natural-cask-strength | https://whiskyauctioneer.com/whisky-lot/7043567/lagavulin-12-year-old-natural-cask-strength"
"2326","Lagavulin 12 Year Old Natural Cask Strength 200th Anniversary","EXISTING — exact Bottle verified; no changes","B3560","","Targeted fresh GET and source-label facts establish the exact release identity. Release-defining age, vintage, edition, release year and/or ABV agree where present. No production write.","https://whiskyauctioneer.com/whisky-lot/8208886/lagavulin-12-year-old-natural-cask-strength-200th-anniversary | https://whiskyauctioneer.com/whisky-lot/8208901/lagavulin-12-year-old-natural-cask-strength-200th-anniversary | https://whiskyauctioneer.com/whisky-lot/8208899/lagavulin-12-year-old-natural-cask-strength-200th-anniversary | https://whiskyauctioneer.com/whisky-lot/8213943/lagavulin-12-year-old-natural-cask-strength-200th-anniversary | https://whiskyauctioneer.com/whisky-lot/8208885/lagavulin-12-year-old-natural-cask-strength-200th-anniversary | https://whiskyauctioneer.com/whisky-lot/8208887/lagavulin-12-year-old-natural-cask-strength-200th-anniversary | https://whiskyauctioneer.com/whisky-lot/8208900/lagavulin-12-year-old-natural-cask-strength-200th-anniversary"
"2327","Macallan The Archival Series Folio 5","EXISTING — exact identity; data concern recorded","B2554","","Exact marketed expression identified from the source title, source card facts and fresh production search. The existing Bottle has statedAge 12, but the Folio 5 source is a no-age-statement release. This identity match does not approve that existing age value.","https://whiskyauctioneer.com/whisky-lot/5282420/macallan-archival-series-folio-5 | https://whiskyauctioneer.com/whisky-lot/8214208/macallan-archival-series-folio-5 | https://whiskyauctioneer.com/whisky-lot/8213968/macallan-archival-series-folio-5 | https://whiskyauctioneer.com/whisky-lot/8205683/macallan-archival-series-folio-5 | https://whiskyauctioneer.com/whisky-lot/5282425/macallan-archival-series-folio-5 | https://whiskyauctioneer.com/whisky-lot/5280653/macallan-archival-series-folio-5 | https://whiskyauctioneer.com/whisky-lot/8212803/macallan-archival-series-folio-5"
"2328","Ardbeg 8 Year Old - For Discussion","EXISTING — exact bottle verified; no changes","B46094","","Exact marketed expression identified from the source title, source card facts and fresh production search. The release-defining age, vintage, edition, cask code, release year and/or ABV agree where those facts are present. No production write.","https://whiskyauctioneer.com/whisky-lot/5283376/ardbeg-8-year-old-discussion | https://whiskyauctioneer.com/whisky-lot/5283339/ardbeg-8-year-old-discussion | https://whiskyauctioneer.com/whisky-lot/5283378/ardbeg-8-year-old-discussion | https://whiskyauctioneer.com/whisky-lot/5283374/ardbeg-8-year-old-discussion | https://whiskyauctioneer.com/whisky-lot/8212995/ardbeg-8-year-old-discussion | https://whiskyauctioneer.com/whisky-lot/5283340/ardbeg-8-year-old-discussion"
"2329","Macallan Edition No.6","EXISTING — exact identity; data concern recorded","B2175","","Exact marketed expression identified from the source card facts and fresh narrow production searches. The existing Bottle incorrectly carries statedAge 10. Edition No. 6 is a no-age-statement release; this identity match does not approve that value. No production write.","https://whiskyauctioneer.com/product/1304851/variation/5281043 | https://whiskyauctioneer.com/whisky-lot/8213134/macallan-edition-no6 | https://whiskyauctioneer.com/whisky-lot/5281204/macallan-edition-no6 | https://whiskyauctioneer.com/whisky-lot/8213901/macallan-edition-no6 | https://whiskyauctioneer.com/whisky-lot/5280198/macallan-edition-no6 | https://whiskyauctioneer.com/whisky-lot/5280200/macallan-edition-no6"
"2330","Bruichladdich Yellow Submarine [Reclassified] 14 Year Old","EXISTING — exact bottle verified; no changes","B47503","","Exact marketed expression identified from the source title, source card facts and fresh production search. The release-defining age, vintage, edition, cask code, release year and/or ABV agree where those facts are present. No production write.","https://whiskyauctioneer.com/whisky-lot/7043827/bruichladdich-yellow-submarine-reclassified-14-year-old | https://whiskyauctioneer.com/whisky-lot/7043826/bruichladdich-yellow-submarine-reclassified-14-year-old | https://whiskyauctioneer.com/whisky-lot/5280634/bruichladdich-yellow-submarine-reclassified-14-year-old | https://whiskyauctioneer.com/whisky-lot/8213101/bruichladdich-yellow-submarine-reclassified-14-year-old"
"2331","The Macallan Sherry Oak","ADDED — optional facts left blank","B52823","caskStrength | nonChillFiltered | maltPhenolPpm | vintageYear | bottlingYear | releaseMonth | releaseDay | caskNumber | outturn","Exact release date, bottling year, cask-strength and filtration claims, cask numbers, outturn, malt phenol PPM and flavor profile remain unknown.","https://whiskyauctioneer.com/whisky-lot/7043949/macallan-18-year-old-sherry-oak-cask-annual-2022-release | https://www.themacallan.com/en-us/sherry-oak-18-years-old-2022-release | https://figee.vgskopje.ch/en/download-pdf/WM18SH.22"
"2332","Macallan Fine Oak 12 Year Old","EXISTING — exact bottle verified; no changes","B2167","","Exact marketed expression identified from the source title, source card facts and fresh production search. The release-defining age, vintage, edition, cask code, release year and/or ABV agree where those facts are present. No production write.","https://whiskyauctioneer.com/whisky-lot/5283416/macallan-fine-oak-12-year-old | https://whiskyauctioneer.com/whisky-lot/8212862/macallan-fine-oak-12-year-old | https://whiskyauctioneer.com/whisky-lot/5283415/macallan-fine-oak-12-year-old | https://whiskyauctioneer.com/whisky-lot/5283417/macallan-fine-oak-12-year-old"
"2333","Macallan Fine Oak 21 Year Old","EXISTING — exact bottle verified; no changes","B4679","","Exact marketed expression identified from the source title, source card facts and fresh production search. The release-defining age, vintage, edition, cask code, release year and/or ABV agree where those facts are present. No production write.","https://whiskyauctioneer.com/whisky-lot/8212664/macallan-fine-oak-21-year-old | https://whiskyauctioneer.com/whisky-lot/5280242/macallan-fine-oak-21-year-old | https://whiskyauctioneer.com/whisky-lot/5283448/macallan-fine-oak-21-year-old | https://whiskyauctioneer.com/whisky-lot/5283180/macallan-fine-oak-21-year-old"
"2334","Port Charlotte 2007 CC:01","EXISTING — exact identity; data concern recorded","B871","","Exact marketed expression identified from the source title, source card facts and fresh production search. B16029 also appears to duplicate this expression. Reuse the older, more complete B871; do not create another Bottle or merge records in this run.","https://whiskyauctioneer.com/whisky-lot/8212766/port-charlotte-2007-cc01 | https://whiskyauctioneer.com/whisky-lot/8213756/port-charlotte-2007-cc01 | https://whiskyauctioneer.com/whisky-lot/7043547/port-charlotte-2007-cc01 | https://whiskyauctioneer.com/whisky-lot/7043546/port-charlotte-2007-cc01"
"2335","Ardnamurchan AD/ Paul Launois Release","EXISTING — exact bottle verified; no changes","B47410","","Exact marketed expression identified from the source card facts and fresh narrow production search. Release-defining age, vintage, edition, cask code, release year and/or ABV agree where present. No production write.","https://whiskyauctioneer.com/whisky-lot/5271987/ardnamurchan-ad-paul-launois-release | https://whiskyauctioneer.com/whisky-lot/7043061/ardnamurchan-ad-paul-launois-release | https://whiskyauctioneer.com/whisky-lot/5283877/ardnamurchan-ad-paul-launois-release"
"2336","The Balvenie Single Barrel Traditional Oak","ADDED — optional facts left blank","B52836","caskStrength | naturalColor | nonChillFiltered | maltPhenolPpm | releaseMonth | releaseDay | outturn","Release date, cask-strength, color and filtration claims, exact outturn, malt phenol PPM and flavor profile remain unknown. Bottle number is an item attribute, not an editable Bottle field.","https://whiskyauctioneer.com/whisky-lot/8214032/balvenie-1978-single-barrel-25-year-old | https://www.whisky.com/whisky-database/details/balvenie-single-barrel-4.html"
"2336","The Balvenie Single Barrel Traditional Oak","ADDED — optional facts left blank","B52837","caskStrength | naturalColor | nonChillFiltered | maltPhenolPpm | releaseMonth | releaseDay | outturn","Release date, cask-strength, color and filtration claims, exact outturn, malt phenol PPM and flavor profile remain unknown. Bottle number is an item attribute, not an editable Bottle field.","https://whiskyauctioneer.com/whisky-lot/5271935/balvenie-1978-single-barrel-25-year-old"
"2337","Bowmore Tempest 10 Year Old Small Batch Release No.2","EXISTING — exact identity; data concern recorded","B4748","","Exact marketed expression identified from the source card facts and fresh narrow production searches. B17377 appears to duplicate this release. Reuse B4748; do not create or merge records in this run. No production write.","https://whiskyauctioneer.com/whisky-lot/8213923/bowmore-tempest-10-year-old-small-batch-release-no2 | https://whiskyauctioneer.com/whisky-lot/5283992/bowmore-tempest-10-year-old-small-batch-release-no2 | https://whiskyauctioneer.com/whisky-lot/5283996/bowmore-tempest-10-year-old-small-batch-release-no2"
"2338","Brora 1975 Rare Malts Selection 20 Year Old","EXISTING — exact bottle verified; no changes","B49670","","Exact marketed expression identified from the source title, source card facts and fresh production search. The release-defining age, vintage, edition, cask code, release year and/or ABV agree where those facts are present. No production write.","https://whiskyauctioneer.com/whisky-lot/8213283/brora-1975-rare-malts-selection-20-year-old | https://whiskyauctioneer.com/whisky-lot/8213284/brora-1975-rare-malts-selection-20-year-old | https://whiskyauctioneer.com/whisky-lot/5280616/brora-1975-rare-malts-selection-20-year-old"
"2339","Brora 30 Year Old Natural Cask Strength","EXISTING SET — collapsed source variants resolved; no changes","Bnull","","Exact marketed expression identified from the source card facts and fresh narrow production searches. The source row collapsed the 2002 inaugural 52.4% release and the 2010 54.3% release. Both exact releases already exist. No production write.","https://whiskyauctioneer.com/whisky-lot/5281163/brora-30-year-old-natural-cask-strength | https://whiskyauctioneer.com/whisky-lot/7043593/brora-30-year-old-natural-cask-strength | https://whiskyauctioneer.com/whisky-lot/7043591/brora-30-year-old-natural-cask-strength"
"2340","Glendronach Parliament 21 Year Old","EXISTING — exact bottle verified; no changes","B14436","","Exact marketed expression identified from the source title, source card facts and fresh production search. The release-defining age, vintage, edition, cask code, release year and/or ABV agree where those facts are present. No production write.","https://whiskyauctioneer.com/whisky-lot/5280860/glendronach-parliament-21-year-old | https://whiskyauctioneer.com/whisky-lot/8213860/glendronach-parliament-21-year-old | https://whiskyauctioneer.com/whisky-lot/5280892/glendronach-parliament-21-year-old"
"2341","Glenfiddich Special Reserve","EXISTING — exact bottle verified; no changes","B5164","","Exact marketed expression identified from the source title, source card facts and fresh production search. The release-defining age, vintage, edition, cask code, release year and/or ABV agree where those facts are present. No production write.","https://whiskyauctioneer.com/whisky-lot/5274359a/glenfiddich-12-year-old-special-reserve-0 | https://whiskyauctioneer.com/whisky-lot/5280185/glenfiddich-special-reserve | https://whiskyauctioneer.com/whisky-lot/5280971/glenfiddich-special-reserve"
"2342","Glenfiddich Special Reserve 12 Year Old","EXISTING — exact bottle verified; no changes","B5164","","Exact marketed expression identified from the source title, source card facts and fresh production search. The release-defining age, vintage, edition, cask code, release year and/or ABV agree where those facts are present. No production write.","https://whiskyauctioneer.com/whisky-lot/5280733/glenfiddich-12-year-old-special-reserve-0 | https://whiskyauctioneer.com/whisky-lot/8209935a/glenfiddich-special-reserve-12-year-old | https://whiskyauctioneer.com/whisky-lot/8214109/glenfiddich-special-reserve-12-year-old"
"2343","Glenmorangie Cellar 13 Litre","EXISTING — exact bottle verified; no changes","B1220","","Exact marketed expression identified from the source card facts and fresh narrow production search. Release-defining age, vintage, edition, cask code, release year and/or ABV agree where present. No production write.","https://whiskyauctioneer.com/whisky-lot/8212702/glenmorangie-cellar-13-litre | https://whiskyauctioneer.com/whisky-lot/8212703/glenmorangie-cellar-13-litre | https://whiskyauctioneer.com/whisky-lot/8212704/glenmorangie-cellar-13-litre"
"2344","Hibiki Japanese Harmony - Ryusui-Hyakka 2021","ADDED — optional facts left blank","B52826","statedAge | caskStrength | naturalColor | nonChillFiltered | maltPhenolPpm | vintageYear | bottlingYear | releaseMonth | releaseDay | caskNumber | outturn","Exact release date, bottling year, detailed cask recipe, color and filtration claims, cask numbers, outturn, malt phenol PPM and flavor profile remain unknown.","https://whiskyauctioneer.com/whisky-lot/8212027/hibiki-japanese-harmony-ryusui-hyakka | https://www.whiskyshop.com/auctions/a39846-hibiki-japanese-harmony-ryusui-hyakka-2021-release"
"2345","Macallan 1979 Gran Reserva 18 Year Old","EXISTING — exact bottle verified; no changes","B5434","","Exact marketed expression identified from the source card facts and fresh narrow production search. Release-defining age, vintage, edition, cask code, release year and/or ABV agree where present. No production write.","https://whiskyauctioneer.com/whisky-lot/5281337/macallan-1979-gran-reserva-18-year-old | https://whiskyauctioneer.com/whisky-lot/5280573/macallan-1979-gran-reserva-18-year-old | https://whiskyauctioneer.com/whisky-lot/5283688/macallan-1979-gran-reserva-18-year-old"
"2346","The Macallan Gran Reserva","ADDED — optional facts left blank","B52831","caskStrength | naturalColor | nonChillFiltered | maltPhenolPpm | releaseMonth | releaseDay | caskNumber | outturn","Exact bottling and release dates, color and filtration claims, cask numbers, outturn, malt phenol PPM and flavor profile remain unknown.","https://whiskyauctioneer.com/whisky-lot/5280572/macallan-1980-gran-reserva-18-year-old | https://www.thewhiskyexchange.com/p/3626/macallan-1980-18-year-old-gran-reserva-bot1999 | https://onlineonly.christies.com/s/gentleman-watches-whiskies-accessories/macallan-gran-reserva-18-year-old-1980-29/88796"
"2347","Macallan 2007 Diamonds Are Forever 18 Year Old - 55th Anniversary Release","EXISTING — exact bottle verified; no changes","B45446","","Exact marketed expression identified from the source title, source card facts and fresh production search. The release-defining age, vintage, edition, cask code, release year and/or ABV agree where those facts are present. No production write.","https://whiskyauctioneer.com/whisky-lot/8212000/macallan-2007-diamonds-are-forever-18-year-old-55th-anniversary-release | https://whiskyauctioneer.com/whisky-lot/5266272a/macallan-2007-diamonds-are-forever-18-year-old-55th-anniversary-release | https://whiskyauctioneer.com/whisky-lot/8213575/macallan-2007-diamonds-are-forever-18-year-old-55th-anniversary-release"
"2348","Macallan 30 Year Old Double Cask Annual 2021 Release","EXISTING — exact bottle verified; no changes","B45105","","Exact marketed expression identified from the source card facts and fresh narrow production search. Release-defining age, vintage, edition, cask code, release year and/or ABV agree where present. No production write.","https://whiskyauctioneer.com/whisky-lot/8213460/macallan-30-year-old-double-cask-annual-2021-release | https://whiskyauctioneer.com/whisky-lot/8213461/macallan-30-year-old-double-cask-annual-2021-release | https://whiskyauctioneer.com/whisky-lot/5281355/macallan-30-year-old-double-cask-annual-2021-release"
"2349","Macallan Concept Number 1 - Art","EXISTING — exact bottle verified; no changes","B722","","Exact marketed expression identified from the source card facts and fresh narrow production search. Release-defining age, vintage, edition, cask code, release year and/or ABV agree where present. No production write.","https://whiskyauctioneer.com/whisky-lot/5283458/macallan-concept-number-1-art | https://whiskyauctioneer.com/whisky-lot/5280605/macallan-concept-number-1-art | https://whiskyauctioneer.com/whisky-lot/5281427/macallan-concept-number-1-art"
"2350","Macallan Fine Oak 25 Year Old","EXISTING — exact bottle verified; no changes","B5015","","Exact marketed expression identified from the source title, source card facts and fresh production search. The release-defining age, vintage, edition, cask code, release year and/or ABV agree where those facts are present. No production write.","https://whiskyauctioneer.com/whisky-lot/5281316/macallan-fine-oak-25-year-old | https://whiskyauctioneer.com/whisky-lot/5283757/macallan-fine-oak-25-year-old | https://whiskyauctioneer.com/whisky-lot/8213774/macallan-fine-oak-25-year-old"
"2351","Macallan Gran Reserva 12 Year Old","EXISTING — exact bottle verified; no changes","B5099","","Exact marketed expression identified from the source title, source card facts and fresh production search. The release-defining age, vintage, edition, cask code, release year and/or ABV agree where those facts are present. No production write.","https://whiskyauctioneer.com/whisky-lot/5280570/macallan-gran-reserva-12-year-old | https://whiskyauctioneer.com/whisky-lot/5280535/macallan-gran-reserva-12-year-old | https://whiskyauctioneer.com/whisky-lot/5280534/macallan-gran-reserva-12-year-old"
"2352","Port Ellen 1978 Natural Cask Strength 24 Year Old - 2nd Release","EXISTING — exact bottle verified; no changes","B5336","","Exact marketed expression identified from the source card facts and fresh narrow production search. Release-defining age, vintage, edition, cask code, release year and/or ABV agree where present. No production write.","https://whiskyauctioneer.com/whisky-lot/8209095a/port-ellen-1978-natural-cask-strength-24-year-old-2nd-release | https://whiskyauctioneer.com/whisky-lot/8213333/port-ellen-1978-natural-cask-strength-24-year-old-2nd-release | https://whiskyauctioneer.com/whisky-lot/5283674/port-ellen-1978-natural-cask-strength-24-year-old-2nd-release"
"2353","Springbank Society","ADDED — optional facts left blank","B52832","caskStrength | naturalColor | nonChillFiltered | maltPhenolPpm | releaseDay | caskNumber","Exact distillation and bottling days, cask-strength, color and filtration claims, cask numbers, malt phenol PPM and flavor profile remain unknown.","https://whiskyauctioneer.com/whisky-lot/5281100/springbank-1997-springbank-society-28-year-old | https://www.springbank.scot/springbank-society-swedish-member-form-sb-28yo-35cl/"
"2354","Springbank Local Barley","ADDED — optional facts left blank","B52833","caskStrength | naturalColor | nonChillFiltered | maltPhenolPpm | releaseDay | caskNumber","Exact distillation and bottling days, cask-strength, color and filtration claims, cask numbers, malt phenol PPM and flavor profile remain unknown.","https://whiskyauctioneer.com/whisky-lot/8210214/springbank-2011-local-barley-10-year-old | https://www.whiskyshop.com/auctions/a61772-springbank-2011-10-year-old-local-barley | https://www.wvawhiskyauctions.co.uk/lot-621513/springbank-10-year-old-local-barley-2021"
"2355","Waterford Single Farm Origin Lakefield Edition 1.1","EXISTING — exact bottle verified; no changes","B1907","","Exact marketed expression identified from the source title, source card facts and fresh production search. The release-defining age, vintage, edition, cask code, release year and/or ABV agree where those facts are present. No production write.","https://whiskyauctioneer.com/whisky-lot/7043965/waterford-single-farm-origin-lakefield-edition-11 | https://whiskyauctioneer.com/whisky-lot/7043969/waterford-single-farm-origin-lakefield-edition-11 | https://whiskyauctioneer.com/whisky-lot/5280815/waterford-single-farm-origin-lakefield-edition-11"
"2356","Ardbeg 1990 Airigh Nam Beist","EXISTING — identity resolved; catalog concern recorded","Bnull","","Targeted fresh GETs and source-label facts establish the identity. B1170 and B18251 appear to duplicate the Airigh Nam Beist expression. B18251 carries the exact 1990 vintage but misspells Airigh; B1170 has the correct marketed name but omits the vintage, 2008 bottling year and 46% ABV. Reuse the existing records and do not add a third duplicate. No production write.","https://whiskyauctioneer.com/whisky-lot/5280944/ardbeg-1990-airigh-nam-beist | https://whiskyauctioneer.com/whisky-lot/7043568/ardbeg-1990-airigh-nam-beist"
"2357","Ardbeg Supernova SN2015","EXISTING — exact bottle verified; no changes","B45003","","Exact marketed expression identified from the source card facts and fresh narrow production search. Release-defining age, vintage, edition, cask code, release year and/or ABV agree where present. No production write.","https://whiskyauctioneer.com/whisky-lot/5283956/ardbeg-supernova-sn2015 | https://whiskyauctioneer.com/whisky-lot/5283953/ardbeg-supernova-sn2015"
"2358","Ardnahoe Inaugural Release 5 Year Old","EXISTING — exact bottle verified; no changes","B47607","","Exact marketed expression identified from the source title, source card facts and fresh production search. The release-defining age, vintage, edition, cask code, release year and/or ABV agree where those facts are present. No production write.","https://whiskyauctioneer.com/whisky-lot/5283895/ardnahoe-inaugural-release-5-year-old | https://whiskyauctioneer.com/whisky-lot/5283897/ardnahoe-inaugural-release-5-year-old"
"2359","Arran Brodick Bay 20 Year Old The Explorers Series - Volume One","EXISTING — exact identity; data concern recorded","B2651","","Exact marketed expression identified from the source card facts and fresh narrow production searches. B43339 appears to duplicate the same Brodick Bay release. Reuse the series-specific B2651; do not create or merge records in this run. No production write.","https://whiskyauctioneer.com/whisky-lot/5280809/arran-brodick-bay-20-year-old-explorers-series-volume-one | https://whiskyauctioneer.com/whisky-lot/8213266/arran-brodick-bay-20-year-old-explorers-series-volume-one"
"2360","Arran Lochranza Castle 21 Year Old The Explorers Series - Volume Two","EXISTING — exact bottle verified; no changes","B2307","","Exact marketed expression identified from the source card facts and fresh narrow production search. Release-defining age, vintage, edition, cask code, release year and/or ABV agree where present. No production write.","https://whiskyauctioneer.com/whisky-lot/8213263/arran-lochranza-castle-21-year-old-explorers-series-volume-two | https://whiskyauctioneer.com/whisky-lot/8214034/arran-lochranza-castle-21-year-old-explorers-series-volume-two"
"2361","Arran Millennium Casks 13 Year Old","EXISTING — exact identity; data concern recorded","B976","","Exact marketed expression identified from the source card facts and fresh narrow production searches. B16754 appears to duplicate the same Millennium Casks release. Reuse the age-specific B976; do not create or merge records in this run. No production write.","https://whiskyauctioneer.com/whisky-lot/7043681/arran-millennium-casks-13-year-old | https://whiskyauctioneer.com/whisky-lot/7043682/arran-millennium-casks-13-year-old"
"2362","Auchroisk 1997 SMWS 18 Year Old 95.20 - Glazed cocktail sausages","EXISTING — exact bottle verified; no changes","B51214","","Exact marketed expression identified from the source title, source card facts and fresh production search. The release-defining age, vintage, edition, cask code, release year and/or ABV agree where those facts are present. No production write.","https://whiskyauctioneer.com/whisky-lot/5283703/auchroisk-1997-smws-18-year-old-9520-glazed-cocktail-sausages | https://whiskyauctioneer.com/whisky-lot/5283708/auchroisk-1997-smws-18-year-old-9520-glazed-cocktail-sausages"
"2363","Aultmore 2013 Cask Series 026 12 Year Old","EXISTING — exact Bottle verified; no changes","B46898","","Targeted fresh GET and source-label facts establish the exact release identity. Release-defining age, vintage, edition, release year and/or ABV agree where present. No production write.","https://whiskyauctioneer.com/whisky-lot/8211784/aultmore-2013-cask-series-026-12-year-old | https://whiskyauctioneer.com/whisky-lot/8211781/aultmore-2013-cask-series-026-12-year-old"
"2364","Balvenie Founder's Reserve 10 Year Old","EXISTING — exact Bottle verified; no changes","B5048","","Targeted fresh GET and source-label facts establish the exact release identity. Release-defining age, vintage, edition, release year and/or ABV agree where present. No production write.","https://whiskyauctioneer.com/whisky-lot/5280728/balvenie-founders-reserve-10-year-old-0 | https://whiskyauctioneer.com/whisky-lot/5283349/balvenie-founders-reserve-10-year-old"
"2365","The Balvenie Single Barrel Sherry Cask","ADDED — optional facts left blank","B52834","caskStrength | naturalColor | maltPhenolPpm | vintageYear | bottlingYear | releaseYear | releaseMonth | releaseDay | outturn","Vintage and bottling dates, release date, cask-strength and color claims, exact outturn, malt phenol PPM and flavor profile remain unknown. The label states a maximum rather than an exact outturn, so outturn remains null.","https://whiskyauctioneer.com/whisky-lot/8213961/balvenie-single-barrel-15-year-old-sherry-cask"
"2365","The Balvenie Single Barrel Sherry Cask","ADDED — optional facts left blank","B52835","caskStrength | naturalColor | maltPhenolPpm | vintageYear | bottlingYear | releaseYear | releaseMonth | releaseDay | outturn","Vintage and bottling dates, release date, cask-strength and color claims, exact outturn, malt phenol PPM and flavor profile remain unknown. The label states a maximum rather than an exact outturn, so outturn remains null.","https://whiskyauctioneer.com/whisky-lot/8213962/balvenie-single-barrel-15-year-old-sherry-cask | https://www.tyndrumwhisky.com/balvenie-15yo-single-barrel-sherry-cask-5779.html"
"2366","Ben Nevis 1997 Jens Drewitz' Personal Choice 28 Year Old - No.11","EXISTING — exact bottle verified; no changes","B51520","","Exact marketed expression identified from the source card facts and fresh narrow production search. Release-defining age, vintage, edition, cask code, release year and/or ABV agree where present. No production write.","https://whiskyauctioneer.com/whisky-lot/8211756/ben-nevis-1997-jens-drewitz-personal-choice-28-year-old-no11 | https://whiskyauctioneer.com/whisky-lot/8211751/ben-nevis-1997-jens-drewitz-personal-choice-28-year-old-no11"
"2367","Bowmore Masters' Selection - Edition 4","ADDED — optional facts left blank","B52824","caskStrength | naturalColor | nonChillFiltered | maltPhenolPpm | vintageYear | bottlingYear | releaseMonth | releaseDay | caskNumber | outturn","Bottling year, exact release date, cask-strength, color and filtration claims, cask numbers, outturn, malt phenol PPM and flavor profile remain unknown.","https://whiskyauctioneer.com/whisky-lot/5283927/bowmore-aston-martin-masters-selection-21-year-old-edition-4 | https://www.bowmore.com/en-gb/whiskies/aston-martin-masters-selection-21-year-old | https://www.scotchwhiskyauctions.com/auctions/210-the-162nd-auction/784940-bowmore-21-year-old-aston-martin-masters-selection-edition-4/"
"2368","Brora 1977 Rare Malts Selection 24 Year Old","EXISTING — exact bottle verified; no changes","B49672","","Exact marketed expression identified from the source title, source card facts and fresh production search. The release-defining age, vintage, edition, cask code, release year and/or ABV agree where those facts are present. No production write.","https://whiskyauctioneer.com/whisky-lot/7044041/brora-1977-rare-malts-selection-24-year-old | https://whiskyauctioneer.com/whisky-lot/5283482/brora-1977-rare-malts-selection-24-year-old"
"2369","Bruichladdich 2001 PHD_135 15 Year Old","EXISTING — exact bottle verified; no changes","B3432","","Exact marketed expression identified from the source title, source card facts and fresh production search. The release-defining age, vintage, edition, cask code, release year and/or ABV agree where those facts are present. No production write.","https://whiskyauctioneer.com/whisky-lot/7043620/bruichladdich-2001-phd135-15-year-old | https://whiskyauctioneer.com/whisky-lot/7043622/bruichladdich-2001-phd135-15-year-old"
"2370","Bruichladdich Links 14 Year Old - The Old Course St. Andrews","EXISTING — identity resolved; catalog concern recorded","Bnull","","Targeted fresh GETs and source-label facts establish the identity. B5295 has the exact Links I / Old Course marketed expression but stores age 12 instead of the label's 14. B18814 stores the correct 14-year age but omits The Old Course. They appear to be duplicate partial records. Do not create or merge in this run. No production write.","https://whiskyauctioneer.com/whisky-lot/7043626/bruichladdich-links-14-year-old-old-course-st-andrews | https://whiskyauctioneer.com/whisky-lot/8213837/bruichladdich-links-14-year-old-old-course-st-andrews"
"2372","Clynelish 1984 SMWS 29 Year Old 26.106 - 'Say it with flowers'","EXISTING — exact bottle verified; no changes","B50309","","Exact marketed expression identified from the source title, source card facts and fresh production search. The release-defining age, vintage, edition, cask code, release year and/or ABV agree where those facts are present. No production write.","https://whiskyauctioneer.com/whisky-lot/5283705/clynelish-1984-smws-29-year-old-26106-say-it-flowers | https://whiskyauctioneer.com/whisky-lot/5280931/clynelish-1984-smws-29-year-old-26106-say-it-flowers"
"2374","SMWS 71.42 Sinbad preparing for a journey","EXISTING — identity matched; no changes","B50998","noAgeStatement | outturn | caskStrength | naturalColor | nonChillFiltered | maltPhenolPpm | bottlingYear | releaseYear | releaseMonth | releaseDay | references","Exact printed Society code, subtitle, age 17, 57.5% and vintage 1998 match B50998. Auction labels and the existing producer image both print 750 bottles. Producer verifies Refill butt and Spicy & Dry; preserve those current values. Complete 66-record Glenburgie inventory reviewed, then the exact Bottle and aliases read fresh. Existing clean producer image verified and retained. No production changes. Identity match only, not full enrichment. Known missing noAgeStatement=false and outturn=750 are saved for a later authenticated patch. USA allocation 150 is not global outturn. Auction gorda wording does not replace producer Refill butt. Bare auction year 2016 is not enough to establish its date meaning. Other listed technical facts remain unknown. Alias list is empty. Protected references returned HTTP 401 and remain unresolved; no reference action was taken.","https://smwsa.com/products/cask-no-71-42 | https://whiskyauctioneer.com/whisky-lot/5283699/glenburgie-1998-smws-17-year-old-7142-sinbad-preparing-journey"
"2377","Glendullan 1972 Rare Malts Selection 23 Year Old","EXISTING — exact bottle verified; no changes","B49694","","Exact marketed expression identified from the source title, source card facts and fresh production search. The release-defining age, vintage, edition, cask code, release year and/or ABV agree where those facts are present. No production write.","https://whiskyauctioneer.com/whisky-lot/5280618/glendullan-1972-rare-malts-selection-23-year-old | https://whiskyauctioneer.com/whisky-lot/7044045/glendullan-1972-rare-malts-selection-23-year-old"
"2379","Original source missing — Glenfiddich Caoran Reserve Peat Ember candidate only","SKIPPED — unresolved identity","","entire release","No original auction title, lot URL, source image or verified source join survives. All recovered observation sets, the v2 comparison and the source index were checked. Historical candidate notes only: {""abv"":40}. Skip the entire row. The candidate name and facts are clues, not verified bottle data. Do not replay edits, claim a match, create an alias/reference, or add a guessed release. No production write.",""
"2380","Original source missing — Glenfiddich Project XX Experimental Series No. 02 candidate only","SKIPPED — unresolved identity","B3513 (unverified historical candidate)","entire release","No original auction title, lot URL, source image or verified source join survives. All recovered observation sets, the v2 comparison and the source index were checked. Historical candidate notes only: {""abv"":47}. Skip the entire row. The candidate name and facts are clues, not verified bottle data. Do not replay edits, claim a match, create an alias/reference, or add a guessed release. No production write.",""
"2381","Original source missing — Glenfiddich 18-year-old Small Batch Reserve candidate only","SKIPPED — unresolved identity","B14103 (unverified historical candidate)","entire release","No original auction title, lot URL, source image or verified source join survives. All recovered observation sets, the v2 comparison and the source index were checked. Historical candidate notes only: age 18; {""abv"":40} | {""abv"":40}. Skip the entire row. The candidate name and facts are clues, not verified bottle data. Do not replay edits, claim a match, create an alias/reference, or add a guessed release. No production write.",""
"2382","Original source missing — The Glenlivet Guardians' Chapter Limited Edition candidate only","SKIPPED — unresolved identity","","entire release","No original auction title, lot URL, source image or verified source join survives. All recovered observation sets, the v2 comparison and the source index were checked. Historical candidate notes only: {""abv"":48.7}. Skip the entire row. The candidate name and facts are clues, not verified bottle data. Do not replay edits, claim a match, create an alias/reference, or add a guessed release. No production write.",""
"2383","Original source missing — Glenmorangie 19-year-old Finest Reserve candidate only","SKIPPED — unresolved identity","","entire release","No original auction title, lot URL, source image or verified source join survives. All recovered observation sets, the v2 comparison and the source index were checked. Historical candidate notes only: {""abv"":43}. Skip the entire row. The candidate name and facts are clues, not verified bottle data. Do not replay edits, claim a match, create an alias/reference, or add a guessed release. No production write.",""
"2384","Original source missing — Glenmorangie Madeira Wood Finish candidate only","SKIPPED — unresolved identity","B1205 (unverified historical candidate)","entire release","No original auction title, lot URL, source image or verified source join survives. All recovered observation sets, the v2 comparison and the source index were checked. Historical candidate notes only: {""statedAge"":12,""abv"":43}. Skip the entire row. The candidate name and facts are clues, not verified bottle data. Do not replay edits, claim a match, create an alias/reference, or add a guessed release. No production write.",""
"2385","Original source missing — Glenmorangie Traditional 100° Proof candidate only","SKIPPED — unresolved identity","","entire release","No original auction title, lot URL, source image or verified source join survives. All recovered observation sets, the v2 comparison and the source index were checked. Historical candidate notes only: {""abv"":57.2}. Skip the entire row. The candidate name and facts are clues, not verified bottle data. Do not replay edits, claim a match, create an alias/reference, or add a guessed release. No production write.",""
"2387","Hibiki Japanese Harmony Master's Select - Kacho Fugetsu Limited Edition","ADDED — optional facts left blank","B52827","statedAge | caskStrength | naturalColor | nonChillFiltered | maltPhenolPpm | vintageYear | bottlingYear | releaseYear | releaseMonth | releaseDay | maturation | caskNumber | outturn","Release and bottling dates, age, detailed maturation, color and filtration claims, cask numbers, outturn, malt phenol PPM and flavor profile remain unknown.","https://whiskyauctioneer.com/whisky-lot/8212004/hibiki-japanese-harmony-masters-select-limited-edition | https://item.rakuten.co.jp/sakecolle/0080686934066-nb/ | https://figee.ch/en/download-pdf/WJHIHM"
"2388","Original source missing — Kavalan Solist Sherry Cask candidate only","SKIPPED — unresolved identity","B1472 (unverified historical candidate)","entire release","No original auction title, lot URL, source image or verified source join survives. All recovered observation sets, the v2 comparison and the source index were checked. Historical candidate notes only: {""abv"":57.8}. No source cask number survives for the proposed Kavalan Solist Sherry Cask strength. Skip the entire row. The candidate name and facts are clues, not verified bottle data. Do not replay edits, claim a match, create an alias/reference, or add a guessed release. No production write.",""
"2389","Original source missing — Kavalan Solist Vinho Barrique candidate only","SKIPPED — unresolved identity","B1289 (unverified historical candidate)","entire release","No original auction title, lot URL, source image or verified source join survives. All recovered observation sets, the v2 comparison and the source index were checked. Historical candidate notes only: {""abv"":57.1}. No source cask number survives for the proposed Kavalan Solist Vinho Barrique strength. Skip the entire row. The candidate name and facts are clues, not verified bottle data. Do not replay edits, claim a match, create an alias/reference, or add a guessed release. No production write.",""
"2390","Original source missing — Lagavulin 12-year-old White Horse Distillers Ltd. candidate only","SKIPPED — unresolved identity","","entire release","No original auction title, lot URL, source image or verified source join survives. All recovered observation sets, the v2 comparison and the source index were checked. Historical candidate notes only: {""abv"":43}. Skip the entire row. The candidate name and facts are clues, not verified bottle data. Do not replay edits, claim a match, create an alias/reference, or add a guessed release. No production write.",""
"2391","Lagavulin 1976 37 Year Old","EXISTING — exact bottle verified; no changes","B4320","","Exact marketed expression identified from the source title, source card facts and fresh production search. The release-defining age, vintage, edition, cask code, release year and/or ABV agree where those facts are present. No production write.","https://whiskyauctioneer.com/whisky-lot/5271904/lagavulin-1976-37-year-old | https://whiskyauctioneer.com/whisky-lot/7043870/lagavulin-1976-37-year-old"
"2392","Original source missing — Laphroaig Càirdeas Pedro Ximenez Casks - 2021 Release - 58.9% ABV - Cask Strength - Pedro Ximenez Cask candidate only","SKIPPED — unresolved identity","","entire release","No original auction title, lot URL, source image or verified source join survives. All recovered observation sets, the v2 comparison and the source index were checked. Historical candidate notes only: ABV 58.9%; bottled/released 2021. Skip the entire row. The candidate name and facts are clues, not verified bottle data. Do not replay edits, claim a match, create an alias/reference, or add a guessed release. No production write.",""
"2398","Miltonduff 2006 16 Year Old Batch No.12","EXISTING — exact Bottle verified; no changes","B47377","","Targeted fresh GET and source-label facts establish the exact release identity. Release-defining age, vintage, edition, release year and/or ABV agree where present. No production write.","https://whiskyauctioneer.com/whisky-lot/8211753/miltonduff-2006-16-year-old-batch-no12 | https://whiskyauctioneer.com/whisky-lot/8211754/miltonduff-2006-16-year-old-batch-no12"
"2399","Original source missing — Penderyn Icons of Wales No. 7 Rhiannon candidate only","SKIPPED — unresolved identity","B11885 (unverified historical candidate)","entire release","No original auction title, lot URL, source image or verified source join survives. All recovered observation sets, the v2 comparison and the source index were checked. Historical candidate notes only: {""abv"":46}. Skip the entire row. The candidate name and facts are clues, not verified bottle data. Do not replay edits, claim a match, create an alias/reference, or add a guessed release. No production write.",""
"2400","Port Ellen 1978 Natural Cask Strength 27 Year Old - 6th Release","EXISTING — exact identity; data concern recorded","B5188","","Exact marketed expression identified from the source card facts and fresh narrow production searches. One 20cl source card says 54.3% while the 70cl card and B5188 say 54.2%. The release number, vintage, age and year prove one identity; package-size label rounding does not justify a duplicate. No production write.","https://whiskyauctioneer.com/whisky-lot/7043556/port-ellen-1978-natural-cask-strength-27-year-old-6th-release | https://whiskyauctioneer.com/whisky-lot/8214174/port-ellen-1978-natural-cask-strength-27-year-old-6th-release"
"2401","Port Ellen 1979 Natural Cask Strength 22 Year Old - 1st Release","EXISTING — exact bottle verified; no changes","B5356","","Exact marketed expression identified from the source card facts and fresh narrow production search. Release-defining age, vintage, edition, cask code, release year and/or ABV agree where present. No production write.","https://whiskyauctioneer.com/whisky-lot/5283281/port-ellen-1979-natural-cask-strength-22-year-old-1st-release | https://whiskyauctioneer.com/whisky-lot/5273870b/port-ellen-1979-natural-cask-strength-22-year-old-1st-release"
"2402","Royal Lochnagar Selected Reserve","EXISTING — exact identity; data concern recorded","B17582","","Exact marketed expression identified from the source title, source card facts and fresh production search. B5381 also appears to duplicate this 1988-1991 43% expression. B2956 is an age-18 release and B49831 is the 2007 release. Reuse B17582; do not merge records in this run.","https://whiskyauctioneer.com/whisky-lot/5283092/royal-lochnagar-selected-reserve | https://whiskyauctioneer.com/whisky-lot/5283496/royal-lochnagar-selected-reserve"
"2405","Original source missing — Springbank Hand Filled Distillery Exclusive candidate only","SKIPPED — unresolved identity","","entire release","No original auction title, lot URL, source image or verified source join survives. All recovered observation sets, the v2 comparison and the source index were checked. Historical candidate notes only: {""abv"":57.7}. A hand-filled expression and 57.7% proposal do not identify the original exact hand-fill. Skip the entire row. The candidate name and facts are clues, not verified bottle data. Do not replay edits, claim a match, create an alias/reference, or add a guessed release. No production write.",""
"2406","Teaninich 1972 Rare Malts Selection 23 Year Old","EXISTING — exact bottle verified; no changes","B5387","","Exact marketed expression identified from the source title, source card facts and fresh production search. The release-defining age, vintage, edition, cask code, release year and/or ABV agree where those facts are present. No production write.","https://whiskyauctioneer.com/whisky-lot/5283476/teaninich-1972-rare-malts-selection-23-year-old | https://whiskyauctioneer.com/whisky-lot/5280617/teaninich-1972-rare-malts-selection-23-year-old"
"2407","Original source missing — Waterford Hook Head: Edition 1.1 Single Farm Origin candidate only","SKIPPED — unresolved identity","B1906 (unverified historical candidate)","entire release","No original auction title, lot URL, source image or verified source join survives. All recovered observation sets, the v2 comparison and the source index were checked. Historical candidate notes only: {""abv"":50}. Skip the entire row. The candidate name and facts are clues, not verified bottle data. Do not replay edits, claim a match, create an alias/reference, or add a guessed release. No production write.",""
"2408","Yamazaki SMWS 19 Year Old 119.10 - 'I wish it could be Christmas every day'","EXISTING — exact bottle verified; no changes","B51744","","Exact marketed expression identified from the source title, source card facts and fresh production search. The release-defining age, vintage, edition, cask code, release year and/or ABV agree where those facts are present. No production write.","https://whiskyauctioneer.com/whisky-lot/5278157a/yamazaki-smws-19-year-old-11910-i-wish-it-could-be-christmas-every-day | https://whiskyauctioneer.com/whisky-lot/8212590a/yamazaki-smws-19-year-old-11910-i-wish-it-could-be-christmas-every-day"
"2410","Aberlour 1997 SMWS 17 Year Old 54.35 - Lovely jubbly!","EXISTING — exact bottle verified; no changes","B51587","","Exact marketed expression identified from the source title, source card facts and fresh production search. The release-defining age, vintage, edition, cask code, release year and/or ABV agree where those facts are present. No production write.","https://whiskyauctioneer.com/whisky-lot/5283695/aberlour-1997-smws-17-year-old-5435-lovely-jubbly"
"2415","Original source missing — Ardbeg Galileo candidate only","SKIPPED — unresolved identity","B1019 (unverified historical candidate)","entire release","No original auction title, lot URL, source image or verified source join survives. All recovered observation sets, the v2 comparison and the source index were checked. Historical candidate notes only: {""abv"":49}. Skip the entire row. The candidate name and facts are clues, not verified bottle data. Do not replay edits, claim a match, create an alias/reference, or add a guessed release. No production write.",""
"2416","Original source missing — Ardbeg Anthology - The Harpy's Tale candidate only","SKIPPED — unresolved identity","","entire release","No original auction title, lot URL, source image or verified source join survives. All recovered observation sets, the v2 comparison and the source index were checked. Historical candidate notes only: {""abv"":46}. Skip the entire row. The candidate name and facts are clues, not verified bottle data. Do not replay edits, claim a match, create an alias/reference, or add a guessed release. No production write.",""
"2417","Original source missing — Ardbeg Corryvreckan - Committee Reserve candidate only","SKIPPED — unresolved identity","","entire release","No original auction title, lot URL, source image or verified source join survives. All recovered observation sets, the v2 comparison and the source index were checked. Historical candidate notes only: {""abv"":55.3}. Skip the entire row. The candidate name and facts are clues, not verified bottle data. Do not replay edits, claim a match, create an alias/reference, or add a guessed release. No production write.",""
"2419","Original source missing — Ardbeg Twenty One candidate only","SKIPPED — unresolved identity","","entire release","No original auction title, lot URL, source image or verified source join survives. All recovered observation sets, the v2 comparison and the source index were checked. Historical candidate notes only: {""abv"":46}. Skip the entire row. The candidate name and facts are clues, not verified bottle data. Do not replay edits, claim a match, create an alias/reference, or add a guessed release. No production write.",""
"2420","Ardnahoe 5 Year Old Ardnahoe Society 2024","EXISTING — exact bottle verified; no changes","B47656","","Exact marketed expression identified from the source title, source card facts and fresh production search. The release-defining age, vintage, edition, cask code, release year and/or ABV agree where those facts are present. No production write.","https://whiskyauctioneer.com/whisky-lot/8213864/ardnahoe-5-year-old-ardnahoe-society-2024"
"2422","Ardnamurchan 2014 Adelphi Selection 10 Year Old","EXISTING — exact bottle verified; no changes","B47504","","Exact marketed expression identified from the source title, source card facts and fresh production search. The release-defining age, vintage, edition, cask code, release year and/or ABV agree where those facts are present. No production write.","https://whiskyauctioneer.com/whisky-lot/8213859/ardnamurchan-2014-adelphi-selection-10-year-old"
"2426","Original source missing — Arran Drumadoon Point The Explorers Series - Volume 4 candidate only","SKIPPED — unresolved identity","","entire release","No original auction title, lot URL, source image or verified source join survives. All recovered observation sets, the v2 comparison and the source index were checked. Historical candidate notes only: {""abv"":49.5}. Skip the entire row. The candidate name and facts are clues, not verified bottle data. Do not replay edits, claim a match, create an alias/reference, or add a guessed release. No production write.",""
"2428","Original source missing — Arran The Amarone Cask Finish Cask Finishes candidate only","SKIPPED — unresolved identity","","entire release","No original auction title, lot URL, source image or verified source join survives. All recovered observation sets, the v2 comparison and the source index were checked. Historical candidate notes only: {""abv"":50}. Skip the entire row. The candidate name and facts are clues, not verified bottle data. Do not replay edits, claim a match, create an alias/reference, or add a guessed release. No production write.",""
"2429","Original source missing — Arran The Côte-Rôtie Cask Finish Cask Finishes candidate only","SKIPPED — unresolved identity","","entire release","No original auction title, lot URL, source image or verified source join survives. All recovered observation sets, the v2 comparison and the source index were checked. Historical candidate notes only: {""abv"":50}. Skip the entire row. The candidate name and facts are clues, not verified bottle data. Do not replay edits, claim a match, create an alias/reference, or add a guessed release. No production write.",""
"2430","Original source missing — Arran The Sauternes Cask Finish Cask Finishes candidate only","SKIPPED — unresolved identity","","entire release","No original auction title, lot URL, source image or verified source join survives. All recovered observation sets, the v2 comparison and the source index were checked. Historical candidate notes only: {""abv"":50}. Skip the entire row. The candidate name and facts are clues, not verified bottle data. Do not replay edits, claim a match, create an alias/reference, or add a guessed release. No production write.",""
"2431","Auchentoshan 1991 SMWS 28 Year Old 5.73 - A midsummer night's dram","EXISTING — exact bottle verified; no changes","B48092","","Exact marketed expression identified from the source title, source card facts and fresh production search. The release-defining age, vintage, edition, cask code, release year and/or ABV agree where those facts are present. No production write.","https://whiskyauctioneer.com/whisky-lot/5282434/auchentoshan-1991-smws-28-year-old-573-midsummer-nights-dram"
"2432","Original source missing — Auchentoshan Heartwood candidate only","SKIPPED — unresolved identity","","entire release","No original auction title, lot URL, source image or verified source join survives. All recovered observation sets, the v2 comparison and the source index were checked. Historical candidate notes only: {""abv"":43}. Skip the entire row. The candidate name and facts are clues, not verified bottle data. Do not replay edits, claim a match, create an alias/reference, or add a guessed release. No production write.",""
"2433","Aultmore 2011 SMWS 13 Year Old 73.172 - Wax on toast","EXISTING — exact bottle verified; no changes","B43742","","Exact marketed expression identified from the source title, source card facts and fresh production search. The release-defining age, vintage, edition, cask code, release year and/or ABV agree where those facts are present. No production write.","https://whiskyauctioneer.com/whisky-lot/8213584/aultmore-2011-smws-13-year-old-73172-wax-toast"
"2438","Original source missing — The Balvenie Caribbean Rum Cask 14-year-old candidate only","SKIPPED — unresolved identity","","entire release","No original auction title, lot URL, source image or verified source join survives. All recovered observation sets, the v2 comparison and the source index were checked. Historical candidate notes only: {""abv"":43,""caskNumber"":""14""}. The old proposal assigns caskNumber 14 from an age-like token. The historical generator later removed automatic cask-number proposals; do not replay this one. Skip the entire row. The candidate name and facts are clues, not verified bottle data. Do not replay edits, claim a match, create an alias/reference, or add a guessed release. No production write.",""
"2439","Original source missing — The Balvenie 12-year-old DoubleWood candidate only","SKIPPED — unresolved identity","","entire release","No original auction title, lot URL, source image or verified source join survives. All recovered observation sets, the v2 comparison and the source index were checked. Historical candidate notes only: {""abv"":43}. Skip the entire row. The candidate name and facts are clues, not verified bottle data. Do not replay edits, claim a match, create an alias/reference, or add a guessed release. No production write.",""
"2440","Original source missing — The Balvenie Founder's Reserve candidate only","SKIPPED — unresolved identity","","entire release","No original auction title, lot URL, source image or verified source join survives. All recovered observation sets, the v2 comparison and the source index were checked. Historical candidate notes only: {""abv"":43}. Skip the entire row. The candidate name and facts are clues, not verified bottle data. Do not replay edits, claim a match, create an alias/reference, or add a guessed release. No production write.",""
"2441","Original source missing — The Balvenie 14-year-old GoldenCask candidate only","SKIPPED — unresolved identity","","entire release","No original auction title, lot URL, source image or verified source join survives. All recovered observation sets, the v2 comparison and the source index were checked. Historical candidate notes only: {""abv"":47.5}. Skip the entire row. The candidate name and facts are clues, not verified bottle data. Do not replay edits, claim a match, create an alias/reference, or add a guessed release. No production write.",""
"2443","Original source missing — The Balvenie 16-year-old Triple Cask candidate only","SKIPPED — unresolved identity","","entire release","No original auction title, lot URL, source image or verified source join survives. All recovered observation sets, the v2 comparison and the source index were checked. Historical candidate notes only: {""abv"":40,""caskNumber"":""16""}. The old proposal assigns caskNumber 16 from an age-like token. No label proves a cask identifier. Skip the entire row. The candidate name and facts are clues, not verified bottle data. Do not replay edits, claim a match, create an alias/reference, or add a guessed release. No production write.",""
"2446","Original source missing — Ben Nevis 1996 ElD The Single Malts of Scotland candidate only","SKIPPED — unresolved identity","","entire release","No original auction title, lot URL, source image or verified source join survives. All recovered observation sets, the v2 comparison and the source index were checked. Historical candidate notes only: {""abv"":51.5}. Skip the entire row. The candidate name and facts are clues, not verified bottle data. Do not replay edits, claim a match, create an alias/reference, or add a guessed release. No production write.",""
"2447","Ben Nevis 2009 SMWS 11 Year Old 78.47 - Citric firecracker","EXISTING — exact bottle verified; no changes","B49055","","Exact marketed expression identified from the source title, source card facts and fresh production search. The release-defining age, vintage, edition, cask code, release year and/or ABV agree where those facts are present. No production write.","https://whiskyauctioneer.com/whisky-lot/7043853/ben-nevis-2009-smws-11-year-old-7847-citric-firecracker"
"2449","Original source missing — BenRiach 12-year-old Heredotus Fumosus candidate only","SKIPPED — unresolved identity","","entire release","No original auction title, lot URL, source image or verified source join survives. All recovered observation sets, the v2 comparison and the source index were checked. Historical candidate notes only: {""abv"":46}. Skip the entire row. The candidate name and facts are clues, not verified bottle data. Do not replay edits, claim a match, create an alias/reference, or add a guessed release. No production write.",""
"2450","Original source missing — BenRiach The Twenty Five candidate only","SKIPPED — unresolved identity","","entire release","No original auction title, lot URL, source image or verified source join survives. All recovered observation sets, the v2 comparison and the source index were checked. Historical candidate notes only: {""abv"":46}. Skip the entire row. The candidate name and facts are clues, not verified bottle data. Do not replay edits, claim a match, create an alias/reference, or add a guessed release. No production write.",""
"2451","Original source missing — Bimber The Spirit of the Underground - Liverpool Street - Cask Ref. 444 - 2025 Release - 58.7% ABV - Single Cask candidate only","SKIPPED — unresolved identity","","entire release","No original auction title, lot URL, source image or verified source join survives. All recovered observation sets, the v2 comparison and the source index were checked. Historical candidate notes only: ABV 58.7%; bottled/released 2025. Skip the entire row. The candidate name and facts are clues, not verified bottle data. Do not replay edits, claim a match, create an alias/reference, or add a guessed release. No production write.",""
"2454","Original source missing — Bladnoch 10-year-old Flora & Fauna candidate only","SKIPPED — unresolved identity","","entire release","No original auction title, lot URL, source image or verified source join survives. All recovered observation sets, the v2 comparison and the source index were checked. Historical candidate notes only: {""abv"":43}. Skip the entire row. The candidate name and facts are clues, not verified bottle data. Do not replay edits, claim a match, create an alias/reference, or add a guessed release. No production write.",""
"2455","Blair Athol 1986 The Eternal Cycle 38 Year Old","EXISTING — exact bottle verified; no changes","B51673","","Exact marketed expression identified from the source title, source card facts and fresh production search. The release-defining age, vintage, edition, cask code, release year and/or ABV agree where those facts are present. No production write.","https://whiskyauctioneer.com/whisky-lot/5280984/blair-athol-1986-eternal-cycle-38-year-old"
"2456","Original source missing — Blair Athol Available only at the Distillery Natural Cask Strength candidate only","SKIPPED — unresolved identity","","entire release","No original auction title, lot URL, source image or verified source join survives. All recovered observation sets, the v2 comparison and the source index were checked. Historical candidate notes only: {""abv"":55.8}. Skip the entire row. The candidate name and facts are clues, not verified bottle data. Do not replay edits, claim a match, create an alias/reference, or add a guessed release. No production write.",""
"2457","Original source missing — Bowmore 10-year-old Inspired by the Devil's Casks Series candidate only","SKIPPED — unresolved identity","","entire release","No original auction title, lot URL, source image or verified source join survives. All recovered observation sets, the v2 comparison and the source index were checked. Historical candidate notes only: {""abv"":46}. Skip the entire row. The candidate name and facts are clues, not verified bottle data. Do not replay edits, claim a match, create an alias/reference, or add a guessed release. No production write.",""
"2458","Original source missing — Bowmore 1964 Black Final Edition candidate only","SKIPPED — unresolved identity","","entire release","No original auction title, lot URL, source image or verified source join survives. All recovered observation sets, the v2 comparison and the source index were checked. Historical candidate notes only: {""abv"":49}. Skip the entire row. The candidate name and facts are clues, not verified bottle data. Do not replay edits, claim a match, create an alias/reference, or add a guessed release. No production write.",""
"2459","Original source missing — Bowmore 1964 Vintage Fino Cask candidate only","SKIPPED — unresolved identity","","entire release","No original auction title, lot URL, source image or verified source join survives. All recovered observation sets, the v2 comparison and the source index were checked. Historical candidate notes only: {""statedAge"":46,""abv"":42.9,""caskNumber"":""46""}. The old proposal assigns caskNumber 46 alongside statedAge 46. No label proves that cask identifier. Skip the entire row. The candidate name and facts are clues, not verified bottle data. Do not replay edits, claim a match, create an alias/reference, or add a guessed release. No production write.",""
"2460","Original source missing — Bowmore 16-year-old 1989 vintage candidate only","SKIPPED — unresolved identity","B18531 (unverified historical candidate)","entire release","No original auction title, lot URL, source image or verified source join survives. All recovered observation sets, the v2 comparison and the source index were checked. Historical candidate notes only: {""abv"":58.8}. Skip the entire row. The candidate name and facts are clues, not verified bottle data. Do not replay edits, claim a match, create an alias/reference, or add a guessed release. No production write.",""
"2461","Original source missing — Bowmore 1998 The Feis Ile Collection 2017 candidate only","SKIPPED — unresolved identity","","entire release","No original auction title, lot URL, source image or verified source join survives. All recovered observation sets, the v2 comparison and the source index were checked. Historical candidate notes only: {""abv"":54.3}. Skip the entire row. The candidate name and facts are clues, not verified bottle data. Do not replay edits, claim a match, create an alias/reference, or add a guessed release. No production write.",""
"2462","SMWS 3.340 Post-sauna seafood platter","ADDED — optional facts left blank","B52561","caskStrength | naturalColor | nonChillFiltered | maltPhenolPpm | bottlingYear | releaseYear | releaseMonth | releaseDay | image","All 26 writable fields and image reviewed. Series, edition, cask strength, natural colour, filtration, malt PPM, bottling year and release dates are unknown. Do not calculate dates from age or copy listing dates. No alias, reference, merge or grouping change is proposed. Rejected B49974 is a different exact cask. Exact clean stock image inspected and saved locally. Not uploaded: the current JSON CLI does not accept multipart images. No direct credential-based upload attempted.","https://smws.eu/post-sauna-seafood-platter/ | https://whiskyauctioneer.com/whisky-lot/5271949/bowmore-2004-smws-18-year-old-3340-post-sauna-seafood-platter | https://www.whiskyshop.com/auctions/a57950-smws-3-340 | https://www.whiskybase.com/whiskies/whisky/217100/bowmore-2004-smws-3340"
"2463","Original source missing — Bowmore 09 Sherry Cask Matured candidate only","SKIPPED — unresolved identity","","entire release","No original auction title, lot URL, source image or verified source join survives. All recovered observation sets, the v2 comparison and the source index were checked. Historical candidate notes only: {""abv"":40}. Skip the entire row. The candidate name and facts are clues, not verified bottle data. Do not replay edits, claim a match, create an alias/reference, or add a guessed release. No production write.",""
"2466","Original source missing — Bowmore Cask Strength candidate only","SKIPPED — unresolved identity","","entire release","No original auction title, lot URL, source image or verified source join survives. All recovered observation sets, the v2 comparison and the source index were checked. Historical candidate notes only: {""abv"":56}. Skip the entire row. The candidate name and facts are clues, not verified bottle data. Do not replay edits, claim a match, create an alias/reference, or add a guessed release. No production write.",""
"2467","Original source missing — Bowmore 15-year-old Feis Ile Collection candidate only","SKIPPED — unresolved identity","","entire release","No original auction title, lot URL, source image or verified source join survives. All recovered observation sets, the v2 comparison and the source index were checked. Historical candidate notes only: {""abv"":55.4}. Skip the entire row. The candidate name and facts are clues, not verified bottle data. Do not replay edits, claim a match, create an alias/reference, or add a guessed release. No production write.",""
"2468","Original source missing — Bowmore Laimrig candidate only","SKIPPED — unresolved identity","","entire release","No original auction title, lot URL, source image or verified source join survives. All recovered observation sets, the v2 comparison and the source index were checked. Historical candidate notes only: {""abv"":54.4}. Skip the entire row. The candidate name and facts are clues, not verified bottle data. Do not replay edits, claim a match, create an alias/reference, or add a guessed release. No production write.",""
"2470","SMWS 3.243 Dark, smouldering flamenco gypsy","EXISTING — identity matched; no changes","B3692","noAgeStatement | edition | bottlingYear | image | flavorProfile | description | caskStrength | naturalColor | nonChillFiltered | maltPhenolPpm | releaseMonth | releaseDay | references","Exact label code, subtitle, age 17, 57.1% and 594 bottles match B3692. Festival label identifies Fèis Ìle 2015. Existing Bottle read fresh; no production changes. Identity match only. Proposed missing facts and exact image saved in research-smws-31.json, not applied. Current flavor profile conflicts with a contemporary press reprint; preserve pending primary evidence. Current generated description is not fully verified. Current vintage 1997 has multiple corroborating sources and is retained despite one 1998 heading. Technical declarations and precise release date remain unverified. Aliases array is empty; protected references unresolved.","https://whiskyauctioneer.com/whisky-lot/5280926/bowmore-smws-17-year-old-3243-dark-smouldering-flamenco-gypsy | https://www.whiskybase.com/ko/whiskies/whisky/67843/bowmore-1997-smws-3243 | https://www.whiskylifestyle.com/bowmore-1997-3-243-smws/ | https://thewhiskyphiles.com/2015/05/20/smws-3-243-dark-smouldering-flamenco-gypsy/"
"2471","Original source missing — Bowmore Tempest Small Batch Release No. 1 candidate only","SKIPPED — unresolved identity","","entire release","No original auction title, lot URL, source image or verified source join survives. All recovered observation sets, the v2 comparison and the source index were checked. Historical candidate notes only: {""abv"":55.3}. Skip the entire row. The candidate name and facts are clues, not verified bottle data. Do not replay edits, claim a match, create an alias/reference, or add a guessed release. No production write.",""
"2472","Original source missing — Bowmore Tempest Small Batch Release No. 3 candidate only","SKIPPED — unresolved identity","","entire release","No original auction title, lot URL, source image or verified source join survives. All recovered observation sets, the v2 comparison and the source index were checked. Historical candidate notes only: {""abv"":55.6}. Skip the entire row. The candidate name and facts are clues, not verified bottle data. Do not replay edits, claim a match, create an alias/reference, or add a guessed release. No production write.",""
"2473","Brora 1980 Prima & Ultima 40 Year Old","EXISTING — exact bottle verified; no changes","B49794","","Exact marketed expression identified from the source title, source card facts and fresh production search. The release-defining age, vintage, edition, cask code, release year and/or ABV agree where those facts are present. No production write.","https://whiskyauctioneer.com/whisky-lot/7044042/brora-1980-prima-ultima-40-year-old"
"2476","Original source missing — Bruichladdich 2001 Resurrection Dram candidate only","SKIPPED — unresolved identity","","entire release","No original auction title, lot URL, source image or verified source join survives. All recovered observation sets, the v2 comparison and the source index were checked. Historical candidate notes only: {""abv"":46}. Skip the entire row. The candidate name and facts are clues, not verified bottle data. Do not replay edits, claim a match, create an alias/reference, or add a guessed release. No production write.",""
"2477","Original source missing — Bruichladdich 'Rocks' candidate only","SKIPPED — unresolved identity","B17849 (unverified historical candidate)","entire release","No original auction title, lot URL, source image or verified source join survives. All recovered observation sets, the v2 comparison and the source index were checked. Historical candidate notes only: {""abv"":46}. Skip the entire row. The candidate name and facts are clues, not verified bottle data. Do not replay edits, claim a match, create an alias/reference, or add a guessed release. No production write.",""
"2478","Original source missing — Bruichladdich Laddie Eight 8-year-old candidate only","SKIPPED — unresolved identity","","entire release","No original auction title, lot URL, source image or verified source join survives. All recovered observation sets, the v2 comparison and the source index were checked. Historical candidate notes only: {""abv"":50}. Skip the entire row. The candidate name and facts are clues, not verified bottle data. Do not replay edits, claim a match, create an alias/reference, or add a guessed release. No production write.",""
"2480","Original source missing — Bruichladdich 3D3 - Third Edition The Norrie Campbell Tribute Bottling candidate only","SKIPPED — unresolved identity","B5149 (unverified historical candidate)","entire release","No original auction title, lot URL, source image or verified source join survives. All recovered observation sets, the v2 comparison and the source index were checked. Historical candidate notes only: {""abv"":46}. Skip the entire row. The candidate name and facts are clues, not verified bottle data. Do not replay edits, claim a match, create an alias/reference, or add a guessed release. No production write.",""
"2483","Original source missing — Bushmills Sherry Cask - Reserve The Steamship Collection candidate only","SKIPPED — unresolved identity","","entire release","No original auction title, lot URL, source image or verified source join survives. All recovered observation sets, the v2 comparison and the source index were checked. Historical candidate notes only: {""abv"":40}. Skip the entire row. The candidate name and facts are clues, not verified bottle data. Do not replay edits, claim a match, create an alias/reference, or add a guessed release. No production write.",""
"2484","Caol Ila 175th Anniversary 24 Year Old","UPDATED — changed facts verified","B1693","series | edition | singleCask | naturalColor | nonChillFiltered | maltPhenolPpm | vintageYear | releaseMonth | releaseDay | maturation | caskNumber | flavorProfile | image","Exact release matched B1693. Updated through production CLI and read back: distillers, noAgeStatement, abv, caskStrength, bottlingYear, releaseYear, outturn, description, descriptionSrc. All other writable facts, names, aliases and images stayed unchanged. All 26 fields and image reviewed. Preserve current name and profile; profile is not independently verified. Series, edition, single-cask declaration, colour, filtration, PPM, vintage, exact release month/day, maturation and cask number unknown. Do not copy another whisky's cask recipe from a multi-product news article. Only canonical reference exists; alias array empty. No alias/reference changes. Exact clean 900x1200 retailer bottle and box, no watermark, label age/strength/anniversary/outturn match. Current image null. Upload deferred: repository CLI API command accepts JSON, not image multipart. No direct credential-based upload used.","https://whiskyauctioneer.com/whisky-lot/5280717/caol-ila-175th-anniversary-24-year-old | https://www.htfw.com/caol-ila-175th-anniversary-single-malt-24-year-old-whisky | https://whiskyinternationalonline.com/en-gb/products/caol-ila-24-year-old-whisky-175th-anniversary-52-1 | https://whiskyforeveryone.blogspot.com/2022/02/inbox-weeks-whisky-news-february-4-2022.html | https://www.thespiritsbusiness.com/2022/02/caol-ila-debuts-24yo-whisky/?edition=asia | https://www.thewhiskyexchange.com/p/64107/caol-ila-24-year-old-175th-anniversary"
"2485","Caol Ila 1975 Rare Malts Selection 20 Year Old","SKIPPED — unresolved identity","B5426 (possible match; date conflict); B49675 rejected (61.18%, not 61.12%)","entire release","Exact auction label is age 20, distilled 1975, 61.12%, natural cask strength; auction classifies it under 1996 autumn releases. B5426 has matching strength but says bottled/released 1995. B49675 says 1996 but is 61.18%, confirmed by its stored image. Specialist sources list 61.12% under both 1995 and 1996. Source front/back do not explicitly print a bottling year or distinct annual edition. A different bottling year alone does not prove another marketed Bottle. Cannot establish whether the source is B5426 with an uncertain date or a distinct release. Skip creation and all candidate edits. B5426's generated description incorrectly claims 25 years despite its age-20 label; flag separately, do not silently repair it through this unresolved match.","https://whiskyauctioneer.com/whisky-lot/5280620/caol-ila-1975-rare-malts-selection-20-year-old | https://www.whiskybase.com/whiskies/whisky/1557/caol-ila-1975 | https://whisky.auction/auctions/lot/203445/caol-ila-1975-20-year-old | https://www.htfw.com/caol-ila-rare-malts-selection-single-malt-scotch-1975-20-year-old-whisky"
"2486","Caol Ila Flora & Fauna 15 Year Old","UPDATED — changed facts verified","B5393","series | edition | singleCask | caskStrength | naturalColor | nonChillFiltered | maltPhenolPpm | vintageYear | bottlingYear | releaseYear | releaseMonth | releaseDay | maturation | caskNumber | outturn | flavorProfile | image | references","Exact release matched B5393. Updated through production CLI and read back: distillers, noAgeStatement, abv, description, descriptionSrc. All other writable facts, names, aliases and images stayed unchanged. All 26 fields and image reviewed for both lots. Preserve name and current flavor profile, not independently verified. Range relationship unresolved. Edition, single-cask and cask-strength declarations, colour, filtration, PPM, vintage, bottling/release dates, maturation, cask and outturn unknown. Do not infer releaseYear=1991 from generic range history or bottling year from the wooden box. Broad reference R15316 flagged. No duplicate creation for packaging. Flora & Fauna range evidenced, but no Caol Ila-owned series exists in the fresh complete series list. Do not use another brand's series or promote the cross-distillery marketing collection into a guessed brand. Preserve null and flag the missing organization decision. Canonical R13399 matches. Noncanonical R15316 is Caol Ila 15-year-old, which also fits different Unpeated and independent releases; mark unresolved and propose quarantine separately, not verified. No reference write in this batch. Alias array empty. Exact clean 900x1200 retailer bottle and cardboard box inspected. Same age/43%/bird label for both source rows; no watermark. Current image null. Multipart upload is not available through the existing JSON CLI command; no direct upload attempted.","https://whiskyauctioneer.com/whisky-lot/7043595/caol-ila-flora-fauna-15-year-old | https://whiskyauctioneer.com/whisky-lot/7043575/caol-ila-flora-fauna-15-year-old-wooden-box | https://www.thewhiskyexchange.com/p/1603/caol-ila-15-year-old-flora-fauna"
"2487","Caol Ila Flora & Fauna 15 Year Old Wooden Box","EXISTING — same release; shared update verified","B5393","series | edition | singleCask | caskStrength | naturalColor | nonChillFiltered | maltPhenolPpm | vintageYear | bottlingYear | releaseYear | releaseMonth | releaseDay | maturation | caskNumber | outturn | flavorProfile | image | references","Wooden-box presentation is the same age-15, 43% Flora & Fauna release as row 2486. Matches B5393; no second Bottle created. B5393 was updated once and verified. All 26 fields and image reviewed for both lots. Preserve name and current flavor profile, not independently verified. Range relationship unresolved. Edition, single-cask and cask-strength declarations, colour, filtration, PPM, vintage, bottling/release dates, maturation, cask and outturn unknown. Do not infer releaseYear=1991 from generic range history or bottling year from the wooden box. Broad reference R15316 flagged. No duplicate creation for packaging. Flora & Fauna range evidenced, but no Caol Ila-owned series exists in the fresh complete series list. Do not use another brand's series or promote the cross-distillery marketing collection into a guessed brand. Preserve null and flag the missing organization decision. Canonical R13399 matches. Noncanonical R15316 is Caol Ila 15-year-old, which also fits different Unpeated and independent releases; mark unresolved and propose quarantine separately, not verified. No reference write in this batch. Alias array empty. Exact clean 900x1200 retailer bottle and cardboard box inspected. Same age/43%/bird label for both source rows; no watermark. Current image null. Multipart upload is not available through the existing JSON CLI command; no direct upload attempted.","https://whiskyauctioneer.com/whisky-lot/7043595/caol-ila-flora-fauna-15-year-old | https://whiskyauctioneer.com/whisky-lot/7043575/caol-ila-flora-fauna-15-year-old-wooden-box | https://www.thewhiskyexchange.com/p/1603/caol-ila-15-year-old-flora-fauna"
"2488","Caol Ila SMWS 33 Year Old 53.495 - Peat bloom","UPDATED — changed facts verified","B43247","series | edition | caskStrength | naturalColor | nonChillFiltered | maltPhenolPpm | bottlingYear | image | references","Exact release matched B43247. Updated through production CLI and read back: noAgeStatement, outturn. All other writable facts, names, aliases and images stayed unchanged. All 26 fields and image reviewed. Collection relationship pending; edition absent. Exact cask-strength, colour, filtration and malt PPM declarations unverified. Generic Society practice or 44.1% alone does not prove technical flags. BottlingYear=2024 is a secondary database claim, not promoted without stronger evidence. Existing release date, maturation, profile, description and image are verified and preserved. The Creators Collection is explicitly evidenced on label and producer page, but complete SMWS series query returns zero. Leave current series null for this exact-facts patch. No guessed series ID or duplicate Bottle. Peat Plants wording is range context, not an invented annual or batch edition. Canonical R3764 matches. Old R3758 differs only by a trailing zero-width character and retains the exact 53.495 code and subtitle; identity is supported, but persisted review remains pending. Do not add it as a display alias. No reference changes; alias array empty. Stored exact producer-style bottle cutout inspected, code, age, 44.1%, 211 and collection art match. No watermark or replacement needed. Source URL currently missing; do not assert an upload provenance that was not recorded. Transparent edges may need browser quality review before calling image processing fully verified.","https://whiskyauctioneer.com/whisky-lot/5281203/caol-ila-smws-33-year-old-53495-peat-bloom | https://smws.com/peat-bloom/ | https://smws.com.au/product/53-495-peat-bloom-peat-plants-collection/ | https://www.dramface.com/news/2024/smws-launches-new-creators-collection-series-expanded-cask-programme"
"2490","Original source missing — Cardhu Gold Reserve - House Targaryen Game of Thrones candidate only","SKIPPED — unresolved identity","B2390 (unverified historical candidate)","entire release","No original auction title, lot URL, source image or verified source join survives. All recovered observation sets, the v2 comparison and the source index were checked. Historical candidate notes only: {""abv"":40}. Skip the entire row. The candidate name and facts are clues, not verified bottle data. Do not replay edits, claim a match, create an alias/reference, or add a guessed release. No production write.",""
"2492","Chichibu 2015 Ichiro's Malt 9 Year Old The Gambler","EXISTING — exact bottle verified; no changes","B47640","","Exact marketed expression identified from the source card facts and fresh narrow production search. Release-defining age, vintage, edition, cask code, release year and/or ABV agree where present. No production write.","https://whiskyauctioneer.com/whisky-lot/7043883/chichibu-2015-ichiros-malt-9-year-old-gambler"
"2493","Chichibu Code - Spirits of Salud","ADDED — optional facts left blank","B52825","bottler | naturalColor | nonChillFiltered | maltPhenolPpm | releaseDay","Exact release day, malt phenol PPM, natural-color and filtration claims remain unknown.","https://whiskyauctioneer.com/whisky-lot/8214058/chichibu-2017-code-7-year-old | https://www.passievoorwhisky.nl/en/whisky/world-whisky/japanese-whisky/41843-chichibu-code-spirits-of-salud.html | https://www.just-whisky.co.uk/product/chichibu-code-7-years-old-2017-2025-spirits-of-salud-single-cask-no8275-1499827"
"2495","Original source missing — Chichibu On The Way Ichiro's Malt candidate only","SKIPPED — unresolved identity","B3725 (unverified historical candidate)","entire release","No original auction title, lot URL, source image or verified source join survives. All recovered observation sets, the v2 comparison and the source index were checked. Historical candidate notes only: {""abv"":51.5}. Skip the entire row. The candidate name and facts are clues, not verified bottle data. Do not replay edits, claim a match, create an alias/reference, or add a guessed release. No production write.",""
"2496","Original source missing — Chichibu Ichiro's Malt - Paris Edition candidate only","SKIPPED — unresolved identity","B2747 (unverified historical candidate)","entire release","No original auction title, lot URL, source image or verified source join survives. All recovered observation sets, the v2 comparison and the source index were checked. Historical candidate notes only: {""abv"":49.5,""releaseYear"":2023}. Paris Edition 2023 and 49.5% are an old update proposal, not a recovered source identity. Skip the entire row. The candidate name and facts are clues, not verified bottle data. Do not replay edits, claim a match, create an alias/reference, or add a guessed release. No production write.",""
"2498","Original source missing — Special Releases Clynelish - The Jazz Crescendo - 2023 candidate only","SKIPPED — unresolved identity","","entire release","No original auction title, lot URL, source image or verified source join survives. All recovered observation sets, the v2 comparison and the source index were checked. Historical candidate notes only: age 10; ABV 57.5%; bottled/released 2023. Skip the entire row. The candidate name and facts are clues, not verified bottle data. Do not replay edits, claim a match, create an alias/reference, or add a guessed release. No production write.",""
"2501","Original source missing — Connemara 22-year-old Peated Single Malt candidate only","SKIPPED — unresolved identity","","entire release","No original auction title, lot URL, source image or verified source join survives. All recovered observation sets, the v2 comparison and the source index were checked. Historical candidate notes only: {""abv"":40}. Skip the entire row. The candidate name and facts are clues, not verified bottle data. Do not replay edits, claim a match, create an alias/reference, or add a guessed release. No production write.",""
"2502","Cragganmore 1973 Special Edition 29 Year Old","EXISTING — exact Bottle verified; no changes","B49816","","Targeted fresh GET and source-label facts establish the exact release identity. Release-defining age, vintage, edition, release year and/or ABV agree where present. No production write.","https://whiskyauctioneer.com/whisky-lot/8213556/cragganmore-1973-cask-strength-29-year-old-0"
"2503","Cragganmore 1989 21 Year Old","EXISTING — exact bottle verified; no changes","B4766","","Exact marketed expression identified from the source title, source card facts and fresh production search. The release-defining age, vintage, edition, cask code, release year and/or ABV agree where those facts are present. No production write.","https://whiskyauctioneer.com/whisky-lot/7043581/cragganmore-1989-21-year-old"
"2504","Dailuaine 1973 Rare Malts Selection 22 Year Old","EXISTING — exact bottle verified; no changes","B5439","","Exact marketed expression identified from the source title, source card facts and fresh production search. The release-defining age, vintage, edition, cask code, release year and/or ABV agree where those facts are present. No production write.","https://whiskyauctioneer.com/whisky-lot/5280619/dailuaine-1973-rare-malts-selection-22-year-old"
"2505","Dailuaine 1980 Natural Cask Strength 34 Year Old","EXISTING — exact bottle verified; no changes","B16230","","Exact marketed expression identified from the source card facts and fresh narrow production search. Release-defining age, vintage, edition, cask code, release year and/or ABV agree where present. No production write.","https://whiskyauctioneer.com/whisky-lot/8213337/dailuaine-1980-natural-cask-strength-34-year-old"
"2506","SMWS 41.71 Refreshing and lip-smackingly tasty","EXISTING — identity matched; no changes","B50583","noAgeStatement | outturn | caskStrength | naturalColor | nonChillFiltered | maltPhenolPpm | bottlingYear | releaseYear | releaseMonth | releaseDay | references","Exact code, subtitle, age 11, 59.5%, vintage 2004 and inspected stored producer image match B50583. Producer verifies maturation and flavor profile. No production changes. Identity match only. Known missing noAgeStatement=false and outturn=216 saved for authenticated preflight. Producer's 120-bottle USA allocation is not the global outturn. Other technical and date facts remain unknown. Preserve current description and image. Aliases array is empty; protected references unresolved.","https://smwsa.com/products/cask-no-41-71 | https://whiskyauctioneer.com/whisky-lot/5283709/dailuaine-2004-smws-11-year-old-4171-refreshing-and-lip-smackingly-tasty"
"2507","Original source missing — Dailuaine 16-year-old Flora & Fauna candidate only","SKIPPED — unresolved identity","","entire release","No original auction title, lot URL, source image or verified source join survives. All recovered observation sets, the v2 comparison and the source index were checked. Historical candidate notes only: {""abv"":43}. Skip the entire row. The candidate name and facts are clues, not verified bottle data. Do not replay edits, claim a match, create an alias/reference, or add a guessed release. No production write.",""
"2508","Original source missing — Dailuaine 17-year-old The Manager's Dram candidate only","SKIPPED — unresolved identity","","entire release","No original auction title, lot URL, source image or verified source join survives. All recovered observation sets, the v2 comparison and the source index were checked. Historical candidate notes only: {""abv"":59.5}. Skip the entire row. The candidate name and facts are clues, not verified bottle data. Do not replay edits, claim a match, create an alias/reference, or add a guessed release. No production write.",""
"2509","Dallas Dhu 1982 24 Year Old","EXISTING — exact bottle verified; no changes","B5066","","Exact marketed expression identified from the source title, source card facts and fresh production search. The release-defining age, vintage, edition, cask code, release year and/or ABV agree where those facts are present. No production write.","https://whiskyauctioneer.com/whisky-lot/5283654/dallas-dhu-1982-24-year-old"
"2510","Original source missing — Dalmore Gran Reserva candidate only","SKIPPED — unresolved identity","","entire release","No original auction title, lot URL, source image or verified source join survives. All recovered observation sets, the v2 comparison and the source index were checked. Historical candidate notes only: {""abv"":40}. Skip the entire row. The candidate name and facts are clues, not verified bottle data. Do not replay edits, claim a match, create an alias/reference, or add a guessed release. No production write.",""
"2512","Original source missing — Drumshanbo Single Pot Still candidate only","SKIPPED — unresolved identity","","entire release","No original auction title, lot URL, source image or verified source join survives. All recovered observation sets, the v2 comparison and the source index were checked. Historical candidate notes only: {""abv"":46}. Skip the entire row. The candidate name and facts are clues, not verified bottle data. Do not replay edits, claim a match, create an alias/reference, or add a guessed release. No production write.",""
"2513","Eden Mill 2015 SMWS 3 Year Old 136.1 - Effervescence and enlightment","EXISTING — exact bottle verified; no changes","B51411","","Exact marketed expression identified from the source title, source card facts and fresh production search. The release-defining age, vintage, edition, cask code, release year and/or ABV agree where those facts are present. No production write.","https://whiskyauctioneer.com/whisky-lot/5283943/eden-mill-2015-smws-3-year-old-1361-effervescence-and-enlightment"
"2515","FEW Spirits 2016 SMWS 4 Year Old Rye RW1.4 - Sweet, punchy and everlasting","EXISTING — exact bottle verified; no changes","B49656","","Exact marketed expression identified from the source title, source card facts and fresh production search. The release-defining age, vintage, edition, cask code, release year and/or ABV agree where those facts are present. No production write.","https://whiskyauctioneer.com/whisky-lot/5283936/few-spirits-2016-smws-4-year-old-rye-rw14-sweet-punchy-and-everlasting"
"2516","Glen Albyn 1975 Rare Malts Selection 26 Year Old","EXISTING — exact bottle verified; no changes","B5328","","Exact marketed expression identified from the source title, source card facts and fresh production search. The release-defining age, vintage, edition, cask code, release year and/or ABV agree where those facts are present. No production write.","https://whiskyauctioneer.com/whisky-lot/7043582/glen-albyn-1975-rare-malts-selection-26-year-old"
"2518","Original source missing — The Glen Grant 1972 BR Berrys' Own Selection candidate only","SKIPPED — unresolved identity","","entire release","No original auction title, lot URL, source image or verified source join survives. All recovered observation sets, the v2 comparison and the source index were checked. Historical candidate notes only: {""abv"":46}. Skip the entire row. The candidate name and facts are clues, not verified bottle data. Do not replay edits, claim a match, create an alias/reference, or add a guessed release. No production write.",""
"2519","Glen Mhor 1976 Rare Malts Selection 28 Year Old","EXISTING — exact bottle verified; no changes","B5218","","Exact marketed expression identified from the source title, source card facts and fresh production search. The release-defining age, vintage, edition, cask code, release year and/or ABV agree where those facts are present. No production write.","https://whiskyauctioneer.com/whisky-lot/5283363/glen-mhor-1976-rare-malts-selection-28-year-old"
"2520","Glen Moray 2008 SMWS 13 Year Old 35.311 - Lighting up an expensive cigar","EXISTING — exact bottle verified; no changes","B48423","","Exact marketed expression identified from the source title, source card facts and fresh production search. The release-defining age, vintage, edition, cask code, release year and/or ABV agree where those facts are present. No production write.","https://whiskyauctioneer.com/whisky-lot/5282433/glen-moray-2008-smws-13-year-old-35311-lighting-expensive-cigar"
"2521","Glen Scotia 2004 SMWS 14 Year Old 93.112 - Sweet and grubby","EXISTING — exact bottle verified; no changes","B51172","","Exact marketed expression identified from the source card facts and fresh narrow production search. Release-defining age, vintage, edition, cask code, release year and/or ABV agree where present. No production write.","https://whiskyauctioneer.com/whisky-lot/5282432/glen-scotia-2004-smws-14-year-old-93112-sweet-and-grubby"
"2522","Original source missing — GlenAllachie 12-year-old Wine Series - Sauternes Wine Cask Finish candidate only","SKIPPED — unresolved identity","","entire release","No original auction title, lot URL, source image or verified source join survives. All recovered observation sets, the v2 comparison and the source index were checked. Historical candidate notes only: {""abv"":48}. Skip the entire row. The candidate name and facts are clues, not verified bottle data. Do not replay edits, claim a match, create an alias/reference, or add a guessed release. No production write.",""
"2526","Glencadam 2011 SMWS 9 Year Old SMWS 82.29 - A rustic dance","EXISTING — exact identity; data concern recorded","B49115","","Exact marketed expression identified from the source title, source card facts and fresh production search. The exact SMWS cask code proves identity, but the source card says 62.1% while B49115 says 62.2%. Do not create a duplicate or change the existing ABV without stronger label evidence.","https://whiskyauctioneer.com/whisky-lot/5281237/glencadam-2011-smws-9-year-old-smws-8229-rustic-dance"
"2532","Original source missing — The GlenDronach 10-year-old Forgue candidate only","SKIPPED — unresolved identity","","entire release","No original auction title, lot URL, source image or verified source join survives. All recovered observation sets, the v2 comparison and the source index were checked. Historical candidate notes only: {""abv"":43}. Skip the entire row. The candidate name and facts are clues, not verified bottle data. Do not replay edits, claim a match, create an alias/reference, or add a guessed release. No production write.",""
"2533","Original source missing — Glenfarclas 105 candidate only","SKIPPED — unresolved identity","B435 (unverified historical candidate)","entire release","No original auction title, lot URL, source image or verified source join survives. All recovered observation sets, the v2 comparison and the source index were checked. Historical candidate notes only: {""statedAge"":8,""abv"":60}. Do not assign eight years to the general Glenfarclas 105 candidate from an unverified old proposal. Skip the entire row. The candidate name and facts are clues, not verified bottle data. Do not replay edits, claim a match, create an alias/reference, or add a guessed release. No production write.",""
"2534","Glenfarclas 2000 SMWS 15 Year Old 1.200 - Enigmatic and masculine","EXISTING — exact bottle verified; no changes","B49913","","Exact marketed expression identified from the source title, source card facts and fresh production search. The release-defining age, vintage, edition, cask code, release year and/or ABV agree where those facts are present. No production write.","https://whiskyauctioneer.com/whisky-lot/5283105/glenfarclas-2000-smws-15-year-old-1200-enigmatic-and-masculine"
"2535","Original source missing — Glenfarclas 175th Anniversary candidate only","SKIPPED — unresolved identity","","entire release","No original auction title, lot URL, source image or verified source join survives. All recovered observation sets, the v2 comparison and the source index were checked. Historical candidate notes only: {""abv"":43}. Skip the entire row. The candidate name and facts are clues, not verified bottle data. Do not replay edits, claim a match, create an alias/reference, or add a guessed release. No production write.",""
"2536","Original source missing — Glenfiddich Rare Oak 25-year-old candidate only","SKIPPED — unresolved identity","","entire release","No original auction title, lot URL, source image or verified source join survives. All recovered observation sets, the v2 comparison and the source index were checked. Historical candidate notes only: {""abv"":43}. Skip the entire row. The candidate name and facts are clues, not verified bottle data. Do not replay edits, claim a match, create an alias/reference, or add a guessed release. No production write.",""
"2541","Original source missing — Glenfiddich Cask of Dreams candidate only","SKIPPED — unresolved identity","B17146 (unverified historical candidate)","entire release","No original auction title, lot URL, source image or verified source join survives. All recovered observation sets, the v2 comparison and the source index were checked. Historical candidate notes only: {""abv"":48.8}. Skip the entire row. The candidate name and facts are clues, not verified bottle data. Do not replay edits, claim a match, create an alias/reference, or add a guessed release. No production write.",""
"2543","Original source missing — Glenfiddich Fire & Cane Experimental Series No. 04 candidate only","SKIPPED — unresolved identity","B2825 (unverified historical candidate)","entire release","No original auction title, lot URL, source image or verified source join survives. All recovered observation sets, the v2 comparison and the source index were checked. Historical candidate notes only: {""abv"":43}. Skip the entire row. The candidate name and facts are clues, not verified bottle data. Do not replay edits, claim a match, create an alias/reference, or add a guessed release. No production write.",""
"2556","Original source missing — Glenmorangie Quinta Ruban candidate only","SKIPPED — unresolved identity","B43919 (unverified historical candidate)","entire release","No original auction title, lot URL, source image or verified source join survives. All recovered observation sets, the v2 comparison and the source index were checked. Historical candidate notes only: {""abv"":46}. Skip the entire row. The candidate name and facts are clues, not verified bottle data. Do not replay edits, claim a match, create an alias/reference, or add a guessed release. No production write.",""
"2557","Original source missing — Glenmorangie Taghta candidate only","SKIPPED — unresolved identity","B16449 (unverified historical candidate)","entire release","No original auction title, lot URL, source image or verified source join survives. All recovered observation sets, the v2 comparison and the source index were checked. Historical candidate notes only: {""abv"":46}. Skip the entire row. The candidate name and facts are clues, not verified bottle data. Do not replay edits, claim a match, create an alias/reference, or add a guessed release. No production write.",""
"2558","Original source missing — Glenmorangie Tarlogan candidate only","SKIPPED — unresolved identity","B15996 (unverified historical candidate)","entire release","No original auction title, lot URL, source image or verified source join survives. All recovered observation sets, the v2 comparison and the source index were checked. Historical candidate notes only: {""abv"":43}. Skip the entire row. The candidate name and facts are clues, not verified bottle data. Do not replay edits, claim a match, create an alias/reference, or add a guessed release. No production write.",""
"2559","Original source missing — The Glenrothes 32-year-old old, 1972 Vintage - 1972 Vintage candidate only","SKIPPED — unresolved identity","B18690 (unverified historical candidate)","entire release","No original auction title, lot URL, source image or verified source join survives. All recovered observation sets, the v2 comparison and the source index were checked. Historical candidate notes only: {""abv"":43}. A second row proposes this same Glenrothes ID and strength. That does not prove duplicate source identity. Skip the entire row. The candidate name and facts are clues, not verified bottle data. Do not replay edits, claim a match, create an alias/reference, or add a guessed release. No production write.",""
"2560","Original source missing — The Glenrothes 32-year-old old, 1972 Vintage - 1972 Vintage candidate only","SKIPPED — unresolved identity","B18690 (unverified historical candidate)","entire release","No original auction title, lot URL, source image or verified source join survives. All recovered observation sets, the v2 comparison and the source index were checked. Historical candidate notes only: {""abv"":43}. A second row proposes this same Glenrothes ID and strength. That does not prove duplicate source identity. Skip the entire row. The candidate name and facts are clues, not verified bottle data. Do not replay edits, claim a match, create an alias/reference, or add a guessed release. No production write.",""
"2562","Glenury Royal 1968 36 Year Old","EXISTING — exact bottle verified; no changes","B49825","","Exact marketed expression identified from the source title, source card facts and fresh production search. The release-defining age, vintage, edition, cask code, release year and/or ABV agree where those facts are present. No production write.","https://whiskyauctioneer.com/whisky-lot/8213010/glenury-royal-1968-36-year-old"
"2563","Glenury Royal 1970 Natural Cask Strength 40 Year Old","EXISTING — exact bottle verified; no changes","B49846","","Exact marketed expression identified from the source card facts and fresh narrow production search. Release-defining age, vintage, edition, cask code, release year and/or ABV agree where present. No production write.","https://whiskyauctioneer.com/whisky-lot/7043869/glenury-royal-1970-natural-cask-strength-40-year-old"
"2565","Hibiki Anniversary Blend - 100th Anniversary of Suntory Whisky","EXISTING — exact bottle verified; no changes","B51825","","Exact marketed expression identified from the source title, source card facts and fresh production search. The release-defining age, vintage, edition, cask code, release year and/or ABV agree where those facts are present. No production write.","https://whiskyauctioneer.com/whisky-lot/5281375/hibiki-anniversary-blend-100th-anniversary-suntory-whisky"
"2566","Hibiki Blossom Harmony","EXISTING — exact bottle verified; no changes","B51824","","Exact marketed expression identified from the source title, source card facts and fresh production search. The release-defining age, vintage, edition, cask code, release year and/or ABV agree where those facts are present. No production write.","https://whiskyauctioneer.com/whisky-lot/5280774/hibiki-blossom-harmony"
"2567","Hibiki Japanese Harmony - 2025 Festive Edition","ADDED — optional facts left blank","B52828","statedAge | caskStrength | naturalColor | nonChillFiltered | maltPhenolPpm | vintageYear | bottlingYear | releaseMonth | releaseDay | maturation | caskNumber | outturn","Exact release date, bottling year, age, maturation, color and filtration claims, cask numbers, outturn, malt phenol PPM and flavor profile remain unknown.","https://whiskyauctioneer.com/whisky-lot/5283798/hibiki-japanese-harmony-festive-edition | https://www.thewhiskyshop.com.sg/products/hibiki-harmony-japanese-whisky-2025-festive-edition-abv-43-700ml"
"2568","Hibiki Japanese Harmony Master's Select - 100th Anniversary of Suntory Whisky","ADDED — optional facts left blank","B52829","statedAge | caskStrength | naturalColor | nonChillFiltered | maltPhenolPpm | vintageYear | releaseMonth | releaseDay | maturation | caskNumber | outturn","Exact release date, age, maturation, color and filtration claims, cask numbers, outturn, malt phenol PPM and flavor profile remain unknown.","https://whiskyauctioneer.com/whisky-lot/8212026/hibiki-japanese-harmony-masters-select-100th-anniversary-suntory-whisky | https://whiskyauctioneer.com/learn/explore-whisky/bottles/hibiki-japanese-harmony-masters-select-100th-anniversary-suntory"
"2569","Hibiki Japanese Harmony Master's Select - Lunar New Year 2026","ADDED — optional facts left blank","B52830","statedAge | caskStrength | naturalColor | nonChillFiltered | maltPhenolPpm | vintageYear | bottlingYear | releaseMonth | releaseDay | maturation | caskNumber | outturn","Exact release date, bottling year, age, maturation, color and filtration claims, cask numbers, outturn, malt phenol PPM and flavor profile remain unknown.","https://whiskyauctioneer.com/whisky-lot/5283786/hibiki-japanese-harmony-masters-select-festive-edition | https://www.whiskyshop.com/auctions/a127616-hibiki-japanese-harmony-master-s-select-lunar-new-year-2026 | https://sakeherb.jp/product/detail.html?product_no=6932"
"2570","Highland Park 2005 SMWS 15 Year Old 4.256 - A dark palette palate","EXISTING — exact bottle verified; no changes","B49994","","Exact marketed expression identified from the source title, source card facts and fresh production search. The release-defining age, vintage, edition, cask code, release year and/or ABV agree where those facts are present. No production write.","https://whiskyauctioneer.com/whisky-lot/5283939/highland-park-2005-smws-15-year-old-4256-dark-palette-palate"
"2581","Inchgower 1974 Rare Malts Selection 22 Year Old","EXISTING — exact bottle verified; no changes","B49710","","Exact marketed expression identified from the source title, source card facts and fresh production search. The release-defining age, vintage, edition, cask code, release year and/or ABV agree where those facts are present. No production write.","https://whiskyauctioneer.com/whisky-lot/5283487/inchgower-1974-rare-malts-selection-22-year-old"
"2582","Original source missing — Johnnie Walker Blenders' Red Rye Finish (Batch 1) candidate only","SKIPPED — unresolved identity","B3551 (unverified historical candidate)","entire release","No original auction title, lot URL, source image or verified source join survives. All recovered observation sets, the v2 comparison and the source index were checked. Historical candidate notes only: {""abv"":40}. Skip the entire row. The candidate name and facts are clues, not verified bottle data. Do not replay edits, claim a match, create an alias/reference, or add a guessed release. No production write.",""
"2588","Original source missing — Kavalan Virgin Oak candidate only","SKIPPED — unresolved identity","B654 (unverified historical candidate)","entire release","No original auction title, lot URL, source image or verified source join survives. All recovered observation sets, the v2 comparison and the source index were checked. Historical candidate notes only: {""statedAge"":16,""abv"":59.4}. The sixteen-year and 59.4% proposal lacks an exact Kavalan cask and label. Do not apply it to the generic Virgin Oak candidate. Skip the entire row. The candidate name and facts are clues, not verified bottle data. Do not replay edits, claim a match, create an alias/reference, or add a guessed release. No production write.",""
"2589","Original source missing — Kavalan Solist Port Cask candidate only","SKIPPED — unresolved identity","B1469 (unverified historical candidate)","entire release","No original auction title, lot URL, source image or verified source join survives. All recovered observation sets, the v2 comparison and the source index were checked. Historical candidate notes only: {""abv"":58.6}. The 58.6% proposal lacks the exact Kavalan Port cask identifier and label. Skip the entire row. The candidate name and facts are clues, not verified bottle data. Do not replay edits, claim a match, create an alias/reference, or add a guessed release. No production write.",""
"2590","Original source missing — Kavalan Solist Sherry Cask candidate only","SKIPPED — unresolved identity","B1472 (unverified historical candidate)","entire release","No original auction title, lot URL, source image or verified source join survives. All recovered observation sets, the v2 comparison and the source index were checked. Historical candidate notes only: {""abv"":57.1}. The 57.1% proposal lacks the exact Kavalan Sherry cask identifier and differs from another lost row's 57.8% proposal for the same ID. Skip the entire row. The candidate name and facts are clues, not verified bottle data. Do not replay edits, claim a match, create an alias/reference, or add a guessed release. No production write.",""
"2591","Original source missing — Kavalan Solist Manzanilla candidate only","SKIPPED — unresolved identity","B1474 (unverified historical candidate)","entire release","No original auction title, lot URL, source image or verified source join survives. All recovered observation sets, the v2 comparison and the source index were checked. Historical candidate notes only: {""abv"":54.8}. The 54.8% proposal conflicts with another lost row's 57.8% proposal for the same Manzanilla ID; no exact cask is recovered. Skip the entire row. The candidate name and facts are clues, not verified bottle data. Do not replay edits, claim a match, create an alias/reference, or add a guessed release. No production write.",""
"2592","Original source missing — Kavalan Solist Manzanilla candidate only","SKIPPED — unresolved identity","B1474 (unverified historical candidate)","entire release","No original auction title, lot URL, source image or verified source join survives. All recovered observation sets, the v2 comparison and the source index were checked. Historical candidate notes only: {""abv"":57.8}. The 57.8% proposal conflicts with another lost row's 54.8% proposal for the same Manzanilla ID; no exact cask is recovered. Skip the entire row. The candidate name and facts are clues, not verified bottle data. Do not replay edits, claim a match, create an alias/reference, or add a guessed release. No production write.",""
"2593","Kentucky Owl 11 Year Old Small Batch Rye Batch #1","EXISTING — exact bottle verified; no changes","B14175","","Exact marketed expression identified from the source card facts and fresh narrow production search. Release-defining age, vintage, edition, cask code, release year and/or ABV agree where present. No production write.","https://whiskyauctioneer.com/whisky-lot/5279964/kentucky-owl-11-year-old-small-batch-rye-batch-1"
"2595","Original source missing — Kilkerran Bourbon Cask Matured - 8-year-old - 57.7% ABV - Cask Strength - Bourbon Cask candidate only","SKIPPED — unresolved identity","","entire release","No original auction title, lot URL, source image or verified source join survives. All recovered observation sets, the v2 comparison and the source index were checked. Historical candidate notes only: age 8; ABV 57.7%. Skip the entire row. The candidate name and facts are clues, not verified bottle data. Do not replay edits, claim a match, create an alias/reference, or add a guessed release. No production write.",""
"2598","Lagavulin 1993 Prima & Ultima 28 Year Old","EXISTING — exact bottle verified; no changes","B49802","","Exact marketed expression identified from the source title, source card facts and fresh production search. The release-defining age, vintage, edition, cask code, release year and/or ABV agree where those facts are present. No production write.","https://whiskyauctioneer.com/whisky-lot/7044215/lagavulin-1993-prima-ultima-28-year-old"
"2600","Original source missing — The Lakes Whiskymaker's Reserve No. 6 candidate only","SKIPPED — unresolved identity","B11937 (unverified historical candidate)","entire release","No original auction title, lot URL, source image or verified source join survives. All recovered observation sets, the v2 comparison and the source index were checked. Historical candidate notes only: {""abv"":52}. Skip the entire row. The candidate name and facts are clues, not verified bottle data. Do not replay edits, claim a match, create an alias/reference, or add a guessed release. No production write.",""
"2601","Lakes The Whiskymaker's Reserve No.7","EXISTING — exact bottle verified; no changes","B46017","","Exact marketed expression identified from the source card facts and fresh narrow production search. Release-defining age, vintage, edition, cask code, release year and/or ABV agree where present. No production write.","https://whiskyauctioneer.com/whisky-lot/5279585/lakes-whiskymakers-reserve-no7"
"2604","Laphroaig 1999 SMWS 27 Year Old 29.234 - Smoked and salted toffee apples","EXISTING — exact identity; data concern recorded","B50388","","Exact marketed expression identified from the source card facts and fresh narrow production searches. The auction title says 1999, which is incompatible with its stated 27-year age and 2017 date. Exact SMWS cask code 29.234 and the existing Bottle identify the 1989 vintage; record the source-title error and do not create a duplicate. No production write.","https://whiskyauctioneer.com/whisky-lot/7043904/laphroaig-1999-smws-27-year-old-29234-smoked-and-salted-toffee-apples"
"2605","Laphroaig 2011 SMWS 9 Year Old 29.283 - Samuraislay","EXISTING — exact bottle verified; no changes","B48382","","Exact marketed expression identified from the source title, source card facts and fresh production search. The release-defining age, vintage, edition, cask code, release year and/or ABV agree where those facts are present. No production write.","https://whiskyauctioneer.com/whisky-lot/5280932/laphroaig-2011-smws-9-year-old-29283-samuraislay"
"2608","Original source missing — Laphroaig Cairdeas - 15-year-old candidate only","SKIPPED — unresolved identity","B802 (unverified historical candidate)","entire release","No original auction title, lot URL, source image or verified source join survives. All recovered observation sets, the v2 comparison and the source index were checked. Historical candidate notes only: {""abv"":51.4}. Skip the entire row. The candidate name and facts are clues, not verified bottle data. Do not replay edits, claim a match, create an alias/reference, or add a guessed release. No production write.",""
"2613","Linkwood 1974 Rare Malts Selection 30 Year Old","EXISTING — exact bottle verified; no changes","B49713","","Exact marketed expression identified from the source title, source card facts and fresh production search. The release-defining age, vintage, edition, cask code, release year and/or ABV agree where those facts are present. No production write.","https://whiskyauctioneer.com/whisky-lot/5280615/linkwood-1974-rare-malts-selection-30-year-old"
"2618","Original source missing — Loch Lomond 18-year-old Single Malt Scotch Whisky candidate only","SKIPPED — unresolved identity","B3273 (unverified historical candidate)","entire release","No original auction title, lot URL, source image or verified source join survives. All recovered observation sets, the v2 comparison and the source index were checked. Historical candidate notes only: {""abv"":40}. Skip the entire row. The candidate name and facts are clues, not verified bottle data. Do not replay edits, claim a match, create an alias/reference, or add a guessed release. No production write.",""
"2619","Loch Lomond The Open Special Edition - 154th Open, Royal Birkdale","EXISTING — exact bottle verified; no changes","B45752","","Exact marketed expression identified from the source title, source card facts and fresh production search. The release-defining age, vintage, edition, cask code, release year and/or ABV agree where those facts are present. No production write.","https://whiskyauctioneer.com/whisky-lot/8214176/loch-lomond-open-special-edition-154th-open-royal-birkdale"
"2620","Longmorn 1990 SMWS 26 Year Old SMWS 7.148 - Wicked viscosity","EXISTING — exact bottle verified; no changes","B50056","","Exact marketed expression identified from the source title, source card facts and fresh production search. The release-defining age, vintage, edition, cask code, release year and/or ABV agree where those facts are present. No production write.","https://whiskyauctioneer.com/whisky-lot/5280929/longmorn-1990-smws-26-year-old-smws-7148-wicked-viscosity"
"2621","Longmorn 1990 SMWS 30 Year Old 7.250 - A supernatural delight","EXISTING — exact bottle verified; no changes","B48131","","Exact marketed expression identified from the source title, source card facts and fresh production search. The release-defining age, vintage, edition, cask code, release year and/or ABV agree where those facts are present. No production write.","https://whiskyauctioneer.com/whisky-lot/5282429/longmorn-1990-smws-30-year-old-7250-supernatural-delight"
"2622","Longmorn 2003 SMWS 16 Year Old 7.255 - Fruit jiggle","EXISTING — exact bottle verified; no changes","B48134","","Exact marketed expression identified from the source title, source card facts and fresh production search. The release-defining age, vintage, edition, cask code, release year and/or ABV agree where those facts are present. No production write.","https://whiskyauctioneer.com/whisky-lot/5271948/longmorn-2003-smws-16-year-old-7255-fruit-jiggle"
"2624","Longrow 1998 Springbank Society 26 Year Old","EXISTING — exact Bottle verified; no changes","B43622","","Targeted fresh GET and source-label facts establish the exact release identity. Release-defining age, vintage, edition, release year and/or ABV agree where present. No production write.","https://whiskyauctioneer.com/whisky-lot/5283322/longrow-1998-springbank-society-26-year-old"
"2626","Louis Royer XO SMWS C3.1 - A fragrant ramble","SKIPPED — not whisky","","entire release","Exact label prints Society cask C3.1, A fragrant ramble, Cognac and Grande Champagne. Auction production type agrees. An SMWS imprint does not make this whisky. Exclude the entire row; no inferred distiller, outturn, catalog match or production write.","https://whiskyauctioneer.com/whisky-lot/5281238/louis-royer-xo-smws-c31-fragrant-ramble"
"2631","Macallan 2008 SMWS 16 Year Old 24.182 - Upper-crust custard","EXISTING — exact bottle verified; no changes","B43426","","Exact marketed expression identified from the source card facts and fresh narrow production search. Release-defining age, vintage, edition, cask code, release year and/or ABV agree where present. No production write.","https://whiskyauctioneer.com/whisky-lot/5280139/macallan-2008-smws-16-year-old-24182-upper-crust-custard"
"2638","Original source missing — The Macallan Easter Elchies Black candidate only","SKIPPED — unresolved identity","B590 (unverified historical candidate)","entire release","No original auction title, lot URL, source image or verified source join survives. All recovered observation sets, the v2 comparison and the source index were checked. Historical candidate notes only: {""abv"":49.7,""releaseYear"":2019}. The 2019 and 49.7% values survive only as an unverified Easter Elchies Black update proposal. Skip the entire row. The candidate name and facts are clues, not verified bottle data. Do not replay edits, claim a match, create an alias/reference, or add a guessed release. No production write.",""
"2643","Mortlach 1987 SMWS 32 Year Old 76.148 - Grilled lemon-garlic elk steak","EXISTING — exact bottle verified; no changes","B49035","","Exact marketed expression identified from the source title, source card facts and fresh production search. The release-defining age, vintage, edition, cask code, release year and/or ABV agree where those facts are present. No production write.","https://whiskyauctioneer.com/whisky-lot/5282428/mortlach-1987-smws-32-year-old-76148-grilled-lemon-garlic-elk-steak"
"2645","Oban 1969 Natural Cask Strength 32 Year Old","EXISTING — exact bottle verified; no changes","B5334","","Exact marketed expression identified from the source card facts and fresh narrow production search. Release-defining age, vintage, edition, cask code, release year and/or ABV agree where present. No production write.","https://whiskyauctioneer.com/whisky-lot/7043875/oban-1969-natural-cask-strength-32-year-old"
"2646","Oban 1984 Natural Cask Strength 20 Year Old","EXISTING — exact bottle verified; no changes","B49821","","Exact marketed expression identified from the source card facts and fresh narrow production search. Release-defining age, vintage, edition, cask code, release year and/or ABV agree where present. No production write.","https://whiskyauctioneer.com/whisky-lot/8213519/oban-1984-natural-cask-strength-20-year-old"
"2648","Original source missing — Oban Bay Reserve - The Night's Watch Game of Thrones candidate only","SKIPPED — unresolved identity","B2931 (unverified historical candidate)","entire release","No original auction title, lot URL, source image or verified source join survives. All recovered observation sets, the v2 comparison and the source index were checked. Historical candidate notes only: {""abv"":43}. Skip the entire row. The candidate name and facts are clues, not verified bottle data. Do not replay edits, claim a match, create an alias/reference, or add a guessed release. No production write.",""
"2650","Port Ellen 1978 Natural Cask Strength 29 Year Old - 8th Release","EXISTING — exact identity; data concern recorded","B5022","","Exact marketed expression identified from the source card facts and fresh narrow production searches. The source calls the 8th Release 29 years old while B5022 carries age 30. The unique release number and 2008 context prove identity; this match does not approve the existing age value. No production write.","https://whiskyauctioneer.com/whisky-lot/5283671/port-ellen-1978-natural-cask-strength-29-year-old-8th-release"
"2651","Port Ellen 1978 Natural Cask Strength 37 Year Old - 16th Release","EXISTING — exact bottle verified; no changes","B3611","","Exact marketed expression identified from the source card facts and fresh narrow production search. Release-defining age, vintage, edition, cask code, release year and/or ABV agree where present. No production write.","https://whiskyauctioneer.com/whisky-lot/5283759/port-ellen-1978-natural-cask-strength-37-year-old-16th-release"
"2652","Port Ellen 1978 Rare Malts Selection 22 Year Old","EXISTING — exact bottle verified; no changes","B5378","","Exact marketed expression identified from the source title, source card facts and fresh production search. The release-defining age, vintage, edition, cask code, release year and/or ABV agree where those facts are present. No production write.","https://whiskyauctioneer.com/whisky-lot/8213110/port-ellen-1978-rare-malts-selection-22-year-old"
"2653","Port Ellen 1979 Natural Cask Strength 24 Year Old - 3rd Release","EXISTING — exact bottle verified; no changes","B5307","","Exact marketed expression identified from the source card facts and fresh narrow production search. Release-defining age, vintage, edition, cask code, release year and/or ABV agree where present. No production write.","https://whiskyauctioneer.com/whisky-lot/8210261a/port-ellen-1979-natural-cask-strength-24-year-old-3rd-release"
"2654","Port Ellen 1979 Natural Cask Strength 28 Year Old - 7th Release","EXISTING — exact bottle verified; no changes","B5102","","Exact marketed expression identified from the source card facts and fresh narrow production search. Release-defining age, vintage, edition, cask code, release year and/or ABV agree where present. No production write.","https://whiskyauctioneer.com/whisky-lot/5283672/port-ellen-1979-natural-cask-strength-28-year-old-7th-release"
"2655","Port Ellen 1979 Natural Cask Strength 32 Year Old - 11th Release","EXISTING — exact bottle verified; no changes","B4688","","Exact marketed expression identified from the source card facts and fresh narrow production search. Release-defining age, vintage, edition, cask code, release year and/or ABV agree where present. No production write.","https://whiskyauctioneer.com/whisky-lot/5281333/port-ellen-1979-natural-cask-strength-32-year-old-11th-release"
"2656","Rosebank 1979 Rare Malts Selection 20 Year Old","EXISTING — exact bottle verified; no changes","B49728","","Exact marketed expression identified from the source title, source card facts and fresh production search. The release-defining age, vintage, edition, cask code, release year and/or ABV agree where those facts are present. No production write.","https://whiskyauctioneer.com/whisky-lot/8213581/rosebank-1979-rare-malts-selection-20-year-old"
"2660","Royal Lochnagar 1972 Rare Malts Selection 24 Year Old","EXISTING — exact bottle verified; no changes","B49732","","Exact marketed expression identified from the source title, source card facts and fresh production search. The release-defining age, vintage, edition, cask code, release year and/or ABV agree where those facts are present. No production write.","https://whiskyauctioneer.com/whisky-lot/5283485/royal-lochnagar-1972-rare-malts-selection-24-year-old"
"2665","Original source missing — Springbank 1996 Vintage candidate only","SKIPPED — unresolved identity","B4953 (unverified historical candidate)","entire release","No original auction title, lot URL, source image or verified source join survives. All recovered observation sets, the v2 comparison and the source index were checked. Historical candidate notes only: {""abv"":48.3}. Skip the entire row. The candidate name and facts are clues, not verified bottle data. Do not replay edits, claim a match, create an alias/reference, or add a guessed release. No production write.",""
"2674","Suntory '1899' 60th Anniversary","EXISTING — identity resolved; catalog concern recorded","B51621","","Targeted fresh GETs and source-label facts establish the identity. The existing record uses Yamazaki as the brand, while the source label markets Suntory Whisky '1899'. Its 60th Anniversary Gold Bottle name, 1983 release and 43% ABV establish the same product identity; this match does not approve the existing brand choice. No production write.","https://whiskyauctioneer.com/whisky-lot/5283806/suntory-1899-60th-anniversary"
"2675","Original source missing — Talisker 175th Anniversary bottling candidate only","SKIPPED — unresolved identity","B18493 (unverified historical candidate)","entire release","No original auction title, lot URL, source image or verified source join survives. All recovered observation sets, the v2 comparison and the source index were checked. Historical candidate notes only: {""abv"":45.8}. Skip the entire row. The candidate name and facts are clues, not verified bottle data. Do not replay edits, claim a match, create an alias/reference, or add a guessed release. No production write.",""
"2676","Talisker 1982 Cask Strength 20 Year Old","EXISTING — exact bottle verified; no changes","B49820","","Exact marketed expression identified from the source card facts and fresh narrow production search. Release-defining age, vintage, edition, cask code, release year and/or ABV agree where present. No production write.","https://whiskyauctioneer.com/whisky-lot/8213557/talisker-1982-cask-strength-20-year-old"
"2677","Talisker 2009 Natural Cask Strength 8 Year Old","EXISTING — exact bottle verified; no changes","B2980","","Exact marketed expression identified from the source card facts and fresh narrow production search. Release-defining age, vintage, edition, cask code, release year and/or ABV agree where present. No production write.","https://whiskyauctioneer.com/whisky-lot/8213514/talisker-2009-natural-cask-strength-8-year-old"
"2679","Original source missing — Talisker Select Reserve - House Greyjoy Game of Thrones candidate only","SKIPPED — unresolved identity","B2982 (unverified historical candidate)","entire release","No original auction title, lot URL, source image or verified source join survives. All recovered observation sets, the v2 comparison and the source index were checked. Historical candidate notes only: {""abv"":45.8}. Skip the entire row. The candidate name and facts are clues, not verified bottle data. Do not replay edits, claim a match, create an alias/reference, or add a guessed release. No production write.",""
"2684","Teaninich 1973 Rare Malts Selection 23 Year Old","EXISTING — exact bottle verified; no changes","B5436","","Exact marketed expression identified from the source title, source card facts and fresh production search. The release-defining age, vintage, edition, cask code, release year and/or ABV agree where those facts are present. No production write.","https://whiskyauctioneer.com/whisky-lot/5283752/teaninich-1973-rare-malts-selection-23-year-old"
"2688","Original source missing — Tomatin 40-year-old Limited Edition candidate only","SKIPPED — unresolved identity","B5120 (unverified historical candidate)","entire release","No original auction title, lot URL, source image or verified source join survives. All recovered observation sets, the v2 comparison and the source index were checked. Historical candidate notes only: {""abv"":46}. Skip the entire row. The candidate name and facts are clues, not verified bottle data. Do not replay edits, claim a match, create an alias/reference, or add a guessed release. No production write.",""
"2692","Waterford Organic Gaia 2.1","EXISTING — exact identity; data concern recorded","B46738","","Exact marketed expression identified from the source title, source card facts and fresh production search. B12770 also appears to represent Organic Gaia 2.1. Reuse the exact 50% B46738 result; do not create another Bottle or merge records in this run.","https://whiskyauctioneer.com/whisky-lot/8214091/waterford-organic-gaia-21"
"2693","Original source missing — Waterford Ballymorgan: Edition 1.2 Single Farm Origin candidate only","SKIPPED — unresolved identity","B2268 (unverified historical candidate)","entire release","No original auction title, lot URL, source image or verified source join survives. All recovered observation sets, the v2 comparison and the source index were checked. Historical candidate notes only: {""abv"":50}. Skip the entire row. The candidate name and facts are clues, not verified bottle data. Do not replay edits, claim a match, create an alias/reference, or add a guessed release. No production write.",""
"2695","Yamazaki Bourbon Barrel 2013","EXISTING — exact bottle verified; no changes","B51647","","Exact marketed expression identified from the source title, source card facts and fresh production search. The release-defining age, vintage, edition, cask code, release year and/or ABV agree where those facts are present. No production write.","https://whiskyauctioneer.com/whisky-lot/8213573/yamazaki-bourbon-barrel-2013"
"2697","Original source missing — Yamazaki Sherry Cask candidate only","SKIPPED — unresolved identity","","entire release","No original auction title, lot URL, source image or verified source join survives. All recovered observation sets, the v2 comparison and the source index were checked. Historical candidate notes only: ABV 48%; year 2016; bottled/released 2016. Skip the entire row. The candidate name and facts are clues, not verified bottle data. Do not replay edits, claim a match, create an alias/reference, or add a guessed release. No production write.",""
"2750","Original source missing — Dalmore 21-year-old - 43.8% ABV - Oloroso Cask candidate only","SKIPPED — unresolved identity","B43880 (unverified historical candidate)","entire release","No original auction title, lot URL, source image or verified source join survives. All recovered observation sets, the v2 comparison and the source index were checked. Historical candidate notes only: The Dalmore; 21-year-old - 43.8% ABV - Oloroso Cask; age 21; 43.8% ABV; age 21; ABV 42% vs 43.8%. An old accepted-reference claim is contradicted by 42% versus 43.8%; do not trust the reference or patch the candidate without source evidence. Skip the entire row. The candidate name and facts are clues, not verified bottle data. Do not replay edits, claim a match, create an alias/reference, or add a guessed release. No production write.",""
"2853","Caol Ila 25-year-old","EXISTING — identity matched; no changes","B17500","distillers | bottler | noAgeStatement | abv | singleCask | caskStrength | naturalColor | nonChillFiltered | maltPhenolPpm | vintageYear | bottlingYear | releaseYear | releaseMonth | releaseDay | maturation | caskNumber | outturn | flavorProfile | description | image | references","Both recovered lot candidates and stored image match B17500's classic black-label core 25 at 43%. Not Limited Batch B52463 or earlier cask-strength editions. No production changes. Known missing distiller/bottler links, NAS=false, ABV=43 and releaseYear=2010 saved locally. Producer verifies 2010 introduction, not bottling date. Technical flags, vintage, bottling date, precise release date, maturation, cask and outturn unknown. Profile and generated tasting claims unverified; factual description saved. Exact clean 900x1200 Whisky Exchange packshot saved to replace the current low-resolution thumbnail after authenticated preflight. Names preserved, aliases empty, references unresolved.","https://whiskyauctioneer.com/whisky-lot/5280723/caol-ila-25-year-old | https://whiskyauctioneer.com/whisky-lot/8022302/caol-ila-25-year-old | https://www.malts.com/en/products/caol-ila-25-year-old-single-malt-scotch-whisky-70cl | https://www.thewhiskyexchange.com/p/12105/caol-ila-25-year-old"
"2880","Original source missing — Aberfeldy 21-year-old candidate only","SKIPPED — unresolved identity","B42866 (unverified historical candidate)","entire release","No original auction title, lot URL, source image or verified source join survives. All recovered observation sets, the v2 comparison and the source index were checked. Historical candidate notes only: Aberfeldy; 21-year-old; age 19; age 21 vs 19. An old exact-title claim is contradicted by age twenty-one versus nineteen. Do not assume which current field was wrong. Skip the entire row. The candidate name and facts are clues, not verified bottle data. Do not replay edits, claim a match, create an alias/reference, or add a guessed release. No production write.",""
"2905","Caol Ila 18-year-old","EXISTING — identity matched; no changes","B18750","distillers | bottler | noAgeStatement | abv | singleCask | caskStrength | naturalColor | nonChillFiltered | maltPhenolPpm | vintageYear | bottlingYear | releaseYear | releaseMonth | releaseDay | maturation | caskNumber | outturn | flavorProfile | description | image | references","Exact yellow-label core 18 at 43% matches B18750. Not Unpeated 2017 or an independent bottling. No production changes. Known missing distiller/bottler links, NAS=false and ABV=43 saved locally. Retailer colouring claim unconfirmed; leave naturalColor null. Other technical flags, dates, maturation, cask and outturn unknown. Profile and generated tasting claims unverified; factual description saved. Current Bottle has no image; exact clean 900x1200 Whisky Exchange stock image saved for authenticated preflight. Box artwork variation is not a new edition. Names preserved, aliases empty, references unresolved.","https://whiskyauctioneer.com/whisky-lot/5283283/caol-ila-18-year-old | https://www.malts.com/en-gb/products/caol-ila-18-year-old-single-malt-scotch-whisky | https://www.thewhiskyexchange.com/p/1624/caol-ila-18-year-old"
"2931","Original source missing — Glenmorangie The Lasanta candidate only","SKIPPED — unresolved identity","B44003 (unverified historical candidate)","entire release","No original auction title, lot URL, source image or verified source join survives. All recovered observation sets, the v2 comparison and the source index were checked. Historical candidate notes only: Glenmorangie; The Lasanta; age 12; 43% ABV; ABV 46% vs 43%. An old exact-title claim is contradicted by 46% versus 43%; preserve the candidate rather than collapse different Lasanta versions. Skip the entire row. The candidate name and facts are clues, not verified bottle data. Do not replay edits, claim a match, create an alias/reference, or add a guessed release. No production write.",""
"3033","Rare Malts Selection Selection Box Set 2: Brora, Caol Ila, Dailuaine, Glendulan & Teaninich","SKIPPED — multi-bottle set","","entire release","Exact lot and image show five separate 20cl whiskies, not one Bottle release. Do not create a combined Bottle, assign several distillers to a made-up blend, or copy the 60.75-64.8% range into one ABV. Label facts and candidate component audit rows are saved as review leads only; none is a verified Peated match. Hold this set row and review each component separately. No production write.","https://whiskyauctioneer.com/whisky-lot/8213887/rare-malts-selection-selection-box-set-2-brora-caol-ila-dailuaine-glendulan"
