"lot_id","source_url","audit_row","upstream_title","mapping_kind","catalog_status","peated_ids","possible_peated_ids","catalog_bottle","reason"
"5014410","https://whiskyauctioneer.com/learn/explore-whisky/bottles/caol-ila-2011-9-year-old-0?v=5014410","1675","Caol Ila 2011 9 Year Old","final_evidence","ADDED — optional facts left blank","B52806","","Kingsbury Caol Ila","The exact distillation and bottling dates, release year and date, series, edition, malt phenol PPM and flavor profile remain unknown. Do not calculate or infer dates beyond the printed years. The 70cl package volume and individual bottle numbers are not editable Bottle identity fields. Exact clean front and back images saved locally. Upload pending because the JSON CLI does not accept multipart files."
"5040153","https://whiskyauctioneer.com/whisky-lot/5040153/hibiki-japanese-harmony-ryusui-hyakka","2344","Hibiki Japanese Harmony Ryusui-Hyakka","review_lead_only","needs_review","","","","This source URL was a review lead. The audit did not use it as final URL-level evidence for a Peated mapping."
"5040160","https://whiskyauctioneer.com/whisky-lot/5040160/hibiki-japanese-harmony-ryusui-hyakka","2344","Hibiki Japanese Harmony Ryusui-Hyakka","review_lead_only","needs_review","","","","This source URL was a review lead. The audit did not use it as final URL-level evidence for a Peated mapping."
"5068596","https://whiskyauctioneer.com/whisky-lot/5068596/macallan-x-jordi-roca-harmony-collection-rich-cacao","2321","Macallan x Jordi Roca The Harmony Collection - Rich Cacao","final_evidence","EXISTING — exact identity; data concern recorded","B1834","","Macallan x Jordi Roca The Harmony Collection - Rich Cacao","Exact marketed expression identified from the source card facts and fresh narrow production searches. The existing Bottle incorrectly carries statedAge 12. Rich Cacao is a no-age-statement release; this identity match does not approve that value. No production write."
"5231483","https://whiskyauctioneer.com/whisky-lot/5231483/caol-ila-2011-9-year-old","1675","Caol Ila 2011 9 Year Old","review_lead_only","needs_review","","","","This source URL was a review lead. The audit did not use it as final URL-level evidence for a Peated mapping."
"5231484","https://whiskyauctioneer.com/whisky-lot/5231484/caol-ila-2011-9-year-old","1675","Caol Ila 2011 9 Year Old","review_lead_only","needs_review","","","","This source URL was a review lead. The audit did not use it as final URL-level evidence for a Peated mapping."
"5231485","https://whiskyauctioneer.com/whisky-lot/5231485/caol-ila-2011-9-year-old","1675","Caol Ila 2011 9 Year Old","final_evidence","ADDED — optional facts left blank","B52806","","Kingsbury Caol Ila","The exact distillation and bottling dates, release year and date, series, edition, malt phenol PPM and flavor profile remain unknown. Do not calculate or infer dates beyond the printed years. The 70cl package volume and individual bottle numbers are not editable Bottle identity fields. Exact clean front and back images saved locally. Upload pending because the JSON CLI does not accept multipart files."
"5231486","https://whiskyauctioneer.com/whisky-lot/5231486/caol-ila-2011-9-year-old","1675","Caol Ila 2011 9 Year Old","review_lead_only","needs_review","","","","This source URL was a review lead. The audit did not use it as final URL-level evidence for a Peated mapping."
"5231487","https://whiskyauctioneer.com/whisky-lot/5231487/caol-ila-2011-9-year-old","1675","Caol Ila 2011 9 Year Old","review_lead_only","needs_review","","","","This source URL was a review lead. The audit did not use it as final URL-level evidence for a Peated mapping."
"5231488","https://whiskyauctioneer.com/whisky-lot/5231488/caol-ila-2011-9-year-old","1675","Caol Ila 2011 9 Year Old","review_lead_only","needs_review","","","","This source URL was a review lead. The audit did not use it as final URL-level evidence for a Peated mapping."
"5231489","https://whiskyauctioneer.com/whisky-lot/5231489/caol-ila-2011-9-year-old","1675","Caol Ila 2011 9 Year Old","review_lead_only","needs_review","","","","This source URL was a review lead. The audit did not use it as final URL-level evidence for a Peated mapping."
"5231490","https://whiskyauctioneer.com/whisky-lot/5231490/caol-ila-2011-9-year-old","1675","Caol Ila 2011 9 Year Old","review_lead_only","needs_review","","","","This source URL was a review lead. The audit did not use it as final URL-level evidence for a Peated mapping."
"5242719","https://whiskyauctioneer.com/whisky-lot/5242719/dailuaine-1975-50-year-old","44","Dailuaine 1975 50 Year Old","review_lead_only","created_verified","","","","This source URL was a review lead. The audit did not use it as final URL-level evidence for a Peated mapping."
"5242720","https://whiskyauctioneer.com/whisky-lot/5242720/dailuaine-1975-50-year-old","44","Dailuaine 1975 50 Year Old","final_evidence","ADDED — optional facts left blank","B52557","","Kingsbury Dailuaine","Series, edition, cask strength, natural colour, chill filtration, malt PPM, release dates and flavor profile are not verified. Whiskybase calls the presentation Celtic Series, but no exact producer material or printed series wording confirms it. Leave series null and retain that claim as a flag. The brand owner's current page describes two other ranges, Cask Strength Series and Limited Editions Series; it does not identify these exact Celtic-style releases. Neither technical claims from those ranges nor the 46% reduced-strength policy is transferred to these bottles. Bottled 2025 does not prove releaseYear 2025. Physical bottle numbers and laser lot codes are not cask identifiers or release dates. Exact clean stock image inspected and saved locally. Not uploaded: the current JSON CLI does not accept multipart images. No direct credential-based upload attempted."
"5242721","https://whiskyauctioneer.com/whisky-lot/5242721/dailuaine-1975-50-year-old","44","Dailuaine 1975 50 Year Old","review_lead_only","created_verified","","","","This source URL was a review lead. The audit did not use it as final URL-level evidence for a Peated mapping."
"5242722","https://whiskyauctioneer.com/whisky-lot/5242722/glenburgie-1975-50-year-old","47","Glenburgie 1975 50 Year Old","review_lead_only","created_verified","","","","This source URL was a review lead. The audit did not use it as final URL-level evidence for a Peated mapping."
"5242723","https://whiskyauctioneer.com/whisky-lot/5242723/glenburgie-1975-50-year-old","47","Glenburgie 1975 50 Year Old","review_lead_only","created_verified","","","","This source URL was a review lead. The audit did not use it as final URL-level evidence for a Peated mapping."
"5242724","https://whiskyauctioneer.com/whisky-lot/5242724/glenburgie-1975-50-year-old","47","Glenburgie 1975 50 Year Old","final_evidence","ADDED — optional facts left blank","B52558","","Kingsbury Glenburgie","Series, edition, cask strength, natural colour, chill filtration, malt PPM, release dates and flavor profile are not verified. Whiskybase calls the presentation Celtic Series, but no exact producer material or printed series wording confirms it. Leave series null and retain that claim as a flag. The brand owner's current page describes two other ranges, Cask Strength Series and Limited Editions Series; it does not identify these exact Celtic-style releases. Neither technical claims from those ranges nor the 46% reduced-strength policy is transferred to these bottles. Bottled 2025 does not prove releaseYear 2025. Physical bottle numbers and laser lot codes are not cask identifiers or release dates. Exact clean stock image inspected and saved locally. Not uploaded: the current JSON CLI does not accept multipart images. No direct credential-based upload attempted."
"5246863e","https://whiskyauctioneer.com/whisky-lot/5246863e/dalmore-five-decades-collection-40-year-old","530","Dalmore The Five Decades Collection 40 Year Old","review_lead_only","historical_create_recorded","","","","This source URL was a review lead. The audit did not use it as final URL-level evidence for a Peated mapping."
"5251817","https://whiskyauctioneer.com/learn/explore-whisky/bottles/caol-ila-1980-cadenheads-authentic-collection-36-year-old?v=5251817","1925","Caol Ila 1980 Cadenhead's Authentic Collection 36 Year Old","final_evidence","ADDED — optional facts left blank","B52809","","Cadenhead's Caol Ila","Exact distillation and bottling days, cask number, cask-strength status, release day, color and filtration claims, malt phenol PPM and flavor profile remain unknown. Exact clean image saved locally. Upload pending because the JSON CLI does not accept multipart files."
"5264044a","https://whiskyauctioneer.com/whisky-lot/5264044a/macallan-1993-32-year-old","15","Macallan 1993 32 Year Old","review_lead_only","created_verified","","","","This source URL was a review lead. The audit did not use it as final URL-level evidence for a Peated mapping."
"5264049","https://whiskyauctioneer.com/whisky-lot/5264049/macallan-1993-32-year-old","15","Macallan 1993 32 Year Old","review_lead_only","created_verified","","","","This source URL was a review lead. The audit did not use it as final URL-level evidence for a Peated mapping."
"5264050","https://whiskyauctioneer.com/whisky-lot/5264050/macallan-1993-32-year-old","15","Macallan 1993 32 Year Old","review_lead_only","created_verified","","","","This source URL was a review lead. The audit did not use it as final URL-level evidence for a Peated mapping."
"5264051","https://whiskyauctioneer.com/whisky-lot/5264051/macallan-1993-32-year-old","15","Macallan 1993 32 Year Old","review_lead_only","created_verified","","","","This source URL was a review lead. The audit did not use it as final URL-level evidence for a Peated mapping."
"5264052","https://whiskyauctioneer.com/whisky-lot/5264052/macallan-1993-32-year-old","15","Macallan 1993 32 Year Old","review_lead_only","created_verified","","","","This source URL was a review lead. The audit did not use it as final URL-level evidence for a Peated mapping."
"5264103a","https://whiskyauctioneer.com/whisky-lot/5264103a/royal-brackla-1993-32-year-old","18","Royal Brackla 1993 32 Year Old","review_lead_only","created_verified","","","","This source URL was a review lead. The audit did not use it as final URL-level evidence for a Peated mapping."
"5264113","https://whiskyauctioneer.com/whisky-lot/5264113/royal-brackla-1993-32-year-old","18","Royal Brackla 1993 32 Year Old","review_lead_only","created_verified","","","","This source URL was a review lead. The audit did not use it as final URL-level evidence for a Peated mapping."
"5264114","https://whiskyauctioneer.com/whisky-lot/5264114/royal-brackla-1993-32-year-old","18","Royal Brackla 1993 32 Year Old","review_lead_only","created_verified","","","","This source URL was a review lead. The audit did not use it as final URL-level evidence for a Peated mapping."
"5264115","https://whiskyauctioneer.com/whisky-lot/5264115/royal-brackla-1993-32-year-old","18","Royal Brackla 1993 32 Year Old","review_lead_only","created_verified","","","","This source URL was a review lead. The audit did not use it as final URL-level evidence for a Peated mapping."
"5264116","https://whiskyauctioneer.com/whisky-lot/5264116/royal-brackla-1993-32-year-old","18","Royal Brackla 1993 32 Year Old","review_lead_only","created_verified","","","","This source URL was a review lead. The audit did not use it as final URL-level evidence for a Peated mapping."
"5266272a","https://whiskyauctioneer.com/whisky-lot/5266272a/macallan-2007-diamonds-are-forever-18-year-old-55th-anniversary-release","2347","Macallan 2007 Diamonds Are Forever 18 Year Old - 55th Anniversary Release","final_evidence","EXISTING — exact bottle verified; no changes","B45446","","Macallan 2007 Diamonds Are Forever 18 Year Old - 55th Anniversary Release","Exact marketed expression identified from the source title, source card facts and fresh production search. The release-defining age, vintage, edition, cask code, release year and/or ABV agree where those facts are present. No production write."
"5266609","https://whiskyauctioneer.com/whisky-lot/5266609/chichibu-2016-japanese-craft-whisky-collection","114","Chichibu 2016 Japanese Craft Whisky Collection","final_evidence","SKIPPED — unresolved identity","","","Chichibu 2016 Japanese Craft Whisky Collection","Recovered row combines two distinct releases with the same title. Lot 5266609 is cask 5617, bottled 2023, 64.6%, 193 bottles, Bourbon Barrel 1st Fill. Lot 5266669 is cask 6865, bottled 2024, 59.4%, 198 bottles, Virgin oak barrel. No single Bottle can represent both. Skip this row; preserve both candidate identities for a separately reviewed split. Brand/series dependencies are not created. No age is inferred from years. Exact 5617 front/back images are saved locally; 6865 label still needs inspection. All 89 Chichibu catalog records were reviewed, and no exact 5617 match found. Do not claim a match or create from a conflated input."
"5266669","https://whiskyauctioneer.com/whisky-lot/5266669/chichibu-2016-japanese-craft-whisky-collection","114","Chichibu 2016 Japanese Craft Whisky Collection","final_evidence","SKIPPED — unresolved identity","","","Chichibu 2016 Japanese Craft Whisky Collection","Recovered row combines two distinct releases with the same title. Lot 5266609 is cask 5617, bottled 2023, 64.6%, 193 bottles, Bourbon Barrel 1st Fill. Lot 5266669 is cask 6865, bottled 2024, 59.4%, 198 bottles, Virgin oak barrel. No single Bottle can represent both. Skip this row; preserve both candidate identities for a separately reviewed split. Brand/series dependencies are not created. No age is inferred from years. Exact 5617 front/back images are saved locally; 6865 label still needs inspection. All 89 Chichibu catalog records were reviewed, and no exact 5617 match found. Do not claim a match or create from a conflated input."
"5266690","https://whiskyauctioneer.com/whisky-lot/5266690/chichibu-2015","24","Chichibu 2015","review_lead_only","created_verified","","","","This source URL was a review lead. The audit did not use it as final URL-level evidence for a Peated mapping."
"5266711","https://whiskyauctioneer.com/whisky-lot/5266711/chichibu-2015","24","Chichibu 2015","review_lead_only","created_verified","","","","This source URL was a review lead. The audit did not use it as final URL-level evidence for a Peated mapping."
"5266735","https://whiskyauctioneer.com/whisky-lot/5266735/chichibu-2015","24","Chichibu 2015","final_evidence","ADDED — optional facts left blank","B52469","","Ichiro's Chichibu - 佛像與武甲山","Stated age and confirmed no-age-statement status stay null: the available small front-label text is not clear enough to positively establish either. Do not subtract 2015 from 2023 to assign an age. Cask strength, natural colour, non-chill filtration and malt PPM are not independently established by sufficiently clear product evidence; Whiskybase technical flags alone are not used. Release year and exact month/day stay null: a 2023 bottling or Taiwan edition description is not an explicit first-sale date. No flavor classification inferred. No English translation is added as a marketed alias. Kuva's staged photo is rejected; use Le Wine's clean packshot."
"5266855","https://whiskyauctioneer.com/whisky-lot/5266855/chichibu-2015","24","Chichibu 2015","review_lead_only","created_verified","","","","This source URL was a review lead. The audit did not use it as final URL-level evidence for a Peated mapping."
"5270454","https://whiskyauctioneer.com/whisky-lot/5270454/macallan-18-year-old-annual-2017-release","58","Macallan 18 Year Old Annual 2017 Release","review_lead_only","held_conflicting_existing_identity","","","","This source URL was a review lead. The audit did not use it as final URL-level evidence for a Peated mapping."
"5270456","https://whiskyauctioneer.com/whisky-lot/5270456/macallan-18-year-old-annual-2017-release","58","Macallan 18 Year Old Annual 2017 Release","review_lead_only","held_conflicting_existing_identity","","","","This source URL was a review lead. The audit did not use it as final URL-level evidence for a Peated mapping."
"5271540","https://whiskyauctioneer.com/whisky-lot/5271540/karuizawa-1999-2000-36-views-mount-fuji-batch-13","868","Karuizawa 1999-2000 36 Views of Mount Fuji Batch 13","review_lead_only","historical_create_recorded","","","","This source URL was a review lead. The audit did not use it as final URL-level evidence for a Peated mapping."
"5271902","https://whiskyauctioneer.com/whisky-lot/5271902/glenfarclas-50-year-old-collector-series-iii","48","Glenfarclas 50 Year Old Collector Series III","review_lead_only","held_possible_existing_match","","","","This source URL was a review lead. The audit did not use it as final URL-level evidence for a Peated mapping."
"5271903","https://whiskyauctioneer.com/whisky-lot/5271903/hennessy-first-landing","1498","Hennessy First Landing","final_evidence","SKIPPED — not whisky","","","Hennessy First Landing","Exact bottle engraving reads Cognac, Hennessy and First Landing 1868. Independent auction evidence also identifies First Landing as cognac. Exclude the entire row; do not treat 1868 as a whisky vintage. No production write."
"5271904","https://whiskyauctioneer.com/whisky-lot/5271904/lagavulin-1976-37-year-old","2391","Lagavulin 1976 37 Year Old","final_evidence","EXISTING — exact bottle verified; no changes","B4320","","Lagavulin 1976 37 Year Old","Exact marketed expression identified from the source title, source card facts and fresh production search. The release-defining age, vintage, edition, cask code, release year and/or ABV agree where those facts are present. No production write."
"5271916","https://whiskyauctioneer.com/whisky-lot/5271916/glenfarclas-50-year-old-collector-series-iii","48","Glenfarclas 50 Year Old Collector Series III","final_evidence","SKIPPED — unresolved identity","","B15940","Glenfarclas 50 Year Old Collector Series III","Skip; do not create or overwrite. Complete 202-Bottle Glenfarclas inventory and Family Collector search reviewed. B15940 is an age-50 record with no ABV, edition, year, image or release-specific description. Its only reference R2256 is the broad string Glenfarclas 50-year-old. It could be this 2015 Family Collector Series III release, but neither the record nor its reference proves that match. It was created in 2024, so date alone does not rule it out. All other age-50 records have explicit different vintages or casks, including B52435 at 43% from 1963/cask 174, not the 41.1% Series III. Do not add a possible duplicate or assign exact facts to the generic record. No production changes."
"5271935","https://whiskyauctioneer.com/whisky-lot/5271935/balvenie-1978-single-barrel-25-year-old","2336","Balvenie 1978 Single Barrel 25 Year Old","final_evidence","ADDED — optional facts left blank","B52837","","The Balvenie Single Barrel Traditional Oak","Release date, cask-strength, color and filtration claims, exact outturn, malt phenol PPM and flavor profile remain unknown. Bottle number is an item attribute, not an editable Bottle field."
"5271940","https://whiskyauctioneer.com/whisky-lot/5271940/caol-ila-22-year-old-special-festival-edition","438","Caol Ila 22 Year Old Special Festival Edition","final_evidence","EXISTING — identity matched; no changes","B2388","","Caol Ila Special Festival Edition - Fèis Ìle 2019","Exact label matches B2388: age 22, bottled 2019, natural cask strength 58.4%, sherry-treated American oak casks, 3000 bottles. No production changes. Missing distiller link, NAS=false and 27 May 2019 release date saved locally. No vintage inferred from age. Colour, filtration, PPM and cask number unknown. Current profile and generated tasting claims unverified; factual description saved. Stored image identity matches; rough bag edges flagged for quality review, no replacement. Names preserved, aliases empty, protected references unresolved."
"5271944","https://whiskyauctioneer.com/whisky-lot/5271944/glendronach-allardice-18-year-old","2323","Glendronach Allardice 18 Year Old","final_evidence","EXISTING — exact bottle verified; no changes","B4902","","Glendronach Allardice 18 Year Old","Exact marketed expression identified from the source title, source card facts and fresh production search. The release-defining age, vintage, edition, cask code, release year and/or ABV agree where those facts are present. No production write."
"5271945","https://whiskyauctioneer.com/whisky-lot/5271945/glendronach-allardice-18-year-old","2323","Glendronach Allardice 18 Year Old","final_evidence","EXISTING — exact bottle verified; no changes","B4902","","Glendronach Allardice 18 Year Old","Exact marketed expression identified from the source title, source card facts and fresh production search. The release-defining age, vintage, edition, cask code, release year and/or ABV agree where those facts are present. No production write."
"5271946","https://whiskyauctioneer.com/whisky-lot/5271946/glendronach-allardice-18-year-old","2323","Glendronach Allardice 18 Year Old","final_evidence","EXISTING — exact bottle verified; no changes","B4902","","Glendronach Allardice 18 Year Old","Exact marketed expression identified from the source title, source card facts and fresh production search. The release-defining age, vintage, edition, cask code, release year and/or ABV agree where those facts are present. No production write."
"5271948","https://whiskyauctioneer.com/whisky-lot/5271948/longmorn-2003-smws-16-year-old-7255-fruit-jiggle","2622","Longmorn 2003 SMWS 16 Year Old 7.255 - Fruit jiggle","final_evidence","EXISTING — exact bottle verified; no changes","B48134","","Longmorn 2003 SMWS 16 Year Old 7.255 - Fruit jiggle","Exact marketed expression identified from the source title, source card facts and fresh production search. The release-defining age, vintage, edition, cask code, release year and/or ABV agree where those facts are present. No production write."
"5271949","https://whiskyauctioneer.com/whisky-lot/5271949/bowmore-2004-smws-18-year-old-3340-post-sauna-seafood-platter","2462","Bowmore 2004 SMWS 18 Year Old 3.340 - Post-sauna seafood platter","final_evidence","ADDED — optional facts left blank","B52561","","SMWS 3.340 Post-sauna seafood platter","All 26 writable fields and image reviewed. Series, edition, cask strength, natural colour, filtration, malt PPM, bottling year and release dates are unknown. Do not calculate dates from age or copy listing dates. No alias, reference, merge or grouping change is proposed. Rejected B49974 is a different exact cask. Exact clean stock image inspected and saved locally. Not uploaded: the current JSON CLI does not accept multipart images. No direct credential-based upload attempted."
"5271955","https://whiskyauctioneer.com/whisky-lot/5271955/chivas-royal-salute-21-year-old-sapphire-flagon-0","19","Royal Salute 21 Year Old Scotch Whisky - Sapphire Flagon","review_lead_only","matched_existing","","","","This source URL was a review lead. The audit did not use it as final URL-level evidence for a Peated mapping."
"5271956","https://whiskyauctioneer.com/whisky-lot/5271956/royal-salute-21-year-old-scotch-whisky-sapphire-flagon","19","Royal Salute 21 Year Old Scotch Whisky - Sapphire Flagon","review_lead_only","matched_existing","","","","This source URL was a review lead. The audit did not use it as final URL-level evidence for a Peated mapping."
"5271957","https://whiskyauctioneer.com/whisky-lot/5271957/macallan-x-jordi-roca-harmony-collection-rich-cacao","2321","Macallan x Jordi Roca The Harmony Collection - Rich Cacao","final_evidence","EXISTING — exact identity; data concern recorded","B1834","","Macallan x Jordi Roca The Harmony Collection - Rich Cacao","Exact marketed expression identified from the source card facts and fresh narrow production searches. The existing Bottle incorrectly carries statedAge 12. Rich Cacao is a no-age-statement release; this identity match does not approve that value. No production write."
"5271976","https://whiskyauctioneer.com/whisky-lot/5271976/springbank-12-year-old-cask-strength-2020-0","2320","Springbank Cask Strength 12 Year Old","final_evidence","ADDED — optional facts left blank","B52839","","Springbank Cask Strength - Batch 21","Vintage, exact release date, cask numbers, malt phenol PPM and flavor profile remain unknown. Outturn remains null unless an exact bottle count was documented."
"5271983","https://whiskyauctioneer.com/whisky-lot/5271983/indri-2017-single-cask-5-year-old-prineus-gmbh","783","Indri 2017 Single Cask 5 Year Old - Prineus GmbH","final_evidence","SKIPPED — unresolved identity","","","Indri 2017 Single Cask 5 Year Old - Prineus GmbH","Do not create or patch. The auction title and Bottle Details identify a 2017 five-year-old ex-bourbon Indri bottled for Prineus GmbH at 58.5%, but the auction's own exact lot image is a different release: cask 303, an ex-wine Indri distilled in 2015 and bottled at seven years old. Independent records confirm at least two plausible 2017 five-year-old ex-bourbon Prineus releases, casks 2932 and 3045, so the generic auction title cannot identify which one was intended after rejecting the mismatched image. The complete current Indri entity and distiller inventories each contain five Bottles and no Single Cask candidate. Preserve the conflict and image as evidence only; do not upload that image or add a guessed Bottle."
"5271984","https://whiskyauctioneer.com/whisky-lot/5271984/springbank-cask-strength-12-year-old","2320","Springbank Cask Strength 12 Year Old","review_lead_only","needs_review","","","","This source URL was a review lead. The audit did not use it as final URL-level evidence for a Peated mapping."
"5271987","https://whiskyauctioneer.com/whisky-lot/5271987/ardnamurchan-ad-paul-launois-release","2335","Ardnamurchan AD/ Paul Launois Release","final_evidence","EXISTING — exact bottle verified; no changes","B47410","","Ardnamurchan AD/ Paul Launois Release","Exact marketed expression identified from the source card facts and fresh narrow production search. Release-defining age, vintage, edition, cask code, release year and/or ABV agree where present. No production write."
"5271996","https://whiskyauctioneer.com/whisky-lot/5271996/west-midlands-wmd-rowielia","1668","West Midlands WMD Rowielia","review_lead_only","needs_review","","","","This source URL was a review lead. The audit did not use it as final URL-level evidence for a Peated mapping."
"5271999","https://whiskyauctioneer.com/whisky-lot/5271999/royal-salute-21-year-old-scotch-whisky-sapphire-flagon","19","Royal Salute 21 Year Old Scotch Whisky - Sapphire Flagon","final_evidence","EXISTING — identity matched; no changes","B13570","","Royal Salute 21 Year Old Scotch Whisky - Sapphire Flagon","Match the core Royal Salute 21-year blend to B13570, now named The Signature Blend. All 19 Royal Salute entity records and all 20 global search results were reviewed. Producer history explicitly identifies Sapphire, Emerald and Ruby as colour names for the core flagon's evolution. The existing green-flagon image is the historic core 21-year blend, not The Malts Blend. Colour alone does not establish a new Bottle. Old candidate B13885 Beach Polo is a different marketed edition. No production changes. Source lists 40% but the current Bottle ABV is null; no ABV patch or verification is claimed. No exact release or bottling year established. Existing flavour and generated description are not revalidated. Source page image metadata refers to another lot, so it was not treated as a verified exact-lot photo or uploaded. No alias or reference grant is made from the auction packaging title."
"5272446","https://whiskyauctioneer.com/whisky-lot/5272446/springbank-2001-23-year-old","71","Springbank 2001 23 Year Old","review_lead_only","created_verified","","","","This source URL was a review lead. The audit did not use it as final URL-level evidence for a Peated mapping."
"5272447","https://whiskyauctioneer.com/whisky-lot/5272447/springbank-2001-23-year-old","71","Springbank 2001 23 Year Old","final_evidence","ADDED — optional facts left blank","B52553","","Springbank Private Cask Whisky","Bottler, colour, filtration, malt PPM, bottling year and release dates are not established by the exact label. Whiskybase and a retailer using its image claim bottling in 2024, but their independence is not established. Do not calculate dates from age, call Oloroso verified, or promote general Springbank practices to this private bottling. No separate marketed edition, series or flavor classification is established. Exact clean image reviewed and saved locally. Image remains absent in Peated: the current JSON CLI does not support multipart upload. No direct credential-based upload attempted."
"5272448","https://whiskyauctioneer.com/whisky-lot/5272448/springbank-2001-23-year-old","71","Springbank 2001 23 Year Old","review_lead_only","created_verified","","","","This source URL was a review lead. The audit did not use it as final URL-level evidence for a Peated mapping."
"5272551c","https://whiskyauctioneer.com/whisky-lot/5272551c/bowmore-bicentenary-988deg-proof","390","","final_evidence","SKIPPED — unresolved identity","","","Unresolved source row — old SMWS 98.8 claim","Recovered audit says SMWS 98.8 vs missing but names Bowmore 1964 Bicentenary B1249 as its candidate. The current source snapshot and independent Bowmore archive identify a Bicentenary release at 98.8 degrees proof / 56.2% ABV, so the old SMWS-code claim is likely a numeric parser error. No source for a Society release 98.8 was located. The original audit-row title and lot link are still missing, so the suspected Bowmore mapping is not promoted to a verified match. Do not create SMWS 98.8, assign a vintage, or patch B1249 from this evidence. Preserve the possible Bowmore source as a lead and skip the row pending exact source recovery. No production Bottle write."
"5273038b","https://whiskyauctioneer.com/whisky-lot/5273038b/royal-brackla-1926-60-year-old-crystal-decanter","1200","Royal Brackla 1926 60 Year Old - Crystal Decanter","review_lead_only","historical_create_recorded","","","","This source URL was a review lead. The audit did not use it as final URL-level evidence for a Peated mapping."
"5273870b","https://whiskyauctioneer.com/whisky-lot/5273870b/port-ellen-1979-natural-cask-strength-22-year-old-1st-release","2401","Port Ellen 1979 Natural Cask Strength 22 Year Old - 1st Release","final_evidence","EXISTING — exact bottle verified; no changes","B5356","","Port Ellen 1979 Natural Cask Strength 22 Year Old - 1st Release","Exact marketed expression identified from the source card facts and fresh narrow production search. Release-defining age, vintage, edition, cask code, release year and/or ABV agree where present. No production write."
"5274080b","https://whiskyauctioneer.com/whisky-lot/5274080b/karuizawa-1985-hanshin-tigers-17-year-old","863","Karuizawa 1985 Hanshin Tigers 17 Year Old","review_lead_only","historical_create_recorded","","","","This source URL was a review lead. The audit did not use it as final URL-level evidence for a Peated mapping."
"5274139a","https://whiskyauctioneer.com/whisky-lot/5274139a/macallan-royal-marriage","33","Macallan Royal Marriage","review_lead_only","held_possible_existing_match","","","","This source URL was a review lead. The audit did not use it as final URL-level evidence for a Peated mapping."
"5274167a","https://whiskyauctioneer.com/whisky-lot/5274167a/macallan-x-sir-peter-blake-estate-community-and-distillery","5","Macallan x Sir Peter Blake An Estate, A Community and A Distillery","review_lead_only","created_verified","","","","This source URL was a review lead. The audit did not use it as final URL-level evidence for a Peated mapping."
"5274177","https://whiskyauctioneer.com/whisky-lot/5274177/karuizawa-1973-golden-age-showa","161","Karuizawa 1973 The Golden Age of Showa","review_lead_only","historical_create_recorded","","","","This source URL was a review lead. The audit did not use it as final URL-level evidence for a Peated mapping."
"5274187","https://whiskyauctioneer.com/whisky-lot/5274187/karuizawa-1973-golden-age-showa","161","Karuizawa 1973 The Golden Age of Showa","review_lead_only","historical_create_recorded","","","","This source URL was a review lead. The audit did not use it as final URL-level evidence for a Peated mapping."
"5274197","https://whiskyauctioneer.com/whisky-lot/5274197/karuizawa-1974-golden-age-showa","162","Karuizawa 1974 The Golden Age of Showa","review_lead_only","historical_create_recorded","","","","This source URL was a review lead. The audit did not use it as final URL-level evidence for a Peated mapping."
"5274207","https://whiskyauctioneer.com/whisky-lot/5274207/karuizawa-1974-golden-age-showa","162","Karuizawa 1974 The Golden Age of Showa","review_lead_only","historical_create_recorded","","","","This source URL was a review lead. The audit did not use it as final URL-level evidence for a Peated mapping."
"5274359a","https://whiskyauctioneer.com/whisky-lot/5274359a/glenfiddich-12-year-old-special-reserve-0","2341","Glenfiddich Special Reserve","final_evidence","EXISTING — exact bottle verified; no changes","B5164","","Glenfiddich Special Reserve","Exact marketed expression identified from the source title, source card facts and fresh production search. The release-defining age, vintage, edition, cask code, release year and/or ABV agree where those facts are present. No production write."
"5275514a","https://whiskyauctioneer.com/whisky-lot/5275514a/macallan-x-sir-peter-blake-estate-community-and-distillery","5","Macallan x Sir Peter Blake An Estate, A Community and A Distillery","review_lead_only","created_verified","","","","This source URL was a review lead. The audit did not use it as final URL-level evidence for a Peated mapping."
"5275624a","https://whiskyauctioneer.com/whisky-lot/5275624a/macallan-x-sir-peter-blake-estate-community-and-distillery","5","Macallan x Sir Peter Blake An Estate, A Community and A Distillery","review_lead_only","created_verified","","","","This source URL was a review lead. The audit did not use it as final URL-level evidence for a Peated mapping."
"5276576","https://whiskyauctioneer.com/whisky-lot/5276576/macallan-1995-easter-elchies-cask-selection-13-year-old","61","Macallan 1995 Easter Elchies Cask Selection 13 Year Old","review_lead_only","historical_create_recorded","","","","This source URL was a review lead. The audit did not use it as final URL-level evidence for a Peated mapping."
"5278042","https://whiskyauctioneer.com/whisky-lot/5278042/macallan-speyside-15m-2009-small-batch-edition-15-year-old-18","984","Macallan 'Speyside 15(M)' 2009 Small Batch Edition 15 Year Old #18","final_evidence","ADDED — optional facts left blank","B52757","","Signatory Vintage Speyside 15(M) - Small Batch Edition #18","Cask strength, exact bottling day, release date, cask number, outturn, malt PPM and flavor profile remain unknown. March 2025 on the rear label is not precise enough to infer a bottling or release day. No alias or extra reference. Exact clean image saved locally. Upload pending: the JSON CLI does not accept multipart files. No direct credential-based upload attempted."
"5278157a","https://whiskyauctioneer.com/whisky-lot/5278157a/yamazaki-smws-19-year-old-11910-i-wish-it-could-be-christmas-every-day","2408","Yamazaki SMWS 19 Year Old 119.10 - 'I wish it could be Christmas every day'","final_evidence","EXISTING — exact bottle verified; no changes","B51744","","Yamazaki SMWS 19 Year Old 119.10 - 'I wish it could be Christmas every day'","Exact marketed expression identified from the source title, source card facts and fresh production search. The release-defining age, vintage, edition, cask code, release year and/or ABV agree where those facts are present. No production write."
"5278232","https://whiskyauctioneer.com/whisky-lot/5278232/horse-guards-8-year-old-scotch-whisky","1509","Horse Guards 8 Year Old Scotch Whisky","final_evidence","ADDED — optional facts left blank","B52786","","Horse Guards 8-year-old","The component distilleries, exact date, vintage and release year, maturation, cask strength, natural-color and chill-filtration status, cask numbers, outturn, PPM and flavor profile remain unknown. The independent 1960s estimate is not stored as an exact year. Exact clean front and back images saved locally. Upload pending: the JSON CLI does not accept multipart files. No direct credential-based upload attempted."
"5278242","https://whiskyauctioneer.com/whisky-lot/5278242/macallan-25-year-old-annual-2022-release","1","Macallan 25 Year Old Annual 2022 Release","review_lead_only","created_verified","","","","This source URL was a review lead. The audit did not use it as final URL-level evidence for a Peated mapping."
"5278507","https://whiskyauctioneer.com/whisky-lot/5278507/ardnamurchan-ad1014-ck293","6","Ardnamurchan AD/10:14 CK.293","review_lead_only","created_verified","","","","This source URL was a review lead. The audit did not use it as final URL-level evidence for a Peated mapping."
"5278508","https://whiskyauctioneer.com/whisky-lot/5278508/ardnamurchan-ad1014-ck293","6","Ardnamurchan AD/10:14 CK.293","review_lead_only","created_verified","","","","This source URL was a review lead. The audit did not use it as final URL-level evidence for a Peated mapping."
"5278509","https://whiskyauctioneer.com/whisky-lot/5278509/ardnamurchan-ad1014-ck293","6","Ardnamurchan AD/10:14 CK.293","review_lead_only","created_verified","","","","This source URL was a review lead. The audit did not use it as final URL-level evidence for a Peated mapping."
"5278510","https://whiskyauctioneer.com/whisky-lot/5278510/ardnamurchan-ad1014-ck293","6","Ardnamurchan AD/10:14 CK.293","review_lead_only","created_verified","","","","This source URL was a review lead. The audit did not use it as final URL-level evidence for a Peated mapping."
"5278511","https://whiskyauctioneer.com/whisky-lot/5278511/ardnamurchan-ad1014-ck293","6","Ardnamurchan AD/10:14 CK.293","review_lead_only","created_verified","","","","This source URL was a review lead. The audit did not use it as final URL-level evidence for a Peated mapping."
"5278512","https://whiskyauctioneer.com/whisky-lot/5278512/ardnamurchan-ad1014-ck293","6","Ardnamurchan AD/10:14 CK.293","final_evidence","ADDED — optional facts left blank","B52473","","Ardnamurchan AD/","Stated age and confirmed NAS status are not established by the small label text; no age inferred from years. Cask strength has only one exact secondary claim; producer says typically rather than always. Colour, filtration, malt PPM, release date and flavor profile remain null. Unpeated is not converted to numerical zero PPM. No exact release date inferred from the bottling year."
"5278558","https://whiskyauctioneer.com/whisky-lot/5278558/caol-ila-25-year-old-limited-batch","21","Caol Ila 25 Year Old Limited Batch","review_lead_only","created_verified","","","","This source URL was a review lead. The audit did not use it as final URL-level evidence for a Peated mapping."
"5278560","https://whiskyauctioneer.com/whisky-lot/5278560/caol-ila-25-year-old-limited-batch","21","Caol Ila 25 Year Old Limited Batch","final_evidence","ADDED — optional facts left blank","B52463","","Caol Ila Single Malt Scotch Whisky - Limited Batch","Vintage, bottling and release dates, maturation, cask number, single-cask status, cask strength, colour, filtration and PPM are not established. No flavor category inferred. Flora & Fauna is not assigned as a series solely from reused artwork. The archive variant ID is not an image filename: label-21.jpg was an unrelated WhistlePig image and is rejected, never uploaded."
"5278561","https://whiskyauctioneer.com/whisky-lot/5278561/caol-ila-25-year-old-limited-batch","21","Caol Ila 25 Year Old Limited Batch","review_lead_only","created_verified","","","","This source URL was a review lead. The audit did not use it as final URL-level evidence for a Peated mapping."
"5279366","https://whiskyauctioneer.com/whisky-lot/5279366/macallan-x-sir-peter-blake-estate-community-and-distillery","5","Macallan x Sir Peter Blake An Estate, A Community and A Distillery","final_evidence","ADDED — optional facts left blank","B52476","","The Macallan An Estate, A Community and A Distillery","No exact vintage, bottling year, maturation statement, cask number, outturn, cask-strength status, single-cask status, filtration, malt PPM or flavor profile established. Do not copy 1967 vintage or collection-level 13-bottle counts from other Anecdotes works. Month of release is corroborated; day remains null. Natural colour is printed on the selected exact producer image."
"5279488","https://whiskyauctioneer.com/whisky-lot/5279488/tormore-2009-legacy-casks","1308","Tormore 2009 Legacy Casks","review_lead_only","historical_create_recorded","","","","This source URL was a review lead. The audit did not use it as final URL-level evidence for a Peated mapping."
"5279495","https://whiskyauctioneer.com/whisky-lot/5279495/lindores-abbey-aqua-vitae-batch-no001","173","Lindores Abbey Aqua Vitae Batch No.001","review_lead_only","excluded_non_whisky","","","","This source URL was a review lead. The audit did not use it as final URL-level evidence for a Peated mapping."
"5279513","https://whiskyauctioneer.com/whisky-lot/5279513/caol-ila-1966-special-selection-19-year-old","424","Caol Ila 1966 Special Selection 19 Year Old","final_evidence","ADDED — optional facts left blank","B52732","","Intertrade Caol Ila - Special Selection","Single-cask, colour and filtration flags lack corroboration. Auction sherry-cask classification is not producer-worded maturation, so maturation stays null. Malt PPM, release date, cask number and flavor profile remain unknown. Keep the printed Special Selection descriptor in edition, not technical facts in name. No aliases or extra ingestion references. Exact clean image saved locally. Upload pending: the JSON CLI does not accept multipart files. No direct credential-based upload attempted."
"5279579","https://whiskyauctioneer.com/whisky-lot/5279579/balvenie-moscatel-cask-13-year-old","11","Balvenie Moscatel Cask 13 Year Old","final_evidence","ADDED — optional facts left blank","B52477","","The Balvenie Moscatel Cask - Taiwan Exclusive","All dates remain null. Auction 2024 metadata and a production bottle code do not prove a marketed 2024 edition, bottling year or release date. Natural colour, filtration, cask strength, single-cask status, PPM, cask number, outturn and flavor profile are unconfirmed. No age-to-vintage calculation. Cask Finishes membership is not inferred merely from finishing. Taiwan Exclusive is explicitly marketed and printed."
"5279585","https://whiskyauctioneer.com/whisky-lot/5279585/lakes-whiskymakers-reserve-no7","2601","Lakes The Whiskymaker's Reserve No.7","final_evidence","EXISTING — exact bottle verified; no changes","B46017","","Lakes The Whiskymaker's Reserve No.7","Exact marketed expression identified from the source card facts and fresh narrow production search. Release-defining age, vintage, edition, cask code, release year and/or ABV agree where present. No production write."
"5279751","https://whiskyauctioneer.com/learn/explore-whisky/bottles/cockburn-6-year-old-single-malt?v=5279751","1358","Cockburn 6 Year Old Single Malt","final_evidence","ADDED — optional facts left blank","B52776","","Cockburn Single Malt","The actual distillery and bottler, exact bottling and release dates, cask strength, color and filtration claims, cask number, outturn, PPM and flavor profile remain unknown. The 1990s date is an auction estimate and is not stored as an exact year. Istituto Enologico Italiano is named only as importer and distributor, so it is not stored as bottler. Exact clean image saved locally. Upload pending: the JSON CLI does not accept multipart files. No direct credential-based upload attempted."
"5279763","https://whiskyauctioneer.com/whisky-lot/5279763/arran-1997-jambala-estates-27-year-old","20","Arran 1997 Jambala Estates 27 Year Old","review_lead_only","created_verified","","","","This source URL was a review lead. The audit did not use it as final URL-level evidence for a Peated mapping."
"5279764","https://whiskyauctioneer.com/whisky-lot/5279764/arran-1997-jambala-estates-27-year-old","20","Arran 1997 Jambala Estates 27 Year Old","review_lead_only","created_verified","","","","This source URL was a review lead. The audit did not use it as final URL-level evidence for a Peated mapping."
"5279765","https://whiskyauctioneer.com/whisky-lot/5279765/arran-1997-jambala-estates-27-year-old","20","Arran 1997 Jambala Estates 27 Year Old","review_lead_only","created_verified","","","","This source URL was a review lead. The audit did not use it as final URL-level evidence for a Peated mapping."
"5279766","https://whiskyauctioneer.com/whisky-lot/5279766/arran-1997-jambala-estates-27-year-old","20","Arran 1997 Jambala Estates 27 Year Old","review_lead_only","created_verified","","","","This source URL was a review lead. The audit did not use it as final URL-level evidence for a Peated mapping."
"5279767","https://whiskyauctioneer.com/whisky-lot/5279767/macallan-x-cirque-du-soleil-harmony-collection-guardian-oak","66","Macallan x Cirque du Soleil The Harmony Collection - Guardian Oak","final_evidence","ADDED — optional facts left blank","B52491","","The Macallan Guardian Oak","No stated age, vintage, verified bottling year, exact release day, cask strength, filtration, malt PPM, cask number, outturn or flavor profile. The 2024 announcement and image filename do not prove bottling or availability; the producer states January 2025. No separate marketed edition descriptor is evidenced. Natural colour and multi-cask composition are verified, not inferred from generic brand practice."
"5279964","https://whiskyauctioneer.com/whisky-lot/5279964/kentucky-owl-11-year-old-small-batch-rye-batch-1","2593","Kentucky Owl 11 Year Old Small Batch Rye Batch #1","final_evidence","EXISTING — exact bottle verified; no changes","B14175","","Kentucky Owl 11 Year Old Small Batch Rye Batch #1","Exact marketed expression identified from the source card facts and fresh narrow production search. Release-defining age, vintage, edition, cask code, release year and/or ABV agree where present. No production write."
"5280090","https://whiskyauctioneer.com/whisky-lot/5280090/kanosuke-2020-duty-paid-bottle-mizunara-puncheon","159","Kanosuke 2020 Duty Paid Bottle - Mizunara Puncheon","final_evidence","SKIPPED — unresolved identity","","","Kanosuke 2020 Duty Paid Bottle Mizunara Puncheon","Both recovered auction lots claim a 2025 bottling and age 5. Both readable physical labels instead state distilled August 2020 and aged 67 months, which cannot end in 2025. Labels agree on Duty Paid Bottle, single malt, unpeated, Mizunara Puncheon, 61% and /100. No actual bottling date is printed. Do not derive 2026, round the stated months into a claimed year age, or select the auction's timeline. No independent exact release source resolved the conflict after English and Japanese searches. All 11 Kanosuke records reviewed; none matches the exact source identity. Hold the release; no Bottle or partial production facts added. Front/back images of both lots remain local evidence."
"5280091","https://whiskyauctioneer.com/whisky-lot/5280091/niigata-kameda-ohtani-whisky","1583","Niigata Kameda Ohtani Whisky","final_evidence","ADDED — optional facts left blank","B52794","","Ohtani Whisky Spanish Oak New Barrel - Whisky Lovers Nagoya 2026","The vintage, exact age, cask number, outturn, malt phenol PPM, flavor profile and exact release month and day remain unknown. A specialist guessed three years and 80 ppm but explicitly described those details as uncertain, so they are not stored. Exact clean front and back images saved locally. Upload pending: the JSON CLI does not accept multipart files. No direct credential-based upload attempted."
"5280097","https://whiskyauctioneer.com/whisky-lot/5280097/kanosuke-2020","158","Kanosuke 2020","review_lead_only","created_verified","","","","This source URL was a review lead. The audit did not use it as final URL-level evidence for a Peated mapping."
"5280099","https://whiskyauctioneer.com/whisky-lot/5280099/kanosuke-2018","157","Kanosuke 2018","review_lead_only","created_verified","","","","This source URL was a review lead. The audit did not use it as final URL-level evidence for a Peated mapping."
"5280123","https://whiskyauctioneer.com/whisky-lot/5280123/springbank-cask-strength-12-year-old","2320","Springbank Cask Strength 12 Year Old","review_lead_only","needs_review","","","","This source URL was a review lead. The audit did not use it as final URL-level evidence for a Peated mapping."
"5280129","https://whiskyauctioneer.com/whisky-lot/5280129/springbank-cask-strength-12-year-old","2320","Springbank Cask Strength 12 Year Old","review_lead_only","needs_review","","","","This source URL was a review lead. The audit did not use it as final URL-level evidence for a Peated mapping."
"5280132","https://whiskyauctioneer.com/whisky-lot/5280132/ardnahoe-7-year-old","87","Ardnahoe 7 Year Old","review_lead_only","matched_existing","","","","This source URL was a review lead. The audit did not use it as final URL-level evidence for a Peated mapping."
"5280137","https://whiskyauctioneer.com/whisky-lot/5280137/springbank-cask-strength-12-year-old","2320","Springbank Cask Strength 12 Year Old","final_evidence","ADDED — optional facts left blank","B52842","","Springbank Cask Strength - Batch 25","Vintage, exact release date, cask numbers, malt phenol PPM and flavor profile remain unknown. Outturn remains null unless an exact bottle count was documented."
"5280139","https://whiskyauctioneer.com/whisky-lot/5280139/macallan-2008-smws-16-year-old-24182-upper-crust-custard","2631","Macallan 2008 SMWS 16 Year Old 24.182 - Upper-crust custard","final_evidence","EXISTING — exact bottle verified; no changes","B43426","","Macallan 2008 SMWS 16 Year Old 24.182 - Upper-crust custard","Exact marketed expression identified from the source card facts and fresh narrow production search. Release-defining age, vintage, edition, cask code, release year and/or ABV agree where present. No production write."
"5280154","https://whiskyauctioneer.com/whisky-lot/5280154/famous-grouse-finest-scotch-whisky","46","Famous Grouse Finest Scotch Whisky","final_evidence","EXISTING — identity matched; no changes","B47033","","Famous Grouse Finest Scotch Whisky","All three recovered candidates are the ordinary 40% Famous Grouse blend, in 70cl or 75cl older packaging. Exact source labels and B47033's stored retailer image agree with the core blend. All 12 Famous Grouse records reviewed; no separate edition established. Match B47033 without a new bottle, alias or reference. Identity match only, no production edit. Current ABV suffix in the name is generated; record for later name review, do not silently rename. Source names Matthew Gloag & Son as blender/bottler, but do not apply a historical bottler to an undated general record without reviewing its full scope. No bottling/release date inferred from old packaging or the 1980s estimate. Existing descriptive tasting claims and flavor profile were not independently validated; remaining technical facts stay unasserted."
"5280156","https://whiskyauctioneer.com/whisky-lot/5280156/famous-grouse-finest-scotch-whisky","46","Famous Grouse Finest Scotch Whisky","final_evidence","EXISTING — identity matched; no changes","B47033","","Famous Grouse Finest Scotch Whisky","All three recovered candidates are the ordinary 40% Famous Grouse blend, in 70cl or 75cl older packaging. Exact source labels and B47033's stored retailer image agree with the core blend. All 12 Famous Grouse records reviewed; no separate edition established. Match B47033 without a new bottle, alias or reference. Identity match only, no production edit. Current ABV suffix in the name is generated; record for later name review, do not silently rename. Source names Matthew Gloag & Son as blender/bottler, but do not apply a historical bottler to an undated general record without reviewing its full scope. No bottling/release date inferred from old packaging or the 1980s estimate. Existing descriptive tasting claims and flavor profile were not independently validated; remaining technical facts stay unasserted."
"5280185","https://whiskyauctioneer.com/whisky-lot/5280185/glenfiddich-special-reserve","2341","Glenfiddich Special Reserve","final_evidence","EXISTING — exact bottle verified; no changes","B5164","","Glenfiddich Special Reserve","Exact marketed expression identified from the source title, source card facts and fresh production search. The release-defining age, vintage, edition, cask code, release year and/or ABV agree where those facts are present. No production write."
"5280187","https://whiskyauctioneer.com/whisky-lot/5280187/knockando-1979","2142","Knockando 1979","review_lead_only","historical_create_recorded","","","","This source URL was a review lead. The audit did not use it as final URL-level evidence for a Peated mapping."
"5280188","https://whiskyauctioneer.com/whisky-lot/5280188/dimple-15-year-old-scotch-whisky","1447","Dimple 15 Year Old Scotch Whisky","review_lead_only","historical_create_recorded","","","","This source URL was a review lead. The audit did not use it as final URL-level evidence for a Peated mapping."
"5280198","https://whiskyauctioneer.com/whisky-lot/5280198/macallan-edition-no6","2329","Macallan Edition No.6","final_evidence","EXISTING — exact identity; data concern recorded","B2175","","Macallan Edition No.6","Exact marketed expression identified from the source card facts and fresh narrow production searches. The existing Bottle incorrectly carries statedAge 10. Edition No. 6 is a no-age-statement release; this identity match does not approve that value. No production write."
"5280200","https://whiskyauctioneer.com/whisky-lot/5280200/macallan-edition-no6","2329","Macallan Edition No.6","final_evidence","EXISTING — exact identity; data concern recorded","B2175","","Macallan Edition No.6","Exact marketed expression identified from the source card facts and fresh narrow production searches. The existing Bottle incorrectly carries statedAge 10. Edition No. 6 is a no-age-statement release; this identity match does not approve that value. No production write."
"5280217","https://whiskyauctioneer.com/whisky-lot/5280217/yamazaki-12-year-old-suntory-pure-malt","10","Yamazaki 12 Year Old Suntory Pure Malt","review_lead_only","matched_existing","","","","This source URL was a review lead. The audit did not use it as final URL-level evidence for a Peated mapping."
"5280221","https://whiskyauctioneer.com/whisky-lot/5280221/yamazaki-12-year-old-suntory-pure-malt","10","Yamazaki 12 Year Old Suntory Pure Malt","review_lead_only","matched_existing","","","","This source URL was a review lead. The audit did not use it as final URL-level evidence for a Peated mapping."
"5280224","https://whiskyauctioneer.com/whisky-lot/5280224/yamazaki-12-year-old-suntory-pure-malt","10","Yamazaki 12 Year Old Suntory Pure Malt","review_lead_only","matched_existing","","","","This source URL was a review lead. The audit did not use it as final URL-level evidence for a Peated mapping."
"5280232","https://whiskyauctioneer.com/whisky-lot/5280232/yamazaki-12-year-old-suntory-pure-malt","10","Yamazaki 12 Year Old Suntory Pure Malt","review_lead_only","matched_existing","","","","This source URL was a review lead. The audit did not use it as final URL-level evidence for a Peated mapping."
"5280242","https://whiskyauctioneer.com/whisky-lot/5280242/macallan-fine-oak-21-year-old","2333","Macallan Fine Oak 21 Year Old","final_evidence","EXISTING — exact bottle verified; no changes","B4679","","Macallan Fine Oak 21 Year Old","Exact marketed expression identified from the source title, source card facts and fresh production search. The release-defining age, vintage, edition, cask code, release year and/or ABV agree where those facts are present. No production write."
"5280534","https://whiskyauctioneer.com/whisky-lot/5280534/macallan-gran-reserva-12-year-old","2351","Macallan Gran Reserva 12 Year Old","final_evidence","EXISTING — exact bottle verified; no changes","B5099","","Macallan Gran Reserva 12 Year Old","Exact marketed expression identified from the source title, source card facts and fresh production search. The release-defining age, vintage, edition, cask code, release year and/or ABV agree where those facts are present. No production write."
"5280535","https://whiskyauctioneer.com/whisky-lot/5280535/macallan-gran-reserva-12-year-old","2351","Macallan Gran Reserva 12 Year Old","final_evidence","EXISTING — exact bottle verified; no changes","B5099","","Macallan Gran Reserva 12 Year Old","Exact marketed expression identified from the source title, source card facts and fresh production search. The release-defining age, vintage, edition, cask code, release year and/or ABV agree where those facts are present. No production write."
"5280559","https://whiskyauctioneer.com/whisky-lot/5280559/macallan-royal-marriage","33","Macallan Royal Marriage","review_lead_only","held_possible_existing_match","","","","This source URL was a review lead. The audit did not use it as final URL-level evidence for a Peated mapping."
"5280570","https://whiskyauctioneer.com/whisky-lot/5280570/macallan-gran-reserva-12-year-old","2351","Macallan Gran Reserva 12 Year Old","final_evidence","EXISTING — exact bottle verified; no changes","B5099","","Macallan Gran Reserva 12 Year Old","Exact marketed expression identified from the source title, source card facts and fresh production search. The release-defining age, vintage, edition, cask code, release year and/or ABV agree where those facts are present. No production write."
"5280572","https://whiskyauctioneer.com/whisky-lot/5280572/macallan-1980-gran-reserva-18-year-old","2346","Macallan 1980 Gran Reserva 18 Year Old","final_evidence","ADDED — optional facts left blank","B52831","","The Macallan Gran Reserva","Exact bottling and release dates, color and filtration claims, cask numbers, outturn, malt phenol PPM and flavor profile remain unknown."
"5280573","https://whiskyauctioneer.com/whisky-lot/5280573/macallan-1979-gran-reserva-18-year-old","2345","Macallan 1979 Gran Reserva 18 Year Old","final_evidence","EXISTING — exact bottle verified; no changes","B5434","","Macallan 1979 Gran Reserva 18 Year Old","Exact marketed expression identified from the source card facts and fresh narrow production search. Release-defining age, vintage, edition, cask code, release year and/or ABV agree where present. No production write."
"5280577","https://whiskyauctioneer.com/whisky-lot/5280577/macallan-x-jing-harmony-collection-inspired-organic-cherrywood-lapsang-tea","67","Macallan x JING The Harmony Collection - Inspired by Organic Cherrywood Lapsang Tea","final_evidence","ADDED — optional facts left blank","B52492","","The Macallan Inspired By Organic Cherrywood Lapsang Tea","No stated age, vintage, verified bottling year, cask strength, filtration, malt PPM, cask number, outturn or flavor profile. Smoky tasting language does not establish malt PPM. The tea collaboration does not establish tea infusion or organic whisky certification. No separate marketed edition descriptor is evidenced."
"5280582","https://whiskyauctioneer.com/whisky-lot/5280582/macallan-x-jordi-roca-harmony-collection-rich-cacao","2321","Macallan x Jordi Roca The Harmony Collection - Rich Cacao","final_evidence","EXISTING — exact identity; data concern recorded","B1834","","Macallan x Jordi Roca The Harmony Collection - Rich Cacao","Exact marketed expression identified from the source card facts and fresh narrow production searches. The existing Bottle incorrectly carries statedAge 12. Rich Cacao is a no-age-statement release; this identity match does not approve that value. No production write."
"5280583","https://whiskyauctioneer.com/whisky-lot/5280583/macallan-x-cirque-du-soleil-harmony-collection-guardian-oak","66","Macallan x Cirque du Soleil The Harmony Collection - Guardian Oak","review_lead_only","created_verified","","","","This source URL was a review lead. The audit did not use it as final URL-level evidence for a Peated mapping."
"5280595","https://whiskyauctioneer.com/whisky-lot/5280595/macallan-1938-red-ribbon","994","Macallan 1938 Red Ribbon","review_lead_only","historical_create_recorded","","","","This source URL was a review lead. The audit did not use it as final URL-level evidence for a Peated mapping."
"5280598","https://whiskyauctioneer.com/whisky-lot/5280598/macallan-195859-anniversary-malt-25-year-old","1003","Macallan 1958/59 Anniversary Malt 25 Year Old","final_evidence","ADDED — optional facts left blank","B52771","","The Macallan Anniversary Malt - 1958/59","The integer vintage field remains null because this release contains whisky from both 1958 and 1959; the exact 1958/59 wording is preserved as the edition. Exact release date, cask-strength status, natural color, chill filtration, cask number, outturn, malt PPM and flavor profile remain unknown. No alias or extra reference. Exact clean image saved locally. Upload pending: the JSON CLI does not accept multipart files. No direct credential-based upload attempted."
"5280601","https://whiskyauctioneer.com/whisky-lot/5280601/macallan-1995-easter-elchies-cask-selection-13-year-old","61","Macallan 1995 Easter Elchies Cask Selection 13 Year Old","review_lead_only","historical_create_recorded","","","","This source URL was a review lead. The audit did not use it as final URL-level evidence for a Peated mapping."
"5280605","https://whiskyauctioneer.com/whisky-lot/5280605/macallan-concept-number-1-art","2349","Macallan Concept Number 1 - Art","final_evidence","EXISTING — exact bottle verified; no changes","B722","","Macallan Concept Number 1 - Art","Exact marketed expression identified from the source card facts and fresh narrow production search. Release-defining age, vintage, edition, cask code, release year and/or ABV agree where present. No production write."
"5280609","https://whiskyauctioneer.com/whisky-lot/5280609/macallan-1997-easter-elchies-cask-selection-13-year-old","1042","Macallan 1997 Easter Elchies Cask Selection 13 Year Old","review_lead_only","historical_create_recorded","","","","This source URL was a review lead. The audit did not use it as final URL-level evidence for a Peated mapping."
"5280615","https://whiskyauctioneer.com/whisky-lot/5280615/linkwood-1974-rare-malts-selection-30-year-old","2613","Linkwood 1974 Rare Malts Selection 30 Year Old","final_evidence","EXISTING — exact bottle verified; no changes","B49713","","Linkwood 1974 Rare Malts Selection 30 Year Old","Exact marketed expression identified from the source title, source card facts and fresh production search. The release-defining age, vintage, edition, cask code, release year and/or ABV agree where those facts are present. No production write."
"5280616","https://whiskyauctioneer.com/whisky-lot/5280616/brora-1975-rare-malts-selection-20-year-old","2338","Brora 1975 Rare Malts Selection 20 Year Old","final_evidence","EXISTING — exact bottle verified; no changes","B49670","","Brora 1975 Rare Malts Selection 20 Year Old","Exact marketed expression identified from the source title, source card facts and fresh production search. The release-defining age, vintage, edition, cask code, release year and/or ABV agree where those facts are present. No production write."
"5280617","https://whiskyauctioneer.com/whisky-lot/5280617/teaninich-1972-rare-malts-selection-23-year-old","2406","Teaninich 1972 Rare Malts Selection 23 Year Old","final_evidence","EXISTING — exact bottle verified; no changes","B5387","","Teaninich 1972 Rare Malts Selection 23 Year Old","Exact marketed expression identified from the source title, source card facts and fresh production search. The release-defining age, vintage, edition, cask code, release year and/or ABV agree where those facts are present. No production write."
"5280618","https://whiskyauctioneer.com/whisky-lot/5280618/glendullan-1972-rare-malts-selection-23-year-old","2377","Glendullan 1972 Rare Malts Selection 23 Year Old","final_evidence","EXISTING — exact bottle verified; no changes","B49694","","Glendullan 1972 Rare Malts Selection 23 Year Old","Exact marketed expression identified from the source title, source card facts and fresh production search. The release-defining age, vintage, edition, cask code, release year and/or ABV agree where those facts are present. No production write."
"5280619","https://whiskyauctioneer.com/whisky-lot/5280619/dailuaine-1973-rare-malts-selection-22-year-old","2504","Dailuaine 1973 Rare Malts Selection 22 Year Old","final_evidence","EXISTING — exact bottle verified; no changes","B5439","","Dailuaine 1973 Rare Malts Selection 22 Year Old","Exact marketed expression identified from the source title, source card facts and fresh production search. The release-defining age, vintage, edition, cask code, release year and/or ABV agree where those facts are present. No production write."
"5280620","https://whiskyauctioneer.com/whisky-lot/5280620/caol-ila-1975-rare-malts-selection-20-year-old","2485","Caol Ila 1975 Rare Malts Selection 20 Year Old","final_evidence","SKIPPED — unresolved identity","","B5426 | B49675","Caol Ila 1975 Rare Malts Selection 20 Year Old","Exact auction label is age 20, distilled 1975, 61.12%, natural cask strength; auction classifies it under 1996 autumn releases. B5426 has matching strength but says bottled/released 1995. B49675 says 1996 but is 61.18%, confirmed by its stored image. Specialist sources list 61.12% under both 1995 and 1996. Source front/back do not explicitly print a bottling year or distinct annual edition. A different bottling year alone does not prove another marketed Bottle. Cannot establish whether the source is B5426 with an uncertain date or a distinct release. Skip creation and all candidate edits. B5426's generated description incorrectly claims 25 years despite its age-20 label; flag separately, do not silently repair it through this unresolved match."
"5280627","https://whiskyauctioneer.com/whisky-lot/5280627/macallan-re-awakening-12-year-old","65","Macallan Re-Awakening 12 Year Old","final_evidence","ADDED — optional facts left blank","B52490","","The Macallan Re-Awakening - Limited Release","Outturn is disputed: front denominator 1,002 versus box claim 1,000 issued. Bottling year is unverified: auction prose confuses the 2008 still restart with bottling, while retailer metadata says 2009. No vintage is calculated from age. Exact release day, producer-stated maturation, single-cask status, cask strength, colour, filtration, malt PPM, cask number and flavor profile remain null. No series is evidenced. Individual bottle numbers do not distinguish releases. IMAGE WITHHELD: the retailer photo and larger exact auction alternative both developed jagged white-background removal in production. The new image was cleared with image:null; a fresh GET verified null image and source URL with unchanged bottle facts. All source photos and upload/removal receipts are preserved. Do not replay either failed upload."
"5280633","https://whiskyauctioneer.com/whisky-lot/5280633/springbank-1997-springbank-society-28-year-old","2353","Springbank 1997 Springbank Society 28 Year Old","review_lead_only","needs_review","","","","This source URL was a review lead. The audit did not use it as final URL-level evidence for a Peated mapping."
"5280634","https://whiskyauctioneer.com/whisky-lot/5280634/bruichladdich-yellow-submarine-reclassified-14-year-old","2330","Bruichladdich Yellow Submarine [Reclassified] 14 Year Old","final_evidence","EXISTING — exact bottle verified; no changes","B47503","","Bruichladdich Yellow Submarine [Reclassified] 14 Year Old","Exact marketed expression identified from the source title, source card facts and fresh production search. The release-defining age, vintage, edition, cask code, release year and/or ABV agree where those facts are present. No production write."
"5280638","https://whiskyauctioneer.com/whisky-lot/5280638/isle-tiree-2022-single-cask-release","1521","Isle of Tiree 2022 Single Cask Release","final_evidence","ADDED — optional facts left blank","B52788","","Isle of Tiree Single Cask Release","No stated age appears on the exact label. Cask-strength, natural-color and chill-filtration status, exact release month and day, malt PPM and flavor profile remain unknown. Tiree Whisky Company Ltd is captured in evidence but no separate company Entity is required for the Bottle form. Exact clean front and back images saved locally. Upload pending: the JSON CLI does not accept multipart files. No direct credential-based upload attempted."
"5280640","https://whiskyauctioneer.com/whisky-lot/5280640/pokeno-2019-prohibition-porter-3-year-old","1606","Pokeno 2019 Prohibition Porter 3 Year Old","final_evidence","SKIPPED — unresolved identity","","","Pokeno 2019 Prohibition Porter 3 Year Old","Main label says Prohibition Porter and Liberty Brewing collaboration; lower label says Oloroso Sherry Cask and has sample-like overprinting. The generic 2019 Prohibition Porter archive describes bourbon/porter cask 51 distilled 13 June 2019, while this label appears to show a different distillation date. Do not mix facts across these releases. Exact marketed cask/finish identity is unresolved."
"5280642","https://whiskyauctioneer.com/whisky-lot/5280642/clydeside-2026-limited-edition","1439","Clydeside 2026 Limited Edition","review_lead_only","created_verified","","","","This source URL was a review lead. The audit did not use it as final URL-level evidence for a Peated mapping."
"5280643","https://whiskyauctioneer.com/whisky-lot/5280643/hicks-healey-cornish-single-malt-glasses-gift-pack","1499","Hicks & Healey Cornish Single Malt - Glasses Gift Pack","review_lead_only","historical_create_recorded","","","","This source URL was a review lead. The audit did not use it as final URL-level evidence for a Peated mapping."
"5280653","https://whiskyauctioneer.com/whisky-lot/5280653/macallan-archival-series-folio-5","2327","Macallan The Archival Series Folio 5","final_evidence","EXISTING — exact identity; data concern recorded","B2554","","Macallan The Archival Series Folio 5","Exact marketed expression identified from the source title, source card facts and fresh production search. The existing Bottle has statedAge 12, but the Folio 5 source is a no-age-statement release. This identity match does not approve that existing age value."
"5280700","https://whiskyauctioneer.com/whisky-lot/5280700/macallan-genesis","64","Macallan Genesis","review_lead_only","created_verified","","","","This source URL was a review lead. The audit did not use it as final URL-level evidence for a Peated mapping."
"5280713","https://whiskyauctioneer.com/whisky-lot/5280713/glendronach-allardice-18-year-old","2323","Glendronach Allardice 18 Year Old","final_evidence","EXISTING — exact bottle verified; no changes","B4902","","Glendronach Allardice 18 Year Old","Exact marketed expression identified from the source title, source card facts and fresh production search. The release-defining age, vintage, edition, cask code, release year and/or ABV agree where those facts are present. No production write."
"5280717","https://whiskyauctioneer.com/whisky-lot/5280717/caol-ila-175th-anniversary-24-year-old","2484","Caol Ila 175th Anniversary 24 Year Old","final_evidence","UPDATED — changed facts verified","","B1693","Caol Ila 175th Anniversary 24 Year Old","Exact release matched B1693. Updated through production CLI and read back: distillers, noAgeStatement, abv, caskStrength, bottlingYear, releaseYear, outturn, description, descriptionSrc. All other writable facts, names, aliases and images stayed unchanged. All 26 fields and image reviewed. Preserve current name and profile; profile is not independently verified. Series, edition, single-cask declaration, colour, filtration, PPM, vintage, exact release month/day, maturation and cask number unknown. Do not copy another whisky's cask recipe from a multi-product news article. Only canonical reference exists; alias array empty. No alias/reference changes. Exact clean 900x1200 retailer bottle and box, no watermark, label age/strength/anniversary/outturn match. Current image null. Upload deferred: repository CLI API command accepts JSON, not image multipart. No direct credential-based upload used."
"5280719","https://whiskyauctioneer.com/whisky-lot/5280719/glendronach-allardice-18-year-old","2323","Glendronach Allardice 18 Year Old","final_evidence","EXISTING — exact bottle verified; no changes","B4902","","Glendronach Allardice 18 Year Old","Exact marketed expression identified from the source title, source card facts and fresh production search. The release-defining age, vintage, edition, cask code, release year and/or ABV agree where those facts are present. No production write."
"5280723","https://whiskyauctioneer.com/whisky-lot/5280723/caol-ila-25-year-old","2853","Caol Ila 25 Year Old","final_evidence","EXISTING — identity matched; no changes","B17500","","Caol Ila 25-year-old","Both recovered lot candidates and stored image match B17500's classic black-label core 25 at 43%. Not Limited Batch B52463 or earlier cask-strength editions. No production changes. Known missing distiller/bottler links, NAS=false, ABV=43 and releaseYear=2010 saved locally. Producer verifies 2010 introduction, not bottling date. Technical flags, vintage, bottling date, precise release date, maturation, cask and outturn unknown. Profile and generated tasting claims unverified; factual description saved. Exact clean 900x1200 Whisky Exchange packshot saved to replace the current low-resolution thumbnail after authenticated preflight. Names preserved, aliases empty, references unresolved."
"5280728","https://whiskyauctioneer.com/whisky-lot/5280728/balvenie-founders-reserve-10-year-old-0","2364","Balvenie Founder's Reserve 10 Year Old","final_evidence","EXISTING — exact Bottle verified; no changes","B5048","","Balvenie Founder's Reserve 10 Year Old","Targeted fresh GET and source-label facts establish the exact release identity. Release-defining age, vintage, edition, release year and/or ABV agree where present. No production write."
"5280733","https://whiskyauctioneer.com/whisky-lot/5280733/glenfiddich-12-year-old-special-reserve-0","2342","Glenfiddich Special Reserve 12 Year Old","final_evidence","EXISTING — exact bottle verified; no changes","B5164","","Glenfiddich Special Reserve 12 Year Old","Exact marketed expression identified from the source title, source card facts and fresh production search. The release-defining age, vintage, edition, cask code, release year and/or ABV agree where those facts are present. No production write."
"5280742","https://whiskyauctioneer.com/whisky-lot/5280742/springbank-cask-strength-12-year-old","2320","Springbank Cask Strength 12 Year Old","final_evidence","ADDED — optional facts left blank","B52843","","Springbank Cask Strength - Batch 27","Vintage, exact release date, cask numbers, malt phenol PPM and flavor profile remain unknown. Outturn remains null unless an exact bottle count was documented."
"5280754","https://whiskyauctioneer.com/whisky-lot/5280754/springbank-2016-local-barley-8-year-old","72","Springbank 2016 Local Barley 8 Year Old","review_lead_only","historical_create_recorded","","","","This source URL was a review lead. The audit did not use it as final URL-level evidence for a Peated mapping."
"5280774","https://whiskyauctioneer.com/whisky-lot/5280774/hibiki-blossom-harmony","2566","Hibiki Blossom Harmony","final_evidence","EXISTING — exact bottle verified; no changes","B51824","","Hibiki Blossom Harmony","Exact marketed expression identified from the source title, source card facts and fresh production search. The release-defining age, vintage, edition, cask code, release year and/or ABV agree where those facts are present. No production write."
"5280785","https://whiskyauctioneer.com/whisky-lot/5280785/cotswolds-highgrove-coronation-vatting-batch-number-001","504","Cotswolds Highgrove Coronation Vatting Batch Number #001","final_evidence","ADDED EARLIER — create and image verified","B52397","","Cotswolds Highgrove Coronation Vatting - Batch Number #001","Legacy import record. The create receipt and later image write agree on the Bottle ID and name."
"5280786","https://whiskyauctioneer.com/whisky-lot/5280786/balvenie-moscatel-cask-13-year-old","11","Balvenie Moscatel Cask 13 Year Old","review_lead_only","created_verified","","","","This source URL was a review lead. The audit did not use it as final URL-level evidence for a Peated mapping."
"5280798","https://whiskyauctioneer.com/whisky-lot/5280798/knockando-1974-quincentenary-20-year-old","906","Knockando 1974 Quincentenary 20 Year Old","final_evidence","ADDED EARLIER — create and image verified","B52409","","Knockando Aberdeen University Quincentenary","Legacy import record. The create receipt and later image write agree on the Bottle ID and name."
"5280799","https://whiskyauctioneer.com/whisky-lot/5280799/laphroaig-10-year-old-litre","54","Laphroaig 10 Year Old Litre","final_evidence","EXISTING — identity matched; no changes","B1","","Laphroaig 10 Year Old Litre","All three recovered candidates are the standard ten-year-old at 43%, without an explicit edition. B1's stored image also clearly shows age 10 and 43% at 750ml. Volume and older packaging alone do not make a new Bottle. All 210 Laphroaig results and B1's six general references reviewed. Match the existing general record; do not create a litre edition. Identity match only, no production edit. ABV=43 and NAS=false are verified source facts, but B1 is an undated general record with general references; preserve its null strength pending a scoped enrichment review. The initial possible-match concern was resolved by the stored 43% image and all three same-strength candidates. Do not turn estimated packaging eras 1987-1994, 1994-2000 or 2000-2013 into release dates. Source explicitly names Laphroaig as distiller/bottler; remaining technical facts and current generated tasting claims are unverified."
"5280803","https://whiskyauctioneer.com/whisky-lot/5280803/dunhill-old-master-scotch-whisky","1360","Dunhill Old Master Scotch Whisky","final_evidence","SKIPPED — unresolved identity","","","Dunhill Old Master Scotch Whisky","SKIPPED with no production write. Exact images and independent sources identify Alfred Dunhill Old Master, a 43% no-age-statement blended Scotch created for the luxury retailer by IDV in the 1980s. The 70cl and 75cl lots are package variants of that release. Production has no matching Bottle, but its only exact-name Dunhill Brand, E2641, is explicitly described as the separate short-lived Kasser Distillers product introduced in the United States in 1963 after a trademark conflict with Alfred Dunhill. Reusing E2641 would attach the Bottle to the wrong Brand identity. Creating another identical-name Dunhill Entity would create an unresolved duplicate. This requires a separately approved Entity correction or merge before the Bottle can be added."
"5280804","https://whiskyauctioneer.com/whisky-lot/5280804/cadenheads-putachieside-liqueur-whisky","421","Cadenhead's Putachieside Liqueur Whisky","review_lead_only","created_verified","","","","This source URL was a review lead. The audit did not use it as final URL-level evidence for a Peated mapping."
"5280809","https://whiskyauctioneer.com/whisky-lot/5280809/arran-brodick-bay-20-year-old-explorers-series-volume-one","2359","Arran Brodick Bay 20 Year Old The Explorers Series - Volume One","final_evidence","EXISTING — exact identity; data concern recorded","B2651","","Arran Brodick Bay 20 Year Old The Explorers Series - Volume One","Exact marketed expression identified from the source card facts and fresh narrow production searches. B43339 appears to duplicate the same Brodick Bay release. Reuse the series-specific B2651; do not create or merge records in this run. No production write."
"5280811","https://whiskyauctioneer.com/whisky-lot/5280811/dalmore-1995-castle-leod-home-clan-mackenzie","122","Dalmore 1995 Castle Leod - Home of Clan Mackenzie","review_lead_only","historical_create_recorded","","","","This source URL was a review lead. The audit did not use it as final URL-level evidence for a Peated mapping."
"5280812","https://whiskyauctioneer.com/whisky-lot/5280812/macallan-genesis","64","Macallan Genesis","final_evidence","ADDED — optional facts left blank","B52489","","The Macallan Genesis - Limited Edition","No verified vintage, bottling year, exact maturation, single-cask status, cask strength, natural colour, filtration, malt PPM, cask number or flavor profile. The release year and packaging year do not prove the bottling year. No age is printed. Do not borrow facts from the separate 72-year Genesis decanter or a general brand claim. IMAGE WITHHELD: both the exact retailer packshot and larger auction photo developed visible background-removal artifacts in production. The new image was cleared with image:null and a fresh GET verified both image fields are null and bottle facts are unchanged. Source photos and all upload/removal receipts are retained locally. No production image fix was attempted."
"5280815","https://whiskyauctioneer.com/whisky-lot/5280815/waterford-single-farm-origin-lakefield-edition-11","2355","Waterford Single Farm Origin Lakefield Edition 1.1","final_evidence","EXISTING — exact bottle verified; no changes","B1907","","Waterford Single Farm Origin Lakefield Edition 1.1","Exact marketed expression identified from the source title, source card facts and fresh production search. The release-defining age, vintage, edition, cask code, release year and/or ABV agree where those facts are present. No production write."
"5280819","https://whiskyauctioneer.com/whisky-lot/5280819/glenburgie-finest-collection-10-year-old","635","","final_evidence","ADDED — optional facts left blank","B52563","","Hart Brothers Glenburgie","Edition, single-cask and cask-strength status, natural colour, filtration, malt PPM, vintage, bottling and release dates, maturation wording, cask number, outturn and flavor profile are unverified. Keep null. All 26 writable facts and the image were reviewed; the series ID was resolved and verified in pass 36. Tasting notes are read-only and are not submitted. Exact clean stock image inspected and saved locally. Not uploaded: the JSON CLI does not accept multipart files. No direct credential-based upload attempted."
"5280822","https://whiskyauctioneer.com/whisky-lot/5280822/oldfields-5-year-old-blue-label-scotch-whisky-orlandi","1601","Oldfield's 5 Year Old Blue Label Scotch Whisky - Orlandi","final_evidence","ADDED — optional facts left blank","B52797","","Oldfield's Blue Label 5-year-old","The component distilleries, exact bottling and release dates, maturation, cask strength, natural-color and chill-filtration status, cask identifiers, outturn, malt PPM and flavor profile remain unknown. Independent sources estimate the presentation to the 1970s, so no exact year is stored. Exact clean front and back images saved locally. Upload pending: the JSON CLI does not accept multipart files. No direct credential-based upload attempted."
"5280823","https://whiskyauctioneer.com/whisky-lot/5280823/black-velvet-1975-canadian-whisky-114-litre","363","Black Velvet 1975 Canadian Whisky 1.14-Litre","review_lead_only","historical_create_recorded","","","","This source URL was a review lead. The audit did not use it as final URL-level evidence for a Peated mapping."
"5280829","https://whiskyauctioneer.com/whisky-lot/5280829/bells-original-scotch-whisky-help-heros","321","Bell's Original Scotch Whisky / Help for Heros","final_evidence","EXISTING — identity matched; no changes","B47238","","Bell's Original Scotch Whisky / Help for Heros","The source label is Bell's Original blended Scotch at 40%. Help for Heroes is a charity label campaign, not different whisky. All 18 Bell's search results reviewed. Existing B47238 Original and its stored image identify the standard 40% product. Bottle volume and campaign packaging do not create another Bottle. No production edit. Identity match only. Existing NAS and bottler are null; source label names Arthur Bell & Sons and has no age statement. Other technical enrichment remains unverified. The campaign's 2012 launch and four-million-bottle packaging run do not become the standard Original release date or outturn. No typo alias, campaign edition or extra reference. Existing image is verified; no replacement needed."
"5280831","https://whiskyauctioneer.com/whisky-lot/5280831/bells-islander-island-islay-malts","97","Bell's Islander Island & Islay Malts","final_evidence","ADDED — optional facts left blank","B52568","","Bell's Islander","Category disputed: blended whisky versus blended malt. Leave category null. Component distilleries, vintage, bottling and release dates, single-cask and cask-strength status, colour, chill filtration, malt PPM, maturation, cask number, outturn and flavor profile are unknown. No edition or broader series proved. Do not convert estimated 1980s packaging into an exact date. Exact clean image saved locally. Upload pending: the JSON CLI does not accept multipart files. No direct credential-based upload attempted."
"5280840","https://whiskyauctioneer.com/whisky-lot/5280840/speyburn-2012-distillery-exclusive","1224","Speyburn 2012 Distillery Exclusive","review_lead_only","historical_create_recorded","","","","This source URL was a review lead. The audit did not use it as final URL-level evidence for a Peated mapping."
"5280854","https://whiskyauctioneer.com/whisky-lot/5280854/clynelish-distillery-exclusive-bottling-batch-02","499","Clynelish Distillery Exclusive Bottling Batch #02","final_evidence","ADDED EARLIER — create and image verified","B52396","","Clynelish Distillery Exclusive Bottling - Batch #02","Legacy import record. The create receipt and later image write agree on the Bottle ID and name."
"5280860","https://whiskyauctioneer.com/whisky-lot/5280860/glendronach-parliament-21-year-old","2340","Glendronach Parliament 21 Year Old","final_evidence","EXISTING — exact bottle verified; no changes","B14436","","Glendronach Parliament 21 Year Old","Exact marketed expression identified from the source title, source card facts and fresh production search. The release-defining age, vintage, edition, cask code, release year and/or ABV agree where those facts are present. No production write."
"5280861","https://whiskyauctioneer.com/whisky-lot/5280861/macallan-x-jordi-roca-harmony-collection-rich-cacao","2321","Macallan x Jordi Roca The Harmony Collection - Rich Cacao","final_evidence","EXISTING — exact identity; data concern recorded","B1834","","Macallan x Jordi Roca The Harmony Collection - Rich Cacao","Exact marketed expression identified from the source card facts and fresh narrow production searches. The existing Bottle incorrectly carries statedAge 12. Rich Cacao is a no-age-statement release; this identity match does not approve that value. No production write."
"5280863","https://whiskyauctioneer.com/whisky-lot/5280863/macallan-x-jordi-roca-harmony-collection-rich-cacao","2321","Macallan x Jordi Roca The Harmony Collection - Rich Cacao","final_evidence","EXISTING — exact identity; data concern recorded","B1834","","Macallan x Jordi Roca The Harmony Collection - Rich Cacao","Exact marketed expression identified from the source card facts and fresh narrow production searches. The existing Bottle incorrectly carries statedAge 12. Rich Cacao is a no-age-statement release; this identity match does not approve that value. No production write."
"5280865","https://whiskyauctioneer.com/whisky-lot/5280865/macallan-x-jordi-roca-harmony-collection-rich-cacao","2321","Macallan x Jordi Roca The Harmony Collection - Rich Cacao","final_evidence","EXISTING — exact identity; data concern recorded","B1834","","Macallan x Jordi Roca The Harmony Collection - Rich Cacao","Exact marketed expression identified from the source card facts and fresh narrow production searches. The existing Bottle incorrectly carries statedAge 12. Rich Cacao is a no-age-statement release; this identity match does not approve that value. No production write."
"5280867","https://whiskyauctioneer.com/whisky-lot/5280867/macallan-x-jordi-roca-harmony-collection-rich-cacao","2321","Macallan x Jordi Roca The Harmony Collection - Rich Cacao","final_evidence","EXISTING — exact identity; data concern recorded","B1834","","Macallan x Jordi Roca The Harmony Collection - Rich Cacao","Exact marketed expression identified from the source card facts and fresh narrow production searches. The existing Bottle incorrectly carries statedAge 12. Rich Cacao is a no-age-statement release; this identity match does not approve that value. No production write."
"5280868","https://whiskyauctioneer.com/whisky-lot/5280868/macallan-18-year-old-sherry-oak-cask-annual-2022-release","2331","Macallan 18 Year Old Sherry Oak Cask Annual 2022 Release","review_lead_only","needs_review","","","","This source URL was a review lead. The audit did not use it as final URL-level evidence for a Peated mapping."
"5280869","https://whiskyauctioneer.com/whisky-lot/5280869/macallan-x-jordi-roca-harmony-collection-rich-cacao","2321","Macallan x Jordi Roca The Harmony Collection - Rich Cacao","final_evidence","EXISTING — exact identity; data concern recorded","B1834","","Macallan x Jordi Roca The Harmony Collection - Rich Cacao","Exact marketed expression identified from the source card facts and fresh narrow production searches. The existing Bottle incorrectly carries statedAge 12. Rich Cacao is a no-age-statement release; this identity match does not approve that value. No production write."
"5280871","https://whiskyauctioneer.com/whisky-lot/5280871/macallan-x-jordi-roca-harmony-collection-rich-cacao","2321","Macallan x Jordi Roca The Harmony Collection - Rich Cacao","final_evidence","EXISTING — exact identity; data concern recorded","B1834","","Macallan x Jordi Roca The Harmony Collection - Rich Cacao","Exact marketed expression identified from the source card facts and fresh narrow production searches. The existing Bottle incorrectly carries statedAge 12. Rich Cacao is a no-age-statement release; this identity match does not approve that value. No production write."
"5280879","https://whiskyauctioneer.com/whisky-lot/5280879/glenfarclas-2014-specially-selected-commemorate-50th-anniversary-visitor-centre","650","Glenfarclas 2014 Specially Selected to Commemorate the 50th Anniversary of the Visitor Centre","final_evidence","ADDED EARLIER — create and image verified","B52400","","Glenfarclas 50th Anniversary of the Visitor Centre","Legacy import record. The create receipt and later image write agree on the Bottle ID and name."
"5280892","https://whiskyauctioneer.com/whisky-lot/5280892/glendronach-parliament-21-year-old","2340","Glendronach Parliament 21 Year Old","final_evidence","EXISTING — exact bottle verified; no changes","B14436","","Glendronach Parliament 21 Year Old","Exact marketed expression identified from the source title, source card facts and fresh production search. The release-defining age, vintage, edition, cask code, release year and/or ABV agree where those facts are present. No production write."
"5280894","https://whiskyauctioneer.com/whisky-lot/5280894/jura-1999-boutique-barrels","1529","Jura 1999 Boutique Barrels","final_evidence","ADDED — optional facts left blank","B52790","","Isle of Jura 1999 Boutique Barrels - Bourbon XU Cask Finish","No age statement or cask number appears on the exact label. Natural-color status, exact release month and day, and flavor profile remain unknown. A lone color database assertion is not stored without corroboration. Exact clean front and back images saved locally. Upload pending: the JSON CLI does not accept multipart files. No direct credential-based upload attempted."
"5280909","https://whiskyauctioneer.com/whisky-lot/5280909/ardbeg-homecoming","85","Ardbeg Homecoming","review_lead_only","matched_existing","","","","This source URL was a review lead. The audit did not use it as final URL-level evidence for a Peated mapping."
"5280910","https://whiskyauctioneer.com/whisky-lot/5280910/arran-arran-harmony-edition-8-year-old-volume-9","283","Arran The Arran Harmony Edition 8 Year Old - Volume 9","final_evidence","ADDED — optional facts left blank","B52731","","Arran Harmony Edition - Volume 9","Cask strength has only one weak retailer claim and is not established by the label or producer. Colour, filtration, malt PPM, vintage, bottling year, initial release month/day, cask identifier and flavor profile remain unknown. No generated age suffix, alias or extra reference. Harmony Edition series S507 was created and independently re-fetched; its name, brand and description match the reviewed request. Exact clean image saved locally. Upload pending: the JSON CLI does not accept multipart files. No direct credential-based upload attempted."
"5280926","https://whiskyauctioneer.com/whisky-lot/5280926/bowmore-smws-17-year-old-3243-dark-smouldering-flamenco-gypsy","2470","Bowmore SMWS 17 Year Old 3.243 - Dark, smouldering flamenco gypsy","final_evidence","EXISTING — identity matched; no changes","B3692","","SMWS 3.243 Dark, smouldering flamenco gypsy","Exact label code, subtitle, age 17, 57.1% and 594 bottles match B3692. Festival label identifies Fèis Ìle 2015. Existing Bottle read fresh; no production changes. Identity match only. Proposed missing facts and exact image saved in research-smws-31.json, not applied. Current flavor profile conflicts with a contemporary press reprint; preserve pending primary evidence. Current generated description is not fully verified. Current vintage 1997 has multiple corroborating sources and is retained despite one 1998 heading. Technical declarations and precise release date remain unverified. Aliases array is empty; protected references unresolved."
"5280929","https://whiskyauctioneer.com/whisky-lot/5280929/longmorn-1990-smws-26-year-old-smws-7148-wicked-viscosity","2620","Longmorn 1990 SMWS 26 Year Old SMWS 7.148 - Wicked viscosity","final_evidence","EXISTING — exact bottle verified; no changes","B50056","","Longmorn 1990 SMWS 26 Year Old SMWS 7.148 - Wicked viscosity","Exact marketed expression identified from the source title, source card facts and fresh production search. The release-defining age, vintage, edition, cask code, release year and/or ABV agree where those facts are present. No production write."
"5280931","https://whiskyauctioneer.com/whisky-lot/5280931/clynelish-1984-smws-29-year-old-26106-say-it-flowers","2372","Clynelish 1984 SMWS 29 Year Old 26.106 - 'Say it with flowers'","final_evidence","EXISTING — exact bottle verified; no changes","B50309","","Clynelish 1984 SMWS 29 Year Old 26.106 - 'Say it with flowers'","Exact marketed expression identified from the source title, source card facts and fresh production search. The release-defining age, vintage, edition, cask code, release year and/or ABV agree where those facts are present. No production write."
"5280932","https://whiskyauctioneer.com/whisky-lot/5280932/laphroaig-2011-smws-9-year-old-29283-samuraislay","2605","Laphroaig 2011 SMWS 9 Year Old 29.283 - Samuraislay","final_evidence","EXISTING — exact bottle verified; no changes","B48382","","Laphroaig 2011 SMWS 9 Year Old 29.283 - Samuraislay","Exact marketed expression identified from the source title, source card facts and fresh production search. The release-defining age, vintage, edition, cask code, release year and/or ABV agree where those facts are present. No production write."
"5280943","https://whiskyauctioneer.com/whisky-lot/5280943/caol-ila-2006-cadenheads-warehouse-tasting-16-year-old","435","Caol Ila 2006 Cadenhead's Warehouse Tasting 16 Year Old","final_evidence","ADDED — optional facts left blank","B52747","","Cadenhead's Caol Ila","Cask number, exact bottle count, malt PPM, release month/day and flavor profile remain unknown. Do not infer an outturn from one hogshead. No edition, alias or extra reference. Exact clean image saved locally. Upload pending: the JSON CLI does not accept multipart files. No direct credential-based upload attempted."
"5280944","https://whiskyauctioneer.com/whisky-lot/5280944/ardbeg-1990-airigh-nam-beist","2356","Ardbeg 1990 Airigh Nam Beist","final_evidence","EXISTING — identity resolved; catalog concern recorded","","","Ardbeg 1990 Airigh Nam Beist","Targeted fresh GETs and source-label facts establish the identity. B1170 and B18251 appear to duplicate the Airigh Nam Beist expression. B18251 carries the exact 1990 vintage but misspells Airigh; B1170 has the correct marketed name but omits the vintage, 2008 bottling year and 46% ABV. Reuse the existing records and do not add a third duplicate. No production write."
"5280971","https://whiskyauctioneer.com/whisky-lot/5280971/glenfiddich-special-reserve","2341","Glenfiddich Special Reserve","final_evidence","EXISTING — exact bottle verified; no changes","B5164","","Glenfiddich Special Reserve","Exact marketed expression identified from the source title, source card facts and fresh production search. The release-defining age, vintage, edition, cask code, release year and/or ABV agree where those facts are present. No production write."
"5280984","https://whiskyauctioneer.com/whisky-lot/5280984/blair-athol-1986-eternal-cycle-38-year-old","2455","Blair Athol 1986 The Eternal Cycle 38 Year Old","final_evidence","EXISTING — exact bottle verified; no changes","B51673","","Blair Athol 1986 The Eternal Cycle 38 Year Old","Exact marketed expression identified from the source title, source card facts and fresh production search. The release-defining age, vintage, edition, cask code, release year and/or ABV agree where those facts are present. No production write."
"5280996","https://whiskyauctioneer.com/whisky-lot/5280996/yamazaki-12-year-old-suntory-pure-malt","10","Yamazaki 12 Year Old Suntory Pure Malt","final_evidence","EXISTING — identity matched; no changes","B2276","","Yamazaki 12 Year Old Suntory Pure Malt","Match the core Yamazaki 12-year-old, 43% single malt to B2276 after all 162 entity records were reviewed. Exact source and front label identify the older Suntory Pure Malt wording. Producer history confirms the core 12-year expression began in 1984. Packaging wording and 75cl volume alone do not create a separate release under the catalog guide. No dated edition is printed or established. No Bottle, group, alias, reference, series or image changes. Auction's approximate 1989-1990 dating is not an exact bottling year or marketed edition. Existing optional flavour and descriptive claims were not independently reverified. This records identity coverage, not a complete enrichment of the existing record. Keep the current image; do not replace it with historical packaging."
"5281005","https://whiskyauctioneer.com/whisky-lot/5281005/victoria-wine-12-year-old-highland-malt-celebrating-125-years","1663","Victoria Wine 12 Year Old Highland Malt - Celebrating 125 Years","final_evidence","ADDED — optional facts left blank","B52801","","Victoria Wine Highland Malt Scotch Whisky - 125th Anniversary","The component distilleries, series, vintage year, release month and day, maturation, cask number, outturn, cask-strength status, natural-color status, chill-filtration status, malt phenol PPM and flavor profile remain unknown. The 75cl package volume is not an editable Bottle identity field. Exact clean front and back images saved locally. Upload pending because the JSON CLI does not accept multipart files."
"5281010","https://whiskyauctioneer.com/whisky-lot/5281010/royal-culross-8-year-old-scotch-malt-whisky","1623","Royal Culross 8 Year Old Scotch Malt Whisky","review_lead_only","historical_create_recorded","","","","This source URL was a review lead. The audit did not use it as final URL-level evidence for a Peated mapping."
"5281020","https://whiskyauctioneer.com/whisky-lot/5281020/wallace-single-malt-scotch-liqueur-50cl","1666","Wallace Single Malt Scotch Liqueur 50cl","final_evidence","SKIPPED — not whisky","","","Wallace Single Malt Scotch Liqueur 50cl","Exact label reads Wallace Single Malt Scotch Whisky Liqueur, 35% and 50cl. It is a whisky-based liqueur, not a single-malt whisky release. Exclude the entire row. Auction metadata says 35cl despite its 50cl title and label; no conflicting size or other facts imported. No production write."
"5281021","https://whiskyauctioneer.com/whisky-lot/5281021/charles-house-finest-10-year-old-highland-pure-malt","1654","The Charles House Finest 10 Year Old Highland Pure Malt","review_lead_only","historical_create_recorded","","","","This source URL was a review lead. The audit did not use it as final URL-level evidence for a Peated mapping."
"5281034","https://whiskyauctioneer.com/whisky-lot/5281034/knockando-1974","2141","Knockando 1974","final_evidence","ADDED — optional facts left blank","B52822","","Knockando 1974","Stated age, exact dates, maturation, cask facts, color and filtration claims, outturn, malt phenol PPM and flavor profile remain unknown."
"5281037","https://whiskyauctioneer.com/whisky-lot/5281037/glendronach-12-year-old-wm-teacher-sons","28","Glendronach 12 Year Old - Wm. Teacher & Sons","review_lead_only","held_possible_existing_match","","","","This source URL was a review lead. The audit did not use it as final URL-level evidence for a Peated mapping."
"5281039","https://whiskyauctioneer.com/whisky-lot/5281039/macallan-we-get-it","983","Macallan 'As We Get It'","review_lead_only","historical_create_recorded","","","","This source URL was a review lead. The audit did not use it as final URL-level evidence for a Peated mapping."
"5281043","https://whiskyauctioneer.com/product/1304851/variation/5281043","2329","Macallan Edition No.6","final_evidence","EXISTING — exact identity; data concern recorded","B2175","","Macallan Edition No.6","Exact marketed expression identified from the source card facts and fresh narrow production searches. The existing Bottle incorrectly carries statedAge 10. Edition No. 6 is a no-age-statement release; this identity match does not approve that value. No production write."
"5281051","https://whiskyauctioneer.com/whisky-lot/5281051/bladnoch-8-year-old","98","Bladnoch 8 Year Old","review_lead_only","created_verified","","","","This source URL was a review lead. The audit did not use it as final URL-level evidence for a Peated mapping."
"5281056","https://whiskyauctioneer.com/whisky-lot/5281056/bells-islander-island-islay-malts","97","Bell's Islander Island & Islay Malts","final_evidence","ADDED — optional facts left blank","B52568","","Bell's Islander","Category disputed: blended whisky versus blended malt. Leave category null. Component distilleries, vintage, bottling and release dates, single-cask and cask-strength status, colour, chill filtration, malt PPM, maturation, cask number, outturn and flavor profile are unknown. No edition or broader series proved. Do not convert estimated 1980s packaging into an exact date. Exact clean image saved locally. Upload pending: the JSON CLI does not accept multipart files. No direct credential-based upload attempted."
"5281078","https://whiskyauctioneer.com/whisky-lot/5281078/clynelish-12-year-old-ainslie-heilbron","25","Clynelish 12 Year Old - Ainslie & Heilbron","review_lead_only","held_incomplete_source_identity","","","","This source URL was a review lead. The audit did not use it as final URL-level evidence for a Peated mapping."
"5281082","https://whiskyauctioneer.com/whisky-lot/5281082/royal-brackla-1970-connoisseurs-choice","1201","Royal Brackla 1970 Connoisseurs Choice","review_lead_only","historical_create_recorded","","","","This source URL was a review lead. The audit did not use it as final URL-level evidence for a Peated mapping."
"5281085","https://whiskyauctioneer.com/whisky-lot/5281085/aberfeldy-1974-connoisseurs-choice","229","Aberfeldy 1974 Connoisseur's Choice","review_lead_only","historical_create_recorded","","","","This source URL was a review lead. The audit did not use it as final URL-level evidence for a Peated mapping."
"5281090","https://whiskyauctioneer.com/whisky-lot/5281090/millburn-1971-connoisseurs-choice","1114","Millburn 1971 Connoisseurs Choice","review_lead_only","historical_create_recorded","","","","This source URL was a review lead. The audit did not use it as final URL-level evidence for a Peated mapping."
"5281099","https://whiskyauctioneer.com/whisky-lot/5281099/springbank-1997-springbank-society-28-year-old","2353","Springbank 1997 Springbank Society 28 Year Old","review_lead_only","needs_review","","","","This source URL was a review lead. The audit did not use it as final URL-level evidence for a Peated mapping."
"5281100","https://whiskyauctioneer.com/whisky-lot/5281100/springbank-1997-springbank-society-28-year-old","2353","Springbank 1997 Springbank Society 28 Year Old","final_evidence","ADDED — optional facts left blank","B52832","","Springbank Society","Exact distillation and bottling days, cask-strength, color and filtration claims, cask numbers, malt phenol PPM and flavor profile remain unknown."
"5281109","https://whiskyauctioneer.com/whisky-lot/5281109/caol-ila-1983-first-cask-20-year-old","428","Caol Ila 1983 First Cask 20 Year Old","final_evidence","ADDED — optional facts left blank","B52736","","First Cask Caol Ila","Cask strength, colour, filtration, malt PPM, bottling year, initial release date, producer-worded maturation, outturn and flavor profile remain unknown. Loose leaflet announces a First Cask Islay 1983 shipment for early March with a 5 February 2003 response deadline, but does not print cask 63; preserve as evidence, not a verified exact-cask release date. Do not derive 2003 bottling from age. Do not use bottle 159 as outturn. No new series, packaging edition, alias or extra reference. Existing brand's generic history was not used as source evidence or edited. Exact clean image saved locally. Upload pending: the JSON CLI does not accept multipart files. No direct credential-based upload attempted."
"5281119","https://whiskyauctioneer.com/whisky-lot/5281119/glen-carren-8-year-old-1970s","1462","Glen Carren 8 Year Old 1970s","final_evidence","ADDED — optional facts left blank","B52780","","Glen Carren 8-year-old","The component distilleries, exact bottling date, vintage and release year, cask strength, non-chill-filtered status, cask numbers, outturn, PPM and flavor profile remain unknown. Auction decade estimates are not stored as an exact year. Exact clean image saved locally. Upload pending: the JSON CLI does not accept multipart files. No direct credential-based upload attempted."
"5281124","https://whiskyauctioneer.com/whisky-lot/5281124/glenfinnan-malt-whisky","1470","Glenfinnan Malt Whisky","final_evidence","ADDED — optional facts left blank","B52782","","Glenfinnan Malt Whisky","The component distilleries and actual bottler, exact date, vintage and release year, cask strength, natural-color and chill-filtration status, cask numbers, outturn, PPM and flavor profile remain unknown. The approximate 1980s package date is not stored as an exact year. Exact clean front and back images saved locally. Upload pending: the JSON CLI does not accept multipart files. No direct credential-based upload attempted."
"5281128","https://whiskyauctioneer.com/whisky-lot/5281128/glen-parker-single-malt","1468","Glen Parker Single Malt","final_evidence","ADDED — optional facts left blank","B52781","","Glen Parker Single Malt","The source distillery, exact age and date, vintage, release year, cask strength, natural-color and chill-filtration status, cask numbers, outturn, PPM and flavor profile remain unknown. A current producer source attributes later packaging to Angus Dundee, but the inspected historical label names James Parker; no unsupported ownership or distillery inference is stored. Exact clean front and back images saved locally. Upload pending: the JSON CLI does not accept multipart files. No direct credential-based upload attempted."
"5281144","https://whiskyauctioneer.com/whisky-lot/5281144/pittyvaich-1993-connoisseurs-choice-29-year-old","1165","Pittyvaich 1993 Connoisseurs Choice 29 Year Old","review_lead_only","historical_create_recorded","","","","This source URL was a review lead. The audit did not use it as final URL-level evidence for a Peated mapping."
"5281146","https://whiskyauctioneer.com/whisky-lot/5281146/royal-salute-21-year-old-scotch-whisky-sapphire-flagon","19","Royal Salute 21 Year Old Scotch Whisky - Sapphire Flagon","review_lead_only","matched_existing","","","","This source URL was a review lead. The audit did not use it as final URL-level evidence for a Peated mapping."
"5281153","https://whiskyauctioneer.com/whisky-lot/5281153/glen-elgin-boutique-y-whisky-company-25-year-old-batch-1","126","Glen Elgin That Boutique-y Whisky Company 25 Year Old Batch 1","review_lead_only","historical_create_recorded","","","","This source URL was a review lead. The audit did not use it as final URL-level evidence for a Peated mapping."
"5281156","https://whiskyauctioneer.com/whisky-lot/5281156/laphroaig-ian-hunter-story-34-year-old-book-5-enduring-spirit","55","Laphroaig The Ian Hunter Story 34 Year Old - Book 5: Enduring Spirit","final_evidence","ADDED — optional facts left blank","B52467","","Laphroaig Enduring Spirit - Book 5","Vintage is disputed: the source lot, Banneke and House of Single Malts say 1988; WhiskyBrother says 1989 and Grand Whisky Auction says 1987. Producer labels do not show a vintage, so it stays null. Natural colour, cask strength, malt PPM, exact release month/day, total outturn and flavor classification are not established strongly enough and stay null. Secondary technical claims are not inferred from age, ABV or distillery defaults. Auction Oloroso and fifteen-part-series text are rejected."
"5281163","https://whiskyauctioneer.com/whisky-lot/5281163/brora-30-year-old-natural-cask-strength","2339","Brora 30 Year Old Natural Cask Strength","final_evidence","EXISTING SET — collapsed source variants resolved; no changes","","","Brora 30 Year Old Natural Cask Strength","Exact marketed expression identified from the source card facts and fresh narrow production searches. The source row collapsed the 2002 inaugural 52.4% release and the 2010 54.3% release. Both exact releases already exist. No production write."
"5281167","https://whiskyauctioneer.com/whisky-lot/5281167/glen-grant-5-year-old","129","Glen Grant 5 Year Old","final_evidence","SKIPPED — unresolved identity","","","Glen Grant 5 Year Old","Recovered generic title points to two different bottlings. Lot 5281167 is a Gordon & MacPhail-bottled Glen Grant, age 5, 70 UK proof, 26 2/3 fluid ounces; front and reverse were inspected. Lot 8213009 instead lists an official distillery bottling, age 5, 40%, 70cl. Estimated 1970s versus 1994-2001 dates are auction dating, not verified vintage, bottling or release years. Do not collapse the bottler/strength distinction or convert UK proof as US proof. All 165 Glen Grant results reviewed; no exact 5-year record. Skip the conflated audit row and keep both source identities for a separately reviewed split. Neither is added."
"5281176","https://whiskyauctioneer.com/whisky-lot/5281176/arran-first-production","95","Arran First Production","final_evidence","SKIPPED — unresolved identity","","B18979","Arran First Production","Skip; do not create or overwrite. B18979 Arran Single Malt has no age, ABV, vintage, bottling year, edition or image that can rule out this first-production release. Its sole canonical reference R3521 is equally generic, and the external-review query is empty. All 143 Arran and 16 Lochranza records reviewed; no explicit First Production record was found, but that absence cannot settle the generic record's identity. Preserve B18979 unchanged and do not assert a match."
"5281178","https://whiskyauctioneer.com/whisky-lot/5281178/macallan-1965-special-selection-17-year-old","1008","Macallan 1965 Special Selection 17 Year Old","final_evidence","ADDED EARLIER — create and image verified","B52411","","The Macallan Special Selection","Legacy import record. The create receipt and later image write agree on the Bottle ID and name."
"5281179","https://whiskyauctioneer.com/whisky-lot/5281179/caol-ila-25-year-old-limited-batch","21","Caol Ila 25 Year Old Limited Batch","review_lead_only","created_verified","","","","This source URL was a review lead. The audit did not use it as final URL-level evidence for a Peated mapping."
"5281183","https://whiskyauctioneer.com/whisky-lot/5281183/bunnahabhain-1981-moe-nakamura-41-year-old-far-far-away","416","Bunnahabhain 1981 Moe Nakamura 41 Year Old - Far far away","final_evidence","ADDED EARLIER — create and image verified","B52389","","Precious Liquors Far far away - Moe Nakamura","Legacy import record. The create receipt and later image write agree on the Bottle ID and name."
"5281189","https://whiskyauctioneer.com/whisky-lot/5281189/macallan-12-year-old-litre","57","Macallan 12 Year Old Litre","final_evidence","SKIPPED — unresolved identity","","B2548","Macallan 12 Year Old Litre","Recovered ordinals 2237/2330 retain only the generic twelve-year litre title and a rejected Triple Cask B13864 candidate; no exact original lot or ABV survives. Three current title joins are historical sherry-matured distillery bottlings at 43%, spanning presentation ranges 1980-1991, 1991-1999 and 1999-2004. The inspected front of lot 8212869 confirms age 12, 43%, sherry oak maturation and Macallan Distillers as bottler. Fresh B2548 Sherry Oak has null ABV and dates, while its stored image and linked retailer identify a modern 40% bottle. The complete 180-record Macallan inventory does not prove which historical source the lost row meant. Do not mark a 43% historical source as an exact match to the 40% pictured candidate, project source joins into the original row, or create from the bare title. No production write."
"5281191","https://whiskyauctioneer.com/whisky-lot/5281191/brora-1982-connoisseurs-choice","399","Brora 1982 Connoisseurs Choice","review_lead_only","historical_create_recorded","","","","This source URL was a review lead. The audit did not use it as final URL-level evidence for a Peated mapping."
"5281203","https://whiskyauctioneer.com/whisky-lot/5281203/caol-ila-smws-33-year-old-53495-peat-bloom","2488","Caol Ila SMWS 33 Year Old 53.495 - Peat bloom","final_evidence","UPDATED — changed facts verified","","B43247","Caol Ila SMWS 33 Year Old 53.495 - Peat bloom","Exact release matched B43247. Updated through production CLI and read back: noAgeStatement, outturn. All other writable facts, names, aliases and images stayed unchanged. All 26 fields and image reviewed. Collection relationship pending; edition absent. Exact cask-strength, colour, filtration and malt PPM declarations unverified. Generic Society practice or 44.1% alone does not prove technical flags. BottlingYear=2024 is a secondary database claim, not promoted without stronger evidence. Existing release date, maturation, profile, description and image are verified and preserved. The Creators Collection is explicitly evidenced on label and producer page, but complete SMWS series query returns zero. Leave current series null for this exact-facts patch. No guessed series ID or duplicate Bottle. Peat Plants wording is range context, not an invented annual or batch edition. Canonical R3764 matches. Old R3758 differs only by a trailing zero-width character and retains the exact 53.495 code and subtitle; identity is supported, but persisted review remains pending. Do not add it as a display alias. No reference changes; alias array empty. Stored exact producer-style bottle cutout inspected, code, age, 44.1%, 211 and collection art match. No watermark or replacement needed. Source URL currently missing; do not assert an upload provenance that was not recorded. Transparent edges may need browser quality review before calling image processing fully verified."
"5281204","https://whiskyauctioneer.com/whisky-lot/5281204/macallan-edition-no6","2329","Macallan Edition No.6","final_evidence","EXISTING — exact identity; data concern recorded","B2175","","Macallan Edition No.6","Exact marketed expression identified from the source card facts and fresh narrow production searches. The existing Bottle incorrectly carries statedAge 10. Edition No. 6 is a no-age-statement release; this identity match does not approve that value. No production write."
"5281233","https://whiskyauctioneer.com/whisky-lot/5281233/bowmore-smws-16-year-old-3282-song-barley-smoke-and-oak","100","Bowmore SMWS 16 Year Old 3.282 - A song of barley, smoke and oak","final_evidence","ADDED — optional facts left blank","B52560","","SMWS 3.282 A song of barley, smoke and oak - Taiwan Branch 10th Anniversary","All 26 writable fields and image reviewed. Series, cask strength, natural colour, filtration, malt PPM, vintage, release dates and flavor profile remain unknown. No vintage is calculated from age and bottling year. No tasting notes, alias or reference is proposed. Exact clean stock image inspected and saved locally. Not uploaded: the current JSON CLI does not accept multipart images. No direct credential-based upload attempted."
"5281234","https://whiskyauctioneer.com/whisky-lot/5281234/bowmore-smws-16-year-old-3282-song-barley-smoke-and-oak","100","Bowmore SMWS 16 Year Old 3.282 - A song of barley, smoke and oak","review_lead_only","created_verified","","","","This source URL was a review lead. The audit did not use it as final URL-level evidence for a Peated mapping."
"5281237","https://whiskyauctioneer.com/whisky-lot/5281237/glencadam-2011-smws-9-year-old-smws-8229-rustic-dance","2526","Glencadam 2011 SMWS 9 Year Old SMWS 82.29 - A rustic dance","final_evidence","EXISTING — exact identity; data concern recorded","B49115","","Glencadam 2011 SMWS 9 Year Old SMWS 82.29 - A rustic dance","Exact marketed expression identified from the source title, source card facts and fresh production search. The exact SMWS cask code proves identity, but the source card says 62.1% while B49115 says 62.2%. Do not create a duplicate or change the existing ABV without stronger label evidence."
"5281238","https://whiskyauctioneer.com/whisky-lot/5281238/louis-royer-xo-smws-c31-fragrant-ramble","2626","Louis Royer XO SMWS C3.1 - A fragrant ramble","final_evidence","SKIPPED — not whisky","","","Louis Royer XO SMWS C3.1 - A fragrant ramble","Exact label prints Society cask C3.1, A fragrant ramble, Cognac and Grande Champagne. Auction production type agrees. An SMWS imprint does not make this whisky. Exclude the entire row; no inferred distiller, outturn, catalog match or production write."
"5281246","https://whiskyauctioneer.com/whisky-lot/5281246/balvenie-pedro-ximenez-cask-18-year-old","7","Balvenie Pedro Ximénez Cask 18 Year Old","review_lead_only","created_verified","","","","This source URL was a review lead. The audit did not use it as final URL-level evidence for a Peated mapping."
"5281250","https://whiskyauctioneer.com/whisky-lot/5281250/balvenie-pedro-ximenez-cask-18-year-old","7","Balvenie Pedro Ximénez Cask 18 Year Old","review_lead_only","created_verified","","","","This source URL was a review lead. The audit did not use it as final URL-level evidence for a Peated mapping."
"5281251","https://whiskyauctioneer.com/whisky-lot/5281251/balvenie-pedro-ximenez-cask-18-year-old","7","Balvenie Pedro Ximénez Cask 18 Year Old","review_lead_only","created_verified","","","","This source URL was a review lead. The audit did not use it as final URL-level evidence for a Peated mapping."
"5281252","https://whiskyauctioneer.com/whisky-lot/5281252/balvenie-pedro-ximenez-cask-18-year-old","7","Balvenie Pedro Ximénez Cask 18 Year Old","final_evidence","ADDED — optional facts left blank","B52457","","The Balvenie Pedro Ximénez Cask","No vintage or bottling year established. Release in 2022 does not establish a bottling date or dated edition. No single-cask/cask-strength claim, colour/filtration facts, cask number, outturn, PPM or flavor classification established. Travel-retail market alone is not an edition."
"5281271","https://whiskyauctioneer.com/whisky-lot/5281271/johnnie-walker-xr-23-year-old","156","Johnnie Walker XR 23 Year Old","final_evidence","ADDED — optional facts left blank","B52715","","John Walker & Sons XR","Cask strength, colour, filtration, malt PPM, vintage, bottling year, precise release month/day, producer-worded maturation, cask number, outturn and flavor profile remain unknown. Listed distillers are a verified subset. No Brora assignment, inferred edition, generated age suffix, alias or reference. Exact clean image saved locally. Upload pending: the JSON CLI does not accept multipart files. No direct credential-based upload attempted."
"5281272","https://whiskyauctioneer.com/whisky-lot/5281272/johnnie-walker-xr-23-year-old","156","Johnnie Walker XR 23 Year Old","final_evidence","ADDED — optional facts left blank","B52715","","John Walker & Sons XR","Cask strength, colour, filtration, malt PPM, vintage, bottling year, precise release month/day, producer-worded maturation, cask number, outturn and flavor profile remain unknown. Listed distillers are a verified subset. No Brora assignment, inferred edition, generated age suffix, alias or reference. Exact clean image saved locally. Upload pending: the JSON CLI does not accept multipart files. No direct credential-based upload attempted."
"5281279","https://whiskyauctioneer.com/whisky-lot/5281279/glenfiddich-gran-cortes-xxii-22-year-old","133","Glenfiddich Gran Cortes XXII 22 Year Old","final_evidence","ADDED — optional facts left blank","B52651","","Glenfiddich Gran Cortes XXII","Cask strength, natural colour, filtration, malt PPM, vintage, bottling year, exact release day, cask identifier, outturn and flavor profile remain unknown. No separate edition. XXII is producer wording, not an added 22-year suffix. Exact clean retailer image saved locally. Upload pending: the JSON CLI does not accept multipart files. No direct credential-based upload attempted."
"5281283","https://whiskyauctioneer.com/whisky-lot/5281283/hennessy-250-collectors-blend-1-litre","1497","Hennessy 250 Collectors Blend 1 Litre","final_evidence","SKIPPED — not whisky","","","Hennessy 250 Collectors Blend 1 Litre","Exact lot classifies the product as Cognac. Its Hennessy 250 bottle and matching presentation box were inspected. Collectors Blend does not mean blended whisky. Exclude the entire row; no production write."
"5281287","https://whiskyauctioneer.com/whisky-lot/5281287/balvenie-moscatel-cask-13-year-old","11","Balvenie Moscatel Cask 13 Year Old","review_lead_only","created_verified","","","","This source URL was a review lead. The audit did not use it as final URL-level evidence for a Peated mapping."
"5281289","https://whiskyauctioneer.com/whisky-lot/5281289/macallan-1991-wilson-morgan-barrel-selection-20-year-old","1037","Macallan 1991 Wilson & Morgan Barrel Selection 20 Year Old","review_lead_only","historical_create_recorded","","","","This source URL was a review lead. The audit did not use it as final URL-level evidence for a Peated mapping."
"5281290","https://whiskyauctioneer.com/whisky-lot/5281290/balvenie-moscatel-cask-13-year-old","11","Balvenie Moscatel Cask 13 Year Old","review_lead_only","created_verified","","","","This source URL was a review lead. The audit did not use it as final URL-level evidence for a Peated mapping."
"5281295","https://whiskyauctioneer.com/whisky-lot/5281295/balvenie-moscatel-cask-13-year-old","11","Balvenie Moscatel Cask 13 Year Old","review_lead_only","created_verified","","","","This source URL was a review lead. The audit did not use it as final URL-level evidence for a Peated mapping."
"5281316","https://whiskyauctioneer.com/whisky-lot/5281316/macallan-fine-oak-25-year-old","2350","Macallan Fine Oak 25 Year Old","final_evidence","EXISTING — exact bottle verified; no changes","B5015","","Macallan Fine Oak 25 Year Old","Exact marketed expression identified from the source title, source card facts and fresh production search. The release-defining age, vintage, edition, cask code, release year and/or ABV agree where those facts are present. No production write."
"5281333","https://whiskyauctioneer.com/whisky-lot/5281333/port-ellen-1979-natural-cask-strength-32-year-old-11th-release","2655","Port Ellen 1979 Natural Cask Strength 32 Year Old - 11th Release","final_evidence","EXISTING — exact bottle verified; no changes","B4688","","Port Ellen 1979 Natural Cask Strength 32 Year Old - 11th Release","Exact marketed expression identified from the source card facts and fresh narrow production search. Release-defining age, vintage, edition, cask code, release year and/or ABV agree where present. No production write."
"5281337","https://whiskyauctioneer.com/whisky-lot/5281337/macallan-1979-gran-reserva-18-year-old","2345","Macallan 1979 Gran Reserva 18 Year Old","final_evidence","EXISTING — exact bottle verified; no changes","B5434","","Macallan 1979 Gran Reserva 18 Year Old","Exact marketed expression identified from the source card facts and fresh narrow production search. Release-defining age, vintage, edition, cask code, release year and/or ABV agree where present. No production write."
"5281350","https://whiskyauctioneer.com/whisky-lot/5281350/yamazaki-12-year-old-suntory-pure-malt","10","Yamazaki 12 Year Old Suntory Pure Malt","review_lead_only","matched_existing","","","","This source URL was a review lead. The audit did not use it as final URL-level evidence for a Peated mapping."
"5281355","https://whiskyauctioneer.com/whisky-lot/5281355/macallan-30-year-old-double-cask-annual-2021-release","2348","Macallan 30 Year Old Double Cask Annual 2021 Release","final_evidence","EXISTING — exact bottle verified; no changes","B45105","","Macallan 30 Year Old Double Cask Annual 2021 Release","Exact marketed expression identified from the source card facts and fresh narrow production search. Release-defining age, vintage, edition, cask code, release year and/or ABV agree where present. No production write."
"5281356","https://whiskyauctioneer.com/whisky-lot/5281356/macallan-25-year-old-annual-2022-release","1","Macallan 25 Year Old Annual 2022 Release","review_lead_only","created_verified","","","","This source URL was a review lead. The audit did not use it as final URL-level evidence for a Peated mapping."
"5281357","https://whiskyauctioneer.com/whisky-lot/5281357/macallan-25-year-old-annual-2022-release","1","Macallan 25 Year Old Annual 2022 Release","review_lead_only","created_verified","","","","This source URL was a review lead. The audit did not use it as final URL-level evidence for a Peated mapping."
"5281358","https://whiskyauctioneer.com/whisky-lot/5281358/macallan-25-year-old-annual-2022-release","1","Macallan 25 Year Old Annual 2022 Release","review_lead_only","created_verified","","","","This source URL was a review lead. The audit did not use it as final URL-level evidence for a Peated mapping."
"5281359","https://whiskyauctioneer.com/whisky-lot/5281359/macallan-25-year-old-annual-2022-release","1","Macallan 25 Year Old Annual 2022 Release","review_lead_only","created_verified","","","","This source URL was a review lead. The audit did not use it as final URL-level evidence for a Peated mapping."
"5281360","https://whiskyauctioneer.com/whisky-lot/5281360/macallan-25-year-old-annual-2022-release","1","Macallan 25 Year Old Annual 2022 Release","review_lead_only","created_verified","","","","This source URL was a review lead. The audit did not use it as final URL-level evidence for a Peated mapping."
"5281362","https://whiskyauctioneer.com/whisky-lot/5281362/macallan-25-year-old-annual-2022-release","1","Macallan 25 Year Old Annual 2022 Release","review_lead_only","created_verified","","","","This source URL was a review lead. The audit did not use it as final URL-level evidence for a Peated mapping."
"5281364","https://whiskyauctioneer.com/whisky-lot/5281364/macallan-25-year-old-annual-2022-release","1","Macallan 25 Year Old Annual 2022 Release","review_lead_only","created_verified","","","","This source URL was a review lead. The audit did not use it as final URL-level evidence for a Peated mapping."
"5281371","https://whiskyauctioneer.com/whisky-lot/5281371/chichibu-moeginomura-50th-anniversary","116","Chichibu Moeginomura 50th Anniversary","final_evidence","ADDED — optional facts left blank","B52575","","Ichiro's Moeginomura 50th Anniversary","Vintage, bottling year, cask strength, natural colour, chill filtration, maturation of the complete whisky, cask identifier, malt PPM, flavor profile and exact release month/day are unverified. Component age 11 and vintage 2010 are not promoted. No separate edition or series established. Exact clean image saved locally. Upload pending: the JSON CLI does not accept multipart files. No direct credential-based upload attempted."
"5281375","https://whiskyauctioneer.com/whisky-lot/5281375/hibiki-anniversary-blend-100th-anniversary-suntory-whisky","2565","Hibiki Anniversary Blend - 100th Anniversary of Suntory Whisky","final_evidence","EXISTING — exact bottle verified; no changes","B51825","","Hibiki Anniversary Blend - 100th Anniversary of Suntory Whisky","Exact marketed expression identified from the source title, source card facts and fresh production search. The release-defining age, vintage, edition, cask code, release year and/or ABV agree where those facts are present. No production write."
"5281397","https://whiskyauctioneer.com/whisky-lot/5281397/johnnie-walker-eight-treasures-30-year-old","154","Johnnie Walker Eight Treasures 30 Year Old","review_lead_only","historical_create_recorded","","","","This source URL was a review lead. The audit did not use it as final URL-level evidence for a Peated mapping."
"5281398","https://whiskyauctioneer.com/whisky-lot/5281398/springbank-1965-smws-2732","1230","Springbank 1965 SMWS 27.32","review_lead_only","historical_create_recorded","","","","This source URL was a review lead. The audit did not use it as final URL-level evidence for a Peated mapping."
"5281399","https://whiskyauctioneer.com/whisky-lot/5281399/johnnie-walker-eight-treasures-30-year-old","154","Johnnie Walker Eight Treasures 30 Year Old","review_lead_only","historical_create_recorded","","","","This source URL was a review lead. The audit did not use it as final URL-level evidence for a Peated mapping."
"5281405","https://whiskyauctioneer.com/whisky-lot/5281405/big-ben-special-reserve-scotch-whisky-ceramic-decanter","1409","Big Ben Special Reserve Scotch Whisky - Ceramic Decanter","review_lead_only","historical_create_recorded","","","","This source URL was a review lead. The audit did not use it as final URL-level evidence for a Peated mapping."
"5281427","https://whiskyauctioneer.com/whisky-lot/5281427/macallan-concept-number-1-art","2349","Macallan Concept Number 1 - Art","final_evidence","EXISTING — exact bottle verified; no changes","B722","","Macallan Concept Number 1 - Art","Exact marketed expression identified from the source card facts and fresh narrow production search. Release-defining age, vintage, edition, cask code, release year and/or ABV agree where present. No production write."
"5281433","https://whiskyauctioneer.com/whisky-lot/5281433/macallan-x-jing-harmony-collection-inspired-organic-cherrywood-lapsang-tea","67","Macallan x JING The Harmony Collection - Inspired by Organic Cherrywood Lapsang Tea","review_lead_only","created_verified","","","","This source URL was a review lead. The audit did not use it as final URL-level evidence for a Peated mapping."
"5281434","https://whiskyauctioneer.com/whisky-lot/5281434/macallan-x-jing-harmony-collection-inspired-organic-cherrywood-lapsang-tea","67","Macallan x JING The Harmony Collection - Inspired by Organic Cherrywood Lapsang Tea","review_lead_only","created_verified","","","","This source URL was a review lead. The audit did not use it as final URL-level evidence for a Peated mapping."
"5281478","https://whiskyauctioneer.com/whisky-lot/5281478/macallan-1987-smws-14-year-old-2461","1022","Macallan 1987 SMWS 14 Year Old 24.61","final_evidence","ADDED EARLIER — create and image verified","B52412","","SMWS 24.61","Legacy import record. The create receipt and later image write agree on the Bottle ID and name."
"5281733","https://whiskyauctioneer.com/product/5002662/variation/5281733","16","Macallan Art is the Flower - Charles Rennie Mackintosh","review_lead_only","created_verified","","","","This source URL was a review lead. The audit did not use it as final URL-level evidence for a Peated mapping."
"5282413","https://whiskyauctioneer.com/whisky-lot/5282413/macallan-x-sir-peter-blake-estate-community-and-distillery","5","Macallan x Sir Peter Blake An Estate, A Community and A Distillery","review_lead_only","created_verified","","","","This source URL was a review lead. The audit did not use it as final URL-level evidence for a Peated mapping."
"5282416","https://whiskyauctioneer.com/whisky-lot/5282416/macallan-x-sir-peter-blake-estate-community-and-distillery","5","Macallan x Sir Peter Blake An Estate, A Community and A Distillery","review_lead_only","created_verified","","","","This source URL was a review lead. The audit did not use it as final URL-level evidence for a Peated mapping."
"5282420","https://whiskyauctioneer.com/whisky-lot/5282420/macallan-archival-series-folio-5","2327","Macallan The Archival Series Folio 5","final_evidence","EXISTING — exact identity; data concern recorded","B2554","","Macallan The Archival Series Folio 5","Exact marketed expression identified from the source title, source card facts and fresh production search. The existing Bottle has statedAge 12, but the Folio 5 source is a no-age-statement release. This identity match does not approve that existing age value."
"5282425","https://whiskyauctioneer.com/whisky-lot/5282425/macallan-archival-series-folio-5","2327","Macallan The Archival Series Folio 5","final_evidence","EXISTING — exact identity; data concern recorded","B2554","","Macallan The Archival Series Folio 5","Exact marketed expression identified from the source title, source card facts and fresh production search. The existing Bottle has statedAge 12, but the Folio 5 source is a no-age-statement release. This identity match does not approve that existing age value."
"5282426","https://whiskyauctioneer.com/whisky-lot/5282426/macallan-x-sir-peter-blake-estate-community-and-distillery","5","Macallan x Sir Peter Blake An Estate, A Community and A Distillery","review_lead_only","created_verified","","","","This source URL was a review lead. The audit did not use it as final URL-level evidence for a Peated mapping."
"5282428","https://whiskyauctioneer.com/whisky-lot/5282428/mortlach-1987-smws-32-year-old-76148-grilled-lemon-garlic-elk-steak","2643","Mortlach 1987 SMWS 32 Year Old 76.148 - Grilled lemon-garlic elk steak","final_evidence","EXISTING — exact bottle verified; no changes","B49035","","Mortlach 1987 SMWS 32 Year Old 76.148 - Grilled lemon-garlic elk steak","Exact marketed expression identified from the source title, source card facts and fresh production search. The release-defining age, vintage, edition, cask code, release year and/or ABV agree where those facts are present. No production write."
"5282429","https://whiskyauctioneer.com/whisky-lot/5282429/longmorn-1990-smws-30-year-old-7250-supernatural-delight","2621","Longmorn 1990 SMWS 30 Year Old 7.250 - A supernatural delight","final_evidence","EXISTING — exact bottle verified; no changes","B48131","","Longmorn 1990 SMWS 30 Year Old 7.250 - A supernatural delight","Exact marketed expression identified from the source title, source card facts and fresh production search. The release-defining age, vintage, edition, cask code, release year and/or ABV agree where those facts are present. No production write."
"5282432","https://whiskyauctioneer.com/whisky-lot/5282432/glen-scotia-2004-smws-14-year-old-93112-sweet-and-grubby","2521","Glen Scotia 2004 SMWS 14 Year Old 93.112 - Sweet and grubby","final_evidence","EXISTING — exact bottle verified; no changes","B51172","","Glen Scotia 2004 SMWS 14 Year Old 93.112 - Sweet and grubby","Exact marketed expression identified from the source card facts and fresh narrow production search. Release-defining age, vintage, edition, cask code, release year and/or ABV agree where present. No production write."
"5282433","https://whiskyauctioneer.com/whisky-lot/5282433/glen-moray-2008-smws-13-year-old-35311-lighting-expensive-cigar","2520","Glen Moray 2008 SMWS 13 Year Old 35.311 - Lighting up an expensive cigar","final_evidence","EXISTING — exact bottle verified; no changes","B48423","","Glen Moray 2008 SMWS 13 Year Old 35.311 - Lighting up an expensive cigar","Exact marketed expression identified from the source title, source card facts and fresh production search. The release-defining age, vintage, edition, cask code, release year and/or ABV agree where those facts are present. No production write."
"5282434","https://whiskyauctioneer.com/whisky-lot/5282434/auchentoshan-1991-smws-28-year-old-573-midsummer-nights-dram","2431","Auchentoshan 1991 SMWS 28 Year Old 5.73 - A midsummer night's dram","final_evidence","EXISTING — exact bottle verified; no changes","B48092","","Auchentoshan 1991 SMWS 28 Year Old 5.73 - A midsummer night's dram","Exact marketed expression identified from the source title, source card facts and fresh production search. The release-defining age, vintage, edition, cask code, release year and/or ABV agree where those facts are present. No production write."
"5283010","https://whiskyauctioneer.com/whisky-lot/5283010/mortlach-smws-16-year-old-7677-hansel-and-gretel","1131","Mortlach SMWS 16 Year Old 76.77 - Hansel and Gretel","review_lead_only","historical_create_recorded","","","","This source URL was a review lead. The audit did not use it as final URL-level evidence for a Peated mapping."
"5283067","https://whiskyauctioneer.com/whisky-lot/5283067/macallan-1990-smws-23-year-old-24126-artists-lounge","1031","Macallan 1990 SMWS 23 Year Old 24.126 - The artist's lounge","review_lead_only","historical_create_recorded","","","","This source URL was a review lead. The audit did not use it as final URL-level evidence for a Peated mapping."
"5283092","https://whiskyauctioneer.com/whisky-lot/5283092/royal-lochnagar-selected-reserve","2402","Royal Lochnagar Selected Reserve","final_evidence","EXISTING — exact identity; data concern recorded","B17582","","Royal Lochnagar Selected Reserve","Exact marketed expression identified from the source title, source card facts and fresh production search. B5381 also appears to duplicate this 1988-1991 43% expression. B2956 is an age-18 release and B49831 is the 2007 release. Reuse B17582; do not merge records in this run."
"5283105","https://whiskyauctioneer.com/whisky-lot/5283105/glenfarclas-2000-smws-15-year-old-1200-enigmatic-and-masculine","2534","Glenfarclas 2000 SMWS 15 Year Old 1.200 - Enigmatic and masculine","final_evidence","EXISTING — exact bottle verified; no changes","B49913","","Glenfarclas 2000 SMWS 15 Year Old 1.200 - Enigmatic and masculine","Exact marketed expression identified from the source title, source card facts and fresh production search. The release-defining age, vintage, edition, cask code, release year and/or ABV agree where those facts are present. No production write."
"5283107","https://whiskyauctioneer.com/whisky-lot/5283107/inchgower-smws-24-year-old-1828-decadent-and-seductive","781","Inchgower SMWS 24 Year Old 18.28 - Decadent and seductive","review_lead_only","historical_create_recorded","","","","This source URL was a review lead. The audit did not use it as final URL-level evidence for a Peated mapping."
"5283131","https://whiskyauctioneer.com/whisky-lot/5283131/glen-moray-1985-smws-28-year-old-35109-class-act","610","Glen Moray 1985 SMWS 28 Year Old 35.109 - A class act","review_lead_only","historical_create_recorded","","","","This source URL was a review lead. The audit did not use it as final URL-level evidence for a Peated mapping."
"5283144","https://whiskyauctioneer.com/whisky-lot/5283144/macallan-1990-smws-16-year-old-2498","1030","Macallan 1990 SMWS 16 Year Old 24.98","final_evidence","ADDED — optional facts left blank","B52773","","SMWS 24.98 Succulent raisin, figs and toffee","Cask type or maturation, exact release date, malt PPM and flavor profile remain unknown. Distillation and bottling months remain in the description because the Bottle form has no fields for them. No series, edition, alias or extra reference. Exact clean image saved locally. Upload pending: the JSON CLI does not accept multipart files. No direct credential-based upload attempted."
"5283146","https://whiskyauctioneer.com/whisky-lot/5283146/glenlivet-1988-smws-16-year-old-254","682","Glenlivet 1988 SMWS 16 Year Old 2.54","final_evidence","ADDED EARLIER — create and image verified","B52402","","SMWS 2.54 Sweet, like peppered honey","Legacy import record. The create receipt and later image write agree on the Bottle ID and name."
"5283180","https://whiskyauctioneer.com/whisky-lot/5283180/macallan-fine-oak-21-year-old","2333","Macallan Fine Oak 21 Year Old","final_evidence","EXISTING — exact bottle verified; no changes","B4679","","Macallan Fine Oak 21 Year Old","Exact marketed expression identified from the source title, source card facts and fresh production search. The release-defining age, vintage, edition, cask code, release year and/or ABV agree where those facts are present. No production write."
"5283185","https://whiskyauctioneer.com/whisky-lot/5283185/grand-marnier-cuvee-speciale","1478","Grand Marnier Cuvee Speciale","final_evidence","SKIPPED — not whisky","","","Grand Marnier Cuvee Speciale","Exact silver front plaque reads Grand Marnier, Liqueur and Cuvee Speciale. This is a liqueur, not whisky. Exclude the entire row. No facts borrowed from Cordon Rouge or another cuvee; no production write."
"5283208","https://whiskyauctioneer.com/whisky-lot/5283208/macallan-1980-gran-reserva-18-year-old","2346","Macallan 1980 Gran Reserva 18 Year Old","review_lead_only","needs_review","","","","This source URL was a review lead. The audit did not use it as final URL-level evidence for a Peated mapping."
"5283212","https://whiskyauctioneer.com/whisky-lot/5283212/mortlach-smws-21-year-old-7684-feisty-and-zesty","1132","Mortlach SMWS 21 Year Old 76.84 - Feisty and zesty","review_lead_only","historical_create_recorded","","","","This source URL was a review lead. The audit did not use it as final URL-level evidence for a Peated mapping."
"5283267","https://whiskyauctioneer.com/whisky-lot/5283267/macallan-1988-smws-23-year-old-24124-close-edge-extreme","1024","Macallan 1988 SMWS 23 Year Old 24.124 - Close to the edge of extreme","final_evidence","ADDED EARLIER — create and image verified","B52413","","SMWS 24.124 Close to the edge of extreme","Legacy import record. The create receipt and later image write agree on the Bottle ID and name."
"5283281","https://whiskyauctioneer.com/whisky-lot/5283281/port-ellen-1979-natural-cask-strength-22-year-old-1st-release","2401","Port Ellen 1979 Natural Cask Strength 22 Year Old - 1st Release","final_evidence","EXISTING — exact bottle verified; no changes","B5356","","Port Ellen 1979 Natural Cask Strength 22 Year Old - 1st Release","Exact marketed expression identified from the source card facts and fresh narrow production search. Release-defining age, vintage, edition, cask code, release year and/or ABV agree where present. No production write."
"5283282","https://whiskyauctioneer.com/whisky-lot/5283282/caledonian-1978-smws-29-year-old-g31-hours-entertainment","422","Caledonian 1978 SMWS 29 Year Old G3.1 - Hours of entertainment","review_lead_only","historical_create_recorded","","","","This source URL was a review lead. The audit did not use it as final URL-level evidence for a Peated mapping."
"5283283","https://whiskyauctioneer.com/whisky-lot/5283283/caol-ila-18-year-old","2905","Caol Ila 18 Year Old","final_evidence","EXISTING — identity matched; no changes","B18750","","Caol Ila 18-year-old","Exact yellow-label core 18 at 43% matches B18750. Not Unpeated 2017 or an independent bottling. No production changes. Known missing distiller/bottler links, NAS=false and ABV=43 saved locally. Retailer colouring claim unconfirmed; leave naturalColor null. Other technical flags, dates, maturation, cask and outturn unknown. Profile and generated tasting claims unverified; factual description saved. Current Bottle has no image; exact clean 900x1200 Whisky Exchange stock image saved for authenticated preflight. Box artwork variation is not a new edition. Names preserved, aliases empty, references unresolved."
"5283286","https://whiskyauctioneer.com/whisky-lot/5283286/bladnoch-2017-select-cask-loch-maberry","367","Bladnoch 2017 Select Cask - Loch Maberry","review_lead_only","historical_create_recorded","","","","This source URL was a review lead. The audit did not use it as final URL-level evidence for a Peated mapping."
"5283291","https://whiskyauctioneer.com/whisky-lot/5283291/famous-grouse-finest-scotch-whisky","46","Famous Grouse Finest Scotch Whisky","final_evidence","EXISTING — identity matched; no changes","B47033","","Famous Grouse Finest Scotch Whisky","All three recovered candidates are the ordinary 40% Famous Grouse blend, in 70cl or 75cl older packaging. Exact source labels and B47033's stored retailer image agree with the core blend. All 12 Famous Grouse records reviewed; no separate edition established. Match B47033 without a new bottle, alias or reference. Identity match only, no production edit. Current ABV suffix in the name is generated; record for later name review, do not silently rename. Source names Matthew Gloag & Son as blender/bottler, but do not apply a historical bottler to an undated general record without reviewing its full scope. No bottling/release date inferred from old packaging or the 1980s estimate. Existing descriptive tasting claims and flavor profile were not independently validated; remaining technical facts stay unasserted."
"5283298","https://whiskyauctioneer.com/whisky-lot/5283298/ledaig-11-year-old-port-pipe-cask-matured","943","Ledaig 11 Year Old Port Pipe Cask Matured","final_evidence","ADDED EARLIER — create and image verified","B52410","","Ledaig Port Pipe Cask Matured","Legacy import record. The create receipt and later image write agree on the Bottle ID and name."
"5283311","https://whiskyauctioneer.com/whisky-lot/5283311/brora-1978-200th-anniversary-40-year-old","397","Brora 1978 200th Anniversary 40 Year Old","review_lead_only","historical_create_recorded","","","","This source URL was a review lead. The audit did not use it as final URL-level evidence for a Peated mapping."
"5283322","https://whiskyauctioneer.com/whisky-lot/5283322/longrow-1998-springbank-society-26-year-old","2624","Longrow 1998 Springbank Society 26 Year Old","final_evidence","EXISTING — exact Bottle verified; no changes","B43622","","Longrow 1998 Springbank Society 26 Year Old","Targeted fresh GET and source-label facts establish the exact release identity. Release-defining age, vintage, edition, release year and/or ABV agree where present. No production write."
"5283325","https://whiskyauctioneer.com/whisky-lot/5283325/springbank-1964","2251","Springbank 1964","review_lead_only","historical_create_recorded","","","","This source URL was a review lead. The audit did not use it as final URL-level evidence for a Peated mapping."
"5283329","https://whiskyauctioneer.com/whisky-lot/5283329/clynelish-12-year-old-ainslie-heilbron","25","Clynelish 12 Year Old - Ainslie & Heilbron","review_lead_only","held_incomplete_source_identity","","","","This source URL was a review lead. The audit did not use it as final URL-level evidence for a Peated mapping."
"5283339","https://whiskyauctioneer.com/whisky-lot/5283339/ardbeg-8-year-old-discussion","2328","Ardbeg 8 Year Old - For Discussion","final_evidence","EXISTING — exact bottle verified; no changes","B46094","","Ardbeg 8 Year Old - For Discussion","Exact marketed expression identified from the source title, source card facts and fresh production search. The release-defining age, vintage, edition, cask code, release year and/or ABV agree where those facts are present. No production write."
"5283340","https://whiskyauctioneer.com/whisky-lot/5283340/ardbeg-8-year-old-discussion","2328","Ardbeg 8 Year Old - For Discussion","final_evidence","EXISTING — exact bottle verified; no changes","B46094","","Ardbeg 8 Year Old - For Discussion","Exact marketed expression identified from the source title, source card facts and fresh production search. The release-defining age, vintage, edition, cask code, release year and/or ABV agree where those facts are present. No production write."
"5283348","https://whiskyauctioneer.com/whisky-lot/5283348/caol-ila-2005-cask-strength","1934","Caol Ila 2005 CASK Strength","final_evidence","ADDED — optional facts left blank","B52818","","Gordon & MacPhail Caol Ila","Stated age, release date, edition, outturn, malt phenol PPM and flavor profile remain unknown. Do not calculate an age from the exact dates. Exact clean image saved locally. Upload pending because the JSON CLI does not accept multipart files."
"5283349","https://whiskyauctioneer.com/whisky-lot/5283349/balvenie-founders-reserve-10-year-old","2364","Balvenie Founder's Reserve 10 Year Old","final_evidence","EXISTING — exact Bottle verified; no changes","B5048","","Balvenie Founder's Reserve 10 Year Old","Targeted fresh GET and source-label facts establish the exact release identity. Release-defining age, vintage, edition, release year and/or ABV agree where present. No production write."
"5283350","https://whiskyauctioneer.com/product/467720/variation/5283350","577","Glen Deveron 1985 5 Year Old","review_lead_only","historical_create_recorded","","","","This source URL was a review lead. The audit did not use it as final URL-level evidence for a Peated mapping."
"5283350","https://whiskyauctioneer.com/whisky-lot/5283350/caol-ila-2004-cask-strength","1933","Caol Ila 2004 CASK Strength","final_evidence","ADDED — optional facts left blank","B52817","","Gordon & MacPhail Caol Ila","Stated age, release date, edition, outturn, malt phenol PPM and flavor profile remain unknown. Do not calculate an age from the exact dates. Exact clean image saved locally. Upload pending because the JSON CLI does not accept multipart files."
"5283361","https://whiskyauctioneer.com/whisky-lot/5283361/macallan-18-year-old-annual-2017-release","58","Macallan 18 Year Old Annual 2017 Release","final_evidence","SKIPPED — unresolved identity","","B14147","Macallan 18 Year Old Annual 2017 Release","The exact recovered source and producer archive identify the 2017 Sherry Oak annual release, age 18 and auction ABV 43%. B14147 is named 18-year-old Sherry Oak (2017 Edition) and has a 2017 retailer price link, but its stored image visibly shows Annual 2024 Release. Structured edition, release year and ABV are null. The record is a strong possible existing match with conflicting image evidence, not a safe net-new create. No create, rename, image replacement, reference change or other production edit. Keep the 2017 row unresolved until the existing record's identity is reconciled."
"5283363","https://whiskyauctioneer.com/whisky-lot/5283363/glen-mhor-1976-rare-malts-selection-28-year-old","2519","Glen Mhor 1976 Rare Malts Selection 28 Year Old","final_evidence","EXISTING — exact bottle verified; no changes","B5218","","Glen Mhor 1976 Rare Malts Selection 28 Year Old","Exact marketed expression identified from the source title, source card facts and fresh production search. The release-defining age, vintage, edition, cask code, release year and/or ABV agree where those facts are present. No production write."
"5283364","https://whiskyauctioneer.com/whisky-lot/5283364/caol-ila-15-year-old-natural-cask-strength-unpeated-style","1924","Caol Ila 15 Year Old Natural Cask Strength 'Unpeated Style'","final_evidence","EXISTING — exact identity; ABV concern recorded","B49852","","Caol Ila 15 Year Old Natural Cask Strength 'Unpeated Style'","The 1998 vintage, 15-year age, 2014 Special Release and Unpeated identity establish B49852 as the same marketed release. The exact source and inspected label show 60.39% ABV, while B49852 stores 61.5%. Record the data concern; do not create a duplicate or edit the existing Bottle in this run."
"5283374","https://whiskyauctioneer.com/whisky-lot/5283374/ardbeg-8-year-old-discussion","2328","Ardbeg 8 Year Old - For Discussion","final_evidence","EXISTING — exact bottle verified; no changes","B46094","","Ardbeg 8 Year Old - For Discussion","Exact marketed expression identified from the source title, source card facts and fresh production search. The release-defining age, vintage, edition, cask code, release year and/or ABV agree where those facts are present. No production write."
"5283376","https://whiskyauctioneer.com/whisky-lot/5283376/ardbeg-8-year-old-discussion","2328","Ardbeg 8 Year Old - For Discussion","final_evidence","EXISTING — exact bottle verified; no changes","B46094","","Ardbeg 8 Year Old - For Discussion","Exact marketed expression identified from the source title, source card facts and fresh production search. The release-defining age, vintage, edition, cask code, release year and/or ABV agree where those facts are present. No production write."
"5283378","https://whiskyauctioneer.com/whisky-lot/5283378/ardbeg-8-year-old-discussion","2328","Ardbeg 8 Year Old - For Discussion","final_evidence","EXISTING — exact bottle verified; no changes","B46094","","Ardbeg 8 Year Old - For Discussion","Exact marketed expression identified from the source title, source card facts and fresh production search. The release-defining age, vintage, edition, cask code, release year and/or ABV agree where those facts are present. No production write."
"5283384","https://whiskyauctioneer.com/whisky-lot/5283384/muirheads-scotch-whisky","1582","Muirhead's Scotch Whisky","final_evidence","ADDED — optional facts left blank","B52793","","Muirhead's Blended Scotch Whisky","The component distilleries, exact bottling and release dates, maturation, cask strength, chill-filtration status, cask identifiers, outturn, malt PPM and flavor profile remain unknown. The independent 1980s estimate is not stored as an exact year. Exact clean front and back images saved locally. Upload pending: the JSON CLI does not accept multipart files. No direct credential-based upload attempted."
"5283385","https://whiskyauctioneer.com/whisky-lot/5283385/robbie-burns-famed-old-scotch-whisky","1618","Robbie Burns Famed Old Scotch Whisky","review_lead_only","historical_create_recorded","","","","This source URL was a review lead. The audit did not use it as final URL-level evidence for a Peated mapping."
"5283387","https://whiskyauctioneer.com/whisky-lot/5283387/prince-charlie-special-reserve-scotch-whisky-113-litre","1610","Prince Charlie Special Reserve Scotch Whisky 1.13-Litre","review_lead_only","historical_create_recorded","","","","This source URL was a review lead. The audit did not use it as final URL-level evidence for a Peated mapping."
"5283388","https://whiskyauctioneer.com/whisky-lot/5283388/real-mackenzie-scotch-whisky","1660","The Real MacKenzie Scotch Blend","final_evidence","EXISTING — exact duplicate; no changes","B52318","","The Real MacKenzie Scotch Blend","The exact row 1660 and row 1661 bottles have the same label design, 40% ABV, 75cl volume, P. Mackenzie bottler wording, back-label text and GTIN 5010406002015. Their printed physical bottle serials differ, which does not create a catalog release. B52318 is the exact 40% blended Scotch release. Fresh complete Brand inventory contains only B52318. Identity match only. The exact labels do not state an age, cask status, cask type, outturn, color, filtration or phenol level. The auction's 1980s estimate is not stored as a structured date. Both exact unwatermarked front and back images are saved locally; the existing Bottle has no image, and the JSON CLI cannot upload one."
"5283388","https://whiskyauctioneer.com/whisky-lot/5283388/real-mackenzie-scotch-whisky","1661","The Real MacKenzie Scotch Whisky","final_evidence","ADDED EARLIER — exact bottle verified","B52318","","The Real MacKenzie Scotch Whisky","The earlier guarded run created B52318. Fresh GET and complete Brand inventory now verify its exact stable name, Brand E1423, bottler E5691, blended-whisky category, 40% ABV, empty distiller list, singleton group and empty aliases against both exact labels and the exact Whisky Auctioneer product record. Identity match only. The exact labels do not state an age, cask status, cask type, outturn, color, filtration or phenol level. The auction's 1980s estimate is not stored as a structured date. Both exact unwatermarked front and back images are saved locally; the existing Bottle has no image, and the JSON CLI cannot upload one."
"5283391","https://whiskyauctioneer.com/whisky-lot/5283391/real-mackenzie-scotch-blend","1660","The Real MacKenzie Scotch Blend","final_evidence","EXISTING — exact duplicate; no changes","B52318","","The Real MacKenzie Scotch Blend","The exact row 1660 and row 1661 bottles have the same label design, 40% ABV, 75cl volume, P. Mackenzie bottler wording, back-label text and GTIN 5010406002015. Their printed physical bottle serials differ, which does not create a catalog release. B52318 is the exact 40% blended Scotch release. Fresh complete Brand inventory contains only B52318. Identity match only. The exact labels do not state an age, cask status, cask type, outturn, color, filtration or phenol level. The auction's 1980s estimate is not stored as a structured date. Both exact unwatermarked front and back images are saved locally; the existing Bottle has no image, and the JSON CLI cannot upload one."
"5283391","https://whiskyauctioneer.com/whisky-lot/5283391/real-mackenzie-scotch-blend","1661","The Real MacKenzie Scotch Whisky","final_evidence","ADDED EARLIER — exact bottle verified","B52318","","The Real MacKenzie Scotch Whisky","The earlier guarded run created B52318. Fresh GET and complete Brand inventory now verify its exact stable name, Brand E1423, bottler E5691, blended-whisky category, 40% ABV, empty distiller list, singleton group and empty aliases against both exact labels and the exact Whisky Auctioneer product record. Identity match only. The exact labels do not state an age, cask status, cask type, outturn, color, filtration or phenol level. The auction's 1980s estimate is not stored as a structured date. Both exact unwatermarked front and back images are saved locally; the existing Bottle has no image, and the JSON CLI cannot upload one."
"5283395","https://whiskyauctioneer.com/whisky-lot/5283395/dunhill-old-master-scotch-whisky","1360","Dunhill Old Master Scotch Whisky","final_evidence","SKIPPED — unresolved identity","","","Dunhill Old Master Scotch Whisky","SKIPPED with no production write. Exact images and independent sources identify Alfred Dunhill Old Master, a 43% no-age-statement blended Scotch created for the luxury retailer by IDV in the 1980s. The 70cl and 75cl lots are package variants of that release. Production has no matching Bottle, but its only exact-name Dunhill Brand, E2641, is explicitly described as the separate short-lived Kasser Distillers product introduced in the United States in 1963 after a trademark conflict with Alfred Dunhill. Reusing E2641 would attach the Bottle to the wrong Brand identity. Creating another identical-name Dunhill Entity would create an unresolved duplicate. This requires a separately approved Entity correction or merge before the Bottle can be added."
"5283401","https://whiskyauctioneer.com/whisky-lot/5283401/laphroaig-10-year-old-litre","54","Laphroaig 10 Year Old Litre","final_evidence","EXISTING — identity matched; no changes","B1","","Laphroaig 10 Year Old Litre","All three recovered candidates are the standard ten-year-old at 43%, without an explicit edition. B1's stored image also clearly shows age 10 and 43% at 750ml. Volume and older packaging alone do not make a new Bottle. All 210 Laphroaig results and B1's six general references reviewed. Match the existing general record; do not create a litre edition. Identity match only, no production edit. ABV=43 and NAS=false are verified source facts, but B1 is an undated general record with general references; preserve its null strength pending a scoped enrichment review. The initial possible-match concern was resolved by the stored 43% image and all three same-strength candidates. Do not turn estimated packaging eras 1987-1994, 1994-2000 or 2000-2013 into release dates. Source explicitly names Laphroaig as distiller/bottler; remaining technical facts and current generated tasting claims are unverified."
"5283403","https://whiskyauctioneer.com/whisky-lot/5283403/holts-buff-label-sherry-cask-blend","1507","Holt's Buff Label Sherry Cask Blend","final_evidence","ADDED — optional facts left blank","B52785","","Holt's Buff Label","The component distilleries, exact date and age, vintage and release year, maturation, cask strength, natural-color and chill-filtration status, cask numbers, outturn, PPM and flavor profile remain unknown. The source title's sherry-cask claim is not printed on the exact label and is not stored. Exact clean front and back images saved locally. Upload pending: the JSON CLI does not accept multipart files. No direct credential-based upload attempted."
"5283408","https://whiskyauctioneer.com/whisky-lot/5283408/highland-queen-grand-reserve-15-year-old-scotch-whisky","771","Highland Queen Grand Reserve 15 Year Old Scotch Whisky","review_lead_only","historical_create_recorded","","","","This source URL was a review lead. The audit did not use it as final URL-level evidence for a Peated mapping."
"5283410","https://whiskyauctioneer.com/whisky-lot/5283410/something-special-de-luxe-scotch-whisky-1970s","1641","Something Special De Luxe Scotch Whisky 1970s","review_lead_only","historical_create_recorded","","","","This source URL was a review lead. The audit did not use it as final URL-level evidence for a Peated mapping."
"5283415","https://whiskyauctioneer.com/whisky-lot/5283415/macallan-fine-oak-12-year-old","2332","Macallan Fine Oak 12 Year Old","final_evidence","EXISTING — exact bottle verified; no changes","B2167","","Macallan Fine Oak 12 Year Old","Exact marketed expression identified from the source title, source card facts and fresh production search. The release-defining age, vintage, edition, cask code, release year and/or ABV agree where those facts are present. No production write."
"5283416","https://whiskyauctioneer.com/whisky-lot/5283416/macallan-fine-oak-12-year-old","2332","Macallan Fine Oak 12 Year Old","final_evidence","EXISTING — exact bottle verified; no changes","B2167","","Macallan Fine Oak 12 Year Old","Exact marketed expression identified from the source title, source card facts and fresh production search. The release-defining age, vintage, edition, cask code, release year and/or ABV agree where those facts are present. No production write."
"5283417","https://whiskyauctioneer.com/whisky-lot/5283417/macallan-fine-oak-12-year-old","2332","Macallan Fine Oak 12 Year Old","final_evidence","EXISTING — exact bottle verified; no changes","B2167","","Macallan Fine Oak 12 Year Old","Exact marketed expression identified from the source title, source card facts and fresh production search. The release-defining age, vintage, edition, cask code, release year and/or ABV agree where those facts are present. No production write."
"5283436","https://whiskyauctioneer.com/whisky-lot/5283436/chartreuse-de-tarragona-1973-1989-green-label","1429","Chartreuse De Tarragona 1973-1989 Green Label","final_evidence","SKIPPED — not whisky","","","Chartreuse De Tarragona 1973-1989 Green Label","The exact lot is green Chartreuse at 55%. The producer identifies green Chartreuse as a botanical liqueur made with alcohol, sugar, water and plants. The historical Tarragona presentation does not make it whisky. No Bottle or entity added."
"5283445","https://whiskyauctioneer.com/whisky-lot/5283445/macallan-1995-easter-elchies-cask-selection-13-year-old","61","Macallan 1995 Easter Elchies Cask Selection 13 Year Old","review_lead_only","historical_create_recorded","","","","This source URL was a review lead. The audit did not use it as final URL-level evidence for a Peated mapping."
"5283448","https://whiskyauctioneer.com/whisky-lot/5283448/macallan-fine-oak-21-year-old","2333","Macallan Fine Oak 21 Year Old","final_evidence","EXISTING — exact bottle verified; no changes","B4679","","Macallan Fine Oak 21 Year Old","Exact marketed expression identified from the source title, source card facts and fresh production search. The release-defining age, vintage, edition, cask code, release year and/or ABV agree where those facts are present. No production write."
"5283449","https://whiskyauctioneer.com/whisky-lot/5283449/macallan-re-awakening-12-year-old","65","Macallan Re-Awakening 12 Year Old","review_lead_only","created_verified","","","","This source URL was a review lead. The audit did not use it as final URL-level evidence for a Peated mapping."
"5283450","https://whiskyauctioneer.com/whisky-lot/5283450/macallan-royal-marriage","33","Macallan Royal Marriage","review_lead_only","held_possible_existing_match","","","","This source URL was a review lead. The audit did not use it as final URL-level evidence for a Peated mapping."
"5283456","https://whiskyauctioneer.com/whisky-lot/5283456/macallan-x-jordi-roca-harmony-collection-rich-cacao","2321","Macallan x Jordi Roca The Harmony Collection - Rich Cacao","final_evidence","EXISTING — exact identity; data concern recorded","B1834","","Macallan x Jordi Roca The Harmony Collection - Rich Cacao","Exact marketed expression identified from the source card facts and fresh narrow production searches. The existing Bottle incorrectly carries statedAge 12. Rich Cacao is a no-age-statement release; this identity match does not approve that value. No production write."
"5283458","https://whiskyauctioneer.com/whisky-lot/5283458/macallan-concept-number-1-art","2349","Macallan Concept Number 1 - Art","final_evidence","EXISTING — exact bottle verified; no changes","B722","","Macallan Concept Number 1 - Art","Exact marketed expression identified from the source card facts and fresh narrow production search. Release-defining age, vintage, edition, cask code, release year and/or ABV agree where present. No production write."
"5283473","https://whiskyauctioneer.com/whisky-lot/5283473/diageo-directors-blend-scotch-whisky","123","Diageo The Directors Blend Scotch Whisky","final_evidence","ADDED — optional facts left blank","B52577","","Diageo The Directors' Blend","The actual 29 distilleries are not individually named; leave distillers empty. Colouring Yes has only one exact retailer claim, so naturalColor remains null. Age, cask strength, filtration, vintage, maturation, cask number, outturn, malt PPM, flavor profile and exact release month/day are unverified. December 2005 is bottling, not established release month. Exact clean image saved locally. Upload pending: the JSON CLI does not accept multipart files. No direct credential-based upload attempted."
"5283476","https://whiskyauctioneer.com/whisky-lot/5283476/teaninich-1972-rare-malts-selection-23-year-old","2406","Teaninich 1972 Rare Malts Selection 23 Year Old","final_evidence","EXISTING — exact bottle verified; no changes","B5387","","Teaninich 1972 Rare Malts Selection 23 Year Old","Exact marketed expression identified from the source title, source card facts and fresh production search. The release-defining age, vintage, edition, cask code, release year and/or ABV agree where those facts are present. No production write."
"5283477","https://whiskyauctioneer.com/whisky-lot/5283477/diageo-directors-blend-scotch-whisky","123","Diageo The Directors Blend Scotch Whisky","final_evidence","ADDED — optional facts left blank","B52577","","Diageo The Directors' Blend","The actual 29 distilleries are not individually named; leave distillers empty. Colouring Yes has only one exact retailer claim, so naturalColor remains null. Age, cask strength, filtration, vintage, maturation, cask number, outturn, malt PPM, flavor profile and exact release month/day are unverified. December 2005 is bottling, not established release month. Exact clean image saved locally. Upload pending: the JSON CLI does not accept multipart files. No direct credential-based upload attempted."
"5283480","https://whiskyauctioneer.com/whisky-lot/5283480/caol-ila-cask-strength-johnnie-walker-mentoring","439","Caol Ila Cask Strength Johnnie Walker Mentoring","final_evidence","SKIPPED — unresolved identity","","B1120","Caol Ila Cask Strength Johnnie Walker Mentoring","Do not create or patch. The exact label proves a Caol Ila no-age-statement Cask Strength bottling at 55% for Johnnie Walker Mentoring, but it does not prove different whisky from the standard 55% cask-strength line. B1120 is the existing generic Caol Ila Natural Cask Strength record with all dates and ABV missing; its sole reference is canonical and cannot resolve the mentoring label. B5063 is explicitly distillery-only and less likely. Secondary sources call the mentoring bottle an exclusive or rebottling, which does not prove a separate marketed release under the package-variant rule. Keep the clean exact images and source facts, but do not add or edit production data until same-release or distinct-release evidence appears."
"5283482","https://whiskyauctioneer.com/whisky-lot/5283482/brora-1977-rare-malts-selection-24-year-old","2368","Brora 1977 Rare Malts Selection 24 Year Old","final_evidence","EXISTING — exact bottle verified; no changes","B49672","","Brora 1977 Rare Malts Selection 24 Year Old","Exact marketed expression identified from the source title, source card facts and fresh production search. The release-defining age, vintage, edition, cask code, release year and/or ABV agree where those facts are present. No production write."
"5283483","https://whiskyauctioneer.com/whisky-lot/5283483/diageo-global-supply-scotland-100-million-litres-scotch-whisky","542","Diageo Global Supply Scotland 100 Million Litres Scotch Whisky","review_lead_only","historical_create_recorded","","","","This source URL was a review lead. The audit did not use it as final URL-level evidence for a Peated mapping."
"5283485","https://whiskyauctioneer.com/whisky-lot/5283485/royal-lochnagar-1972-rare-malts-selection-24-year-old","2660","Royal Lochnagar 1972 Rare Malts Selection 24 Year Old","final_evidence","EXISTING — exact bottle verified; no changes","B49732","","Royal Lochnagar 1972 Rare Malts Selection 24 Year Old","Exact marketed expression identified from the source title, source card facts and fresh production search. The release-defining age, vintage, edition, cask code, release year and/or ABV agree where those facts are present. No production write."
"5283487","https://whiskyauctioneer.com/whisky-lot/5283487/inchgower-1974-rare-malts-selection-22-year-old","2581","Inchgower 1974 Rare Malts Selection 22 Year Old","final_evidence","EXISTING — exact bottle verified; no changes","B49710","","Inchgower 1974 Rare Malts Selection 22 Year Old","Exact marketed expression identified from the source title, source card facts and fresh production search. The release-defining age, vintage, edition, cask code, release year and/or ABV agree where those facts are present. No production write."
"5283489","https://whiskyauctioneer.com/whisky-lot/5283489/ardmore-2008-bramble-whisky-co","262","Ardmore 2008 Bramble Whisky Co","final_evidence","ADDED EARLIER — create and image verified","B52385","","Bramble Whisky Co Ardmore - Batch #4","Legacy import record. The create receipt and later image write agree on the Bottle ID and name."
"5283496","https://whiskyauctioneer.com/whisky-lot/5283496/royal-lochnagar-selected-reserve","2402","Royal Lochnagar Selected Reserve","final_evidence","EXISTING — exact identity; data concern recorded","B17582","","Royal Lochnagar Selected Reserve","Exact marketed expression identified from the source title, source card facts and fresh production search. B5381 also appears to duplicate this 1988-1991 43% expression. B2956 is an age-18 release and B49831 is the 2007 release. Reuse B17582; do not merge records in this run."
"5283498","https://whiskyauctioneer.com/whisky-lot/5283498/walkers-de-luxe-bourbon-1980s","1665","Walker's De Luxe Bourbon 1980s","final_evidence","ADDED — optional facts left blank","B52802","","Walker's De Luxe Straight Bourbon Whiskey","The numerical age, bottling and release dates, bottler, series, edition, cask number, outturn, cask-strength status, chill-filtration status, malt phenol PPM and flavor profile remain unknown. The auction's 1980s date is an estimate only. The 75cl package volume and barcode are not editable Bottle identity fields. Exact clean front and back images saved locally. Upload pending because the JSON CLI does not accept multipart files."
"5283524","https://whiskyauctioneer.com/whisky-lot/5283524/ladyburn-rare-ayrshire-1975-cask-strength-collection-31-year-old","910","Ladyburn-Rare Ayrshire 1975 Cask Strength Collection 31 Year Old","review_lead_only","historical_create_recorded","","","","This source URL was a review lead. The audit did not use it as final URL-level evidence for a Peated mapping."
"5283550","https://whiskyauctioneer.com/whisky-lot/5283550/drambuie-jacobite-collection-45-year-old-decanter","1448","Drambuie Jacobite Collection 45 Year Old Decanter","final_evidence","SKIPPED — not whisky","","","Drambuie Jacobite Collection 45 Year Old Decanter","The exact lot is Drambuie Jacobite at 40%. The exact retailer listing and contemporary launch account describe whisky blended with Drambuie's herbal recipe: a whisky-based liqueur, not whisky. The 45-year-old whisky component does not establish an in-scope Bottle. Conflicting outturn claims are immaterial to exclusion and were not copied."
"5283563","https://whiskyauctioneer.com/whisky-lot/5283563/caol-ila-2001-special-festival-edition-0","434","Caol Ila 2001 Special Festival Edition","final_evidence","EXISTING — identity matched; no changes","B17070","","Caol Ila Special Festival Edition - Fèis Ìle 2012","Exact label matches B17070: single sherry butt 300897, vintage 2001, bottled 2012, 60.4%, 618 bottles. Stored retailer image matches. No production changes. Current description incorrectly says 12 years. Contemporary producer announcement explicitly states 11 years and on sale 28 May 2012; factual replacement saved, not applied. Distiller/bottler links and age/NAS flag remain pending authenticated preflight. Colour, filtration and PPM unknown. Current profile unverified. Names preserved, aliases empty, protected references unresolved. Retailer's conflicting Single Cask No and placeholder dates rejected."
"5283564","https://whiskyauctioneer.com/whisky-lot/5283564/caol-ila-2010-whisky-sponge-9-year-old-edition-no13","1935","Caol Ila 2010 Whisky Sponge 9 Year Old Edition No.13","final_evidence","ADDED — optional facts left blank","B52819","","Whisky Sponge Caol Ila - Edition No. 13","Exact dates, bottler, series, cask number, cask-strength status, color and filtration claims, release date, malt phenol PPM and flavor profile remain unknown. Exact clean image saved locally. Upload pending because the JSON CLI does not accept multipart files."
"5283579","https://whiskyauctioneer.com/whisky-lot/5283579/springbank-2016-duty-paid-sample-9-year-old-fresh-sherry","1248","Springbank 2016 Duty Paid Sample 9 Year Old - Fresh Sherry","final_evidence","ADDED EARLIER — create and image verified","B52416","","Springbank Duty Paid Sample","Legacy import record. The create receipt and later image write agree on the Bottle ID and name."
"5283620","https://whiskyauctioneer.com/whisky-lot/5283620/suntory-old-whisky-tourney-club-golf-ball-decanter","1266","Suntory Old Whisky Tourney Club Golf Ball Decanter","final_evidence","ADDED — optional facts left blank","B52775","","Suntory Whisky Old","The constituent distilleries, exact age, dates, maturation, cask facts, outturn, color and filtration claims, PPM and flavor profile remain unknown. Tourney Club, Golf Ball Decanter and 10cl are package facts, so they are not stored as an edition or in the Bottle name. Exact clean package image saved locally, but it is not suitable as the representative image for the base Bottle. No image upload attempted."
"5283627","https://whiskyauctioneer.com/whisky-lot/5283627/seagram-25-year-old-club-scotch-whisky","1627","Seagram 25 Year Old Club Scotch Whisky","final_evidence","SKIPPED — unresolved identity","","B52799","Seagram 25 Year Old Club Scotch Whisky","SKIPPED with no production Bottle remaining. Exact label and independent sources prove The Seagram 25 Year Club, a 25-year-old blended Scotch at 40% ABV produced and bottled by Joseph E. Seagram & Sons Ltd for employees with at least 25 years of service. Peated's current Bottle API normalizes the stable marketed expression '25 Year Club' to '25-year-old Club'. That changes the club name into age wording and violates the catalog naming rule. The guarded create returned B52799 with only this name mismatch; the unused Bottle was immediately deleted, and fresh GET and inventory checks confirm that no Bottle remains. Keep this row held until the API can preserve the exact marketed name or a catalog owner approves another exact representation. Do not create a generic Seagram Brand or assign unproven component distilleries."
"5283650","https://whiskyauctioneer.com/whisky-lot/5283650/springbank-cask-strength-12-year-old","2320","Springbank Cask Strength 12 Year Old","review_lead_only","needs_review","","","","This source URL was a review lead. The audit did not use it as final URL-level evidence for a Peated mapping."
"5283654","https://whiskyauctioneer.com/whisky-lot/5283654/dallas-dhu-1982-24-year-old","2509","Dallas Dhu 1982 24 Year Old","final_evidence","EXISTING — exact bottle verified; no changes","B5066","","Dallas Dhu 1982 24 Year Old","Exact marketed expression identified from the source title, source card facts and fresh production search. The release-defining age, vintage, edition, cask code, release year and/or ABV agree where those facts are present. No production write."
"5283659","https://whiskyauctioneer.com/whisky-lot/5283659/benrinnes-1992-casks-distinction-30-year-old","3","Benrinnes 1992 Casks of Distinction 30 Year Old","review_lead_only","created_verified","","","","This source URL was a review lead. The audit did not use it as final URL-level evidence for a Peated mapping."
"5283660","https://whiskyauctioneer.com/whisky-lot/5283660/benrinnes-1992-casks-distinction-30-year-old","3","Benrinnes 1992 Casks of Distinction 30 Year Old","review_lead_only","created_verified","","","","This source URL was a review lead. The audit did not use it as final URL-level evidence for a Peated mapping."
"5283661","https://whiskyauctioneer.com/whisky-lot/5283661/benrinnes-1992-casks-distinction-30-year-old","3","Benrinnes 1992 Casks of Distinction 30 Year Old","review_lead_only","created_verified","","","","This source URL was a review lead. The audit did not use it as final URL-level evidence for a Peated mapping."
"5283662","https://whiskyauctioneer.com/whisky-lot/5283662/benrinnes-1992-casks-distinction-30-year-old","3","Benrinnes 1992 Casks of Distinction 30 Year Old","review_lead_only","created_verified","","","","This source URL was a review lead. The audit did not use it as final URL-level evidence for a Peated mapping."
"5283663","https://whiskyauctioneer.com/whisky-lot/5283663/benrinnes-1992-casks-distinction-30-year-old","3","Benrinnes 1992 Casks of Distinction 30 Year Old","review_lead_only","created_verified","","","","This source URL was a review lead. The audit did not use it as final URL-level evidence for a Peated mapping."
"5283664","https://whiskyauctioneer.com/whisky-lot/5283664/benrinnes-1992-casks-distinction-30-year-old","3","Benrinnes 1992 Casks of Distinction 30 Year Old","review_lead_only","created_verified","","","","This source URL was a review lead. The audit did not use it as final URL-level evidence for a Peated mapping."
"5283665","https://whiskyauctioneer.com/whisky-lot/5283665/benrinnes-1992-casks-distinction-30-year-old","3","Benrinnes 1992 Casks of Distinction 30 Year Old","review_lead_only","created_verified","","","","This source URL was a review lead. The audit did not use it as final URL-level evidence for a Peated mapping."
"5283666","https://whiskyauctioneer.com/whisky-lot/5283666/benrinnes-1992-casks-distinction-30-year-old","3","Benrinnes 1992 Casks of Distinction 30 Year Old","final_evidence","ADDED — optional facts left blank","B52458","","Benrinnes Single Malt Scotch Whisky","Release date, natural colour, chill filtration, malt PPM and flavor classification are not established. Natural cask strength does not prove natural colour. The bottling date is not treated as a release date. The Casks of Distinction cross-brand program stays in the description, not a new BottleSeries."
"5283671","https://whiskyauctioneer.com/whisky-lot/5283671/port-ellen-1978-natural-cask-strength-29-year-old-8th-release","2650","Port Ellen 1978 Natural Cask Strength 29 Year Old - 8th Release","final_evidence","EXISTING — exact identity; data concern recorded","B5022","","Port Ellen 1978 Natural Cask Strength 29 Year Old - 8th Release","Exact marketed expression identified from the source card facts and fresh narrow production searches. The source calls the 8th Release 29 years old while B5022 carries age 30. The unique release number and 2008 context prove identity; this match does not approve the existing age value. No production write."
"5283672","https://whiskyauctioneer.com/whisky-lot/5283672/port-ellen-1979-natural-cask-strength-28-year-old-7th-release","2654","Port Ellen 1979 Natural Cask Strength 28 Year Old - 7th Release","final_evidence","EXISTING — exact bottle verified; no changes","B5102","","Port Ellen 1979 Natural Cask Strength 28 Year Old - 7th Release","Exact marketed expression identified from the source card facts and fresh narrow production search. Release-defining age, vintage, edition, cask code, release year and/or ABV agree where present. No production write."
"5283674","https://whiskyauctioneer.com/whisky-lot/5283674/port-ellen-1978-natural-cask-strength-24-year-old-2nd-release","2352","Port Ellen 1978 Natural Cask Strength 24 Year Old - 2nd Release","final_evidence","EXISTING — exact bottle verified; no changes","B5336","","Port Ellen 1978 Natural Cask Strength 24 Year Old - 2nd Release","Exact marketed expression identified from the source card facts and fresh narrow production search. Release-defining age, vintage, edition, cask code, release year and/or ABV agree where present. No production write."
"5283677","https://whiskyauctioneer.com/whisky-lot/5283677/gordon-barratt-very-special-old-liqueur-scotch-whisky","1476","Gordon Barratt Very Special Old Liqueur Scotch Whisky","final_evidence","SKIPPED — unresolved identity","","","Gordon Barratt Very Special Old Liqueur Scotch Whisky","SKIPPED with no production write. The exact label identifies Gordon Barratt Very Special Old Liqueur Scotch Whisky and says 'Old Highland Malt Only,' but it gives no source distillery, modern category, age statement or ABV. A historical trade directory identifies Gordon Barratt of Bungay as an importer of wines and spirits, not a distillery or proved bottler. The historic words 'liqueur' and 'malt only' do not safely distinguish single malt from blended malt under the current catalog model. Fresh complete Peated searches found no matching Entity or Bottle. Creating a Brand and Bottle would therefore require unsupported producer and category decisions, so the entire release remains flagged until stronger evidence is found."
"5283688","https://whiskyauctioneer.com/whisky-lot/5283688/macallan-1979-gran-reserva-18-year-old","2345","Macallan 1979 Gran Reserva 18 Year Old","final_evidence","EXISTING — exact bottle verified; no changes","B5434","","Macallan 1979 Gran Reserva 18 Year Old","Exact marketed expression identified from the source card facts and fresh narrow production search. Release-defining age, vintage, edition, cask code, release year and/or ABV agree where present. No production write."
"5283695","https://whiskyauctioneer.com/whisky-lot/5283695/aberlour-1997-smws-17-year-old-5435-lovely-jubbly","2410","Aberlour 1997 SMWS 17 Year Old 54.35 - Lovely jubbly!","final_evidence","EXISTING — exact bottle verified; no changes","B51587","","Aberlour 1997 SMWS 17 Year Old 54.35 - Lovely jubbly!","Exact marketed expression identified from the source title, source card facts and fresh production search. The release-defining age, vintage, edition, cask code, release year and/or ABV agree where those facts are present. No production write."
"5283698","https://whiskyauctioneer.com/whisky-lot/5283698/glenturret-2001-smws-10-year-old-1631-dichotomy-sweet-and-savoury","714","Glenturret 2001 SMWS 10 Year Old 16.31 - Dichotomy of sweet and savoury","final_evidence","ADDED EARLIER — create and image verified","B52404","","SMWS 16.31 Dichotomy of sweet and savoury","Legacy import record. The create receipt and later image write agree on the Bottle ID and name."
"5283699","https://whiskyauctioneer.com/whisky-lot/5283699/glenburgie-1998-smws-17-year-old-7142-sinbad-preparing-journey","2374","Glenburgie 1998 SMWS 17 Year Old 71.42 - Sinbad preparing for a journey","final_evidence","EXISTING — identity matched; no changes","B50998","","SMWS 71.42 Sinbad preparing for a journey","Exact printed Society code, subtitle, age 17, 57.5% and vintage 1998 match B50998. Auction labels and the existing producer image both print 750 bottles. Producer verifies Refill butt and Spicy & Dry; preserve those current values. Complete 66-record Glenburgie inventory reviewed, then the exact Bottle and aliases read fresh. Existing clean producer image verified and retained. No production changes. Identity match only, not full enrichment. Known missing noAgeStatement=false and outturn=750 are saved for a later authenticated patch. USA allocation 150 is not global outturn. Auction gorda wording does not replace producer Refill butt. Bare auction year 2016 is not enough to establish its date meaning. Other listed technical facts remain unknown. Alias list is empty. Protected references returned HTTP 401 and remain unresolved; no reference action was taken."
"5283703","https://whiskyauctioneer.com/whisky-lot/5283703/auchroisk-1997-smws-18-year-old-9520-glazed-cocktail-sausages","2362","Auchroisk 1997 SMWS 18 Year Old 95.20 - Glazed cocktail sausages","final_evidence","EXISTING — exact bottle verified; no changes","B51214","","Auchroisk 1997 SMWS 18 Year Old 95.20 - Glazed cocktail sausages","Exact marketed expression identified from the source title, source card facts and fresh production search. The release-defining age, vintage, edition, cask code, release year and/or ABV agree where those facts are present. No production write."
"5283704","https://whiskyauctioneer.com/whisky-lot/5283704/aultmore-1992-smws-22-year-old-7369-dark-side-eclipsed-sweet-joys","298","Aultmore 1992 SMWS 22 Year Old 73.69 - Dark side eclipsed by sweet joys","review_lead_only","historical_create_recorded","","","","This source URL was a review lead. The audit did not use it as final URL-level evidence for a Peated mapping."
"5283705","https://whiskyauctioneer.com/whisky-lot/5283705/clynelish-1984-smws-29-year-old-26106-say-it-flowers","2372","Clynelish 1984 SMWS 29 Year Old 26.106 - 'Say it with flowers'","final_evidence","EXISTING — exact bottle verified; no changes","B50309","","Clynelish 1984 SMWS 29 Year Old 26.106 - 'Say it with flowers'","Exact marketed expression identified from the source title, source card facts and fresh production search. The release-defining age, vintage, edition, cask code, release year and/or ABV agree where those facts are present. No production write."
"5283706","https://whiskyauctioneer.com/whisky-lot/5283706/glen-moray-1987-smws-27-year-old-35129-dans-un-auberge-en-gascogne","611","Glen Moray 1987 SMWS 27 Year Old 35.129 - Dans un auberge en Gascogne","review_lead_only","historical_create_recorded","","","","This source URL was a review lead. The audit did not use it as final URL-level evidence for a Peated mapping."
"5283707","https://whiskyauctioneer.com/whisky-lot/5283707/glenburgie-1998-smws-17-year-old-7142-sinbad-preparing-journey","2374","Glenburgie 1998 SMWS 17 Year Old 71.42 - Sinbad preparing for a journey","review_lead_only","matched_existing","","","","This source URL was a review lead. The audit did not use it as final URL-level evidence for a Peated mapping."
"5283708","https://whiskyauctioneer.com/whisky-lot/5283708/auchroisk-1997-smws-18-year-old-9520-glazed-cocktail-sausages","2362","Auchroisk 1997 SMWS 18 Year Old 95.20 - Glazed cocktail sausages","final_evidence","EXISTING — exact bottle verified; no changes","B51214","","Auchroisk 1997 SMWS 18 Year Old 95.20 - Glazed cocktail sausages","Exact marketed expression identified from the source title, source card facts and fresh production search. The release-defining age, vintage, edition, cask code, release year and/or ABV agree where those facts are present. No production write."
"5283709","https://whiskyauctioneer.com/whisky-lot/5283709/dailuaine-2004-smws-11-year-old-4171-refreshing-and-lip-smackingly-tasty","2506","Dailuaine 2004 SMWS 11 Year Old 41.71 - Refreshing and lip-smackingly tasty","final_evidence","EXISTING — identity matched; no changes","B50583","","SMWS 41.71 Refreshing and lip-smackingly tasty","Exact code, subtitle, age 11, 59.5%, vintage 2004 and inspected stored producer image match B50583. Producer verifies maturation and flavor profile. No production changes. Identity match only. Known missing noAgeStatement=false and outturn=216 saved for authenticated preflight. Producer's 120-bottle USA allocation is not the global outturn. Other technical and date facts remain unknown. Preserve current description and image. Aliases array is empty; protected references unresolved."
"5283710","https://whiskyauctioneer.com/whisky-lot/5283710/clynelish-1983-smws-21-year-old-2639","492","Clynelish 1983 SMWS 21 Year Old 26.39","final_evidence","ADDED EARLIER — create and image verified","B52395","","SMWS 26.39 Spirited elan'","Legacy import record. The create receipt and later image write agree on the Bottle ID and name."
"5283713","https://whiskyauctioneer.com/whisky-lot/5283713/glenglassaugh-1984-smws-17-year-old-2122","2061","Glenglassaugh 1984 SMWS 17 Year Old 21.22","review_lead_only","historical_create_recorded","","","","This source URL was a review lead. The audit did not use it as final URL-level evidence for a Peated mapping."
"5283714","https://whiskyauctioneer.com/whisky-lot/5283714/glen-ord-1987-smws-17-year-old-779-tennis-court-whisky","617","Glen Ord 1987 SMWS 17 Year Old 77.9 - A tennis court whisky","final_evidence","ADDED EARLIER — create and image verified","B52398","","SMWS 77.9 A tennis court whisky","Legacy import record. The create receipt and later image write agree on the Bottle ID and name."
"5283715","https://whiskyauctioneer.com/whisky-lot/5283715/arran-1998-smws-9-year-old-12121","275","Arran 1998 SMWS 9 Year Old 121.21","final_evidence","EXISTING — receipt reconciled; image added","B52350","","SMWS 121.21 Extremely Agreeable","The exact original SMWS tasting card explicitly names the distillery at Lochranza. E1146 is correct; E112 identifies the Arran brand. Existing B52350 already has E1146 and needs no fact edit. Society code 121.21, subtitle, age, dates, strength and cask notes match the original label. Outturn, natural colour, chill filtration, malt PPM and release date stay unknown. Bottling date is not release date. No series, edition or flavor category inferred."
"5283717","https://whiskyauctioneer.com/whisky-lot/5283717/ardbeg-1998-smws-9-year-old-3366","249","Ardbeg 1998 SMWS 9 Year Old 33.66","final_evidence","ADDED EARLIER — create and image verified","B52380","","SMWS 33.66","Legacy import record. The create receipt and later image write agree on the Bottle ID and name."
"5283721","https://whiskyauctioneer.com/whisky-lot/5283721/cragganmore-1986-smws-18-year-old-3725","1971","Cragganmore 1986 SMWS 18 Year Old 37.25","review_lead_only","historical_create_recorded","","","","This source URL was a review lead. The audit did not use it as final URL-level evidence for a Peated mapping."
"5283722","https://whiskyauctioneer.com/whisky-lot/5283722/ardbeg-smws-7-year-old-33101-fabulous-thigh-slapping-smoke","253","Ardbeg SMWS 7 Year Old 33.101 - Fabulous, thigh-slapping smoke","review_lead_only","historical_create_recorded","","","","This source URL was a review lead. The audit did not use it as final URL-level evidence for a Peated mapping."
"5283724","https://whiskyauctioneer.com/whisky-lot/5283724/dufftown-1985-smws-20-year-old-9119","1991","Dufftown 1985 SMWS 20 Year Old 91.19","review_lead_only","historical_create_recorded","","","","This source URL was a review lead. The audit did not use it as final URL-level evidence for a Peated mapping."
"5283727","https://whiskyauctioneer.com/whisky-lot/5283727/glenmorangie-smws-10-year-old-12544-honeyed-fruits","2078","Glenmorangie SMWS 10 Year Old 125.44 - Honeyed fruits","review_lead_only","historical_create_recorded","","","","This source URL was a review lead. The audit did not use it as final URL-level evidence for a Peated mapping."
"5283731","https://whiskyauctioneer.com/whisky-lot/5283731/mortlach-1990-smws-13-year-old-7636-dried-figs-stewed-tea","1124","Mortlach 1990 SMWS 13 Year Old 76.36 - Dried figs stewed in tea","review_lead_only","historical_create_recorded","","","","This source URL was a review lead. The audit did not use it as final URL-level evidence for a Peated mapping."
"5283732","https://whiskyauctioneer.com/whisky-lot/5283732/benrinnes-1988-smws-17-year-old-3632","336","Benrinnes 1988 SMWS 17 Year Old 36.32","review_lead_only","historical_create_recorded","","","","This source URL was a review lead. The audit did not use it as final URL-level evidence for a Peated mapping."
"5283735","https://whiskyauctioneer.com/whisky-lot/5283735/bowmore-30-year-old-sea-dragon-ceramic-decanter","40","Bowmore 30 Year Old - 'Sea Dragon' Ceramic Decanter","review_lead_only","created_verified","","","","This source URL was a review lead. The audit did not use it as final URL-level evidence for a Peated mapping."
"5283737","https://whiskyauctioneer.com/whisky-lot/5283737/bowmore-30-year-old-sea-dragon-ceramic-decanter","40","Bowmore 30 Year Old - 'Sea Dragon' Ceramic Decanter","review_lead_only","created_verified","","","","This source URL was a review lead. The audit did not use it as final URL-level evidence for a Peated mapping."
"5283739","https://whiskyauctioneer.com/whisky-lot/5283739/bowmore-30-year-old-sea-dragon-ceramic-decanter","40","Bowmore 30 Year Old - 'Sea Dragon' Ceramic Decanter","final_evidence","ADDED — optional facts left blank","B52564","","Bowmore Sea Dragon","Series, edition, single-cask and cask-strength status, natural colour, filtration, malt PPM, vintage, bottling and release dates, producer maturation wording, cask number, outturn and flavor profile are not established and stay null. A catalog availability date is not an original release date. All 26 writable fields and the image reviewed. No alternate marketed name is proposed as an alias, and no noncanonical matching reference is added. Exact clean product image is saved locally. Upload pending because the JSON CLI does not accept multipart files. No direct credential-based upload attempted."
"5283741","https://whiskyauctioneer.com/whisky-lot/5283741/four-roses-mizunara-finish-straight-bourbon-experiment-no001","4","Four Roses Mizunara Finish Straight Bourbon - Experiment No.001","review_lead_only","created_verified","","","","This source URL was a review lead. The audit did not use it as final URL-level evidence for a Peated mapping."
"5283742","https://whiskyauctioneer.com/whisky-lot/5283742/four-roses-mizunara-finish-straight-bourbon-experiment-no001","4","Four Roses Mizunara Finish Straight Bourbon - Experiment No.001","review_lead_only","created_verified","","","","This source URL was a review lead. The audit did not use it as final URL-level evidence for a Peated mapping."
"5283743","https://whiskyauctioneer.com/whisky-lot/5283743/four-roses-mizunara-finish-straight-bourbon-experiment-no001","4","Four Roses Mizunara Finish Straight Bourbon - Experiment No.001","review_lead_only","created_verified","","","","This source URL was a review lead. The audit did not use it as final URL-level evidence for a Peated mapping."
"5283744","https://whiskyauctioneer.com/whisky-lot/5283744/four-roses-mizunara-finish-straight-bourbon-experiment-no001","4","Four Roses Mizunara Finish Straight Bourbon - Experiment No.001","final_evidence","ADDED — optional facts left blank","B52456","","Four Roses Mizunara Cask Finish - Experiment No. 001","No vintage, bottling year, outturn, cask number, cask-strength claim, colour/filtration declaration, PPM or flavor classification established. The auction's 2026 year is not accepted as a bottling date. The recipe code OBSK is production context, not a cask number or edition."
"5283745","https://whiskyauctioneer.com/whisky-lot/5283745/four-roses-mizunara-finish-straight-bourbon-experiment-no001","4","Four Roses Mizunara Finish Straight Bourbon - Experiment No.001","review_lead_only","created_verified","","","","This source URL was a review lead. The audit did not use it as final URL-level evidence for a Peated mapping."
"5283746","https://whiskyauctioneer.com/whisky-lot/5283746/four-roses-mizunara-finish-straight-bourbon-experiment-no001","4","Four Roses Mizunara Finish Straight Bourbon - Experiment No.001","review_lead_only","created_verified","","","","This source URL was a review lead. The audit did not use it as final URL-level evidence for a Peated mapping."
"5283747","https://whiskyauctioneer.com/whisky-lot/5283747/four-roses-mizunara-finish-straight-bourbon-experiment-no001","4","Four Roses Mizunara Finish Straight Bourbon - Experiment No.001","review_lead_only","created_verified","","","","This source URL was a review lead. The audit did not use it as final URL-level evidence for a Peated mapping."
"5283748","https://whiskyauctioneer.com/whisky-lot/5283748/four-roses-mizunara-finish-straight-bourbon-experiment-no001","4","Four Roses Mizunara Finish Straight Bourbon - Experiment No.001","review_lead_only","created_verified","","","","This source URL was a review lead. The audit did not use it as final URL-level evidence for a Peated mapping."
"5283752","https://whiskyauctioneer.com/whisky-lot/5283752/teaninich-1973-rare-malts-selection-23-year-old","2684","Teaninich 1973 Rare Malts Selection 23 Year Old","final_evidence","EXISTING — exact bottle verified; no changes","B5436","","Teaninich 1973 Rare Malts Selection 23 Year Old","Exact marketed expression identified from the source title, source card facts and fresh production search. The release-defining age, vintage, edition, cask code, release year and/or ABV agree where those facts are present. No production write."
"5283757","https://whiskyauctioneer.com/whisky-lot/5283757/macallan-fine-oak-25-year-old","2350","Macallan Fine Oak 25 Year Old","final_evidence","EXISTING — exact bottle verified; no changes","B5015","","Macallan Fine Oak 25 Year Old","Exact marketed expression identified from the source title, source card facts and fresh production search. The release-defining age, vintage, edition, cask code, release year and/or ABV agree where those facts are present. No production write."
"5283759","https://whiskyauctioneer.com/whisky-lot/5283759/port-ellen-1978-natural-cask-strength-37-year-old-16th-release","2651","Port Ellen 1978 Natural Cask Strength 37 Year Old - 16th Release","final_evidence","EXISTING — exact bottle verified; no changes","B3611","","Port Ellen 1978 Natural Cask Strength 37 Year Old - 16th Release","Exact marketed expression identified from the source card facts and fresh narrow production search. Release-defining age, vintage, edition, cask code, release year and/or ABV agree where present. No production write."
"5283765","https://whiskyauctioneer.com/whisky-lot/5283765/springbank-2011-local-barley-10-year-old","2354","Springbank 2011 Local Barley 10 Year Old","review_lead_only","needs_review","","","","This source URL was a review lead. The audit did not use it as final URL-level evidence for a Peated mapping."
"5283768","https://whiskyauctioneer.com/whisky-lot/5283768/springbank-2011-local-barley-10-year-old","2354","Springbank 2011 Local Barley 10 Year Old","review_lead_only","needs_review","","","","This source URL was a review lead. The audit did not use it as final URL-level evidence for a Peated mapping."
"5283769","https://whiskyauctioneer.com/whisky-lot/5283769/clynelish-12-year-old-ainslie-heilbron","25","Clynelish 12 Year Old - Ainslie & Heilbron","review_lead_only","held_incomplete_source_identity","","","","This source URL was a review lead. The audit did not use it as final URL-level evidence for a Peated mapping."
"5283770","https://whiskyauctioneer.com/whisky-lot/5283770/glendronach-12-year-old-wm-teacher-sons","28","Glendronach 12 Year Old - Wm. Teacher & Sons","review_lead_only","held_possible_existing_match","","","","This source URL was a review lead. The audit did not use it as final URL-level evidence for a Peated mapping."
"5283772","https://whiskyauctioneer.com/whisky-lot/5283772/aberlour-1964-25-year-old","232","Aberlour 1964 25 Year Old","review_lead_only","historical_create_recorded","","","","This source URL was a review lead. The audit did not use it as final URL-level evidence for a Peated mapping."
"5283786","https://whiskyauctioneer.com/whisky-lot/5283786/hibiki-japanese-harmony-masters-select-festive-edition","2569","Hibiki Japanese Harmony Master's Select Festive Edition","final_evidence","ADDED — optional facts left blank","B52830","","Hibiki Japanese Harmony Master's Select - Lunar New Year 2026","Exact release date, bottling year, age, maturation, color and filtration claims, cask numbers, outturn, malt phenol PPM and flavor profile remain unknown."
"5283798","https://whiskyauctioneer.com/whisky-lot/5283798/hibiki-japanese-harmony-festive-edition","2567","Hibiki Japanese Harmony Festive Edition","final_evidence","ADDED — optional facts left blank","B52828","","Hibiki Japanese Harmony - 2025 Festive Edition","Exact release date, bottling year, age, maturation, color and filtration claims, cask numbers, outturn, malt phenol PPM and flavor profile remain unknown."
"5283799","https://whiskyauctioneer.com/whisky-lot/5283799/bowmore-x-snarkitecture-20-year-old-sherry-cask-pursuit","42","Bowmore x Snarkitecture 20 Year Old Sherry Cask Pursuit","review_lead_only","created_verified","","","","This source URL was a review lead. The audit did not use it as final URL-level evidence for a Peated mapping."
"5283800","https://whiskyauctioneer.com/whisky-lot/5283800/bowmore-x-snarkitecture-20-year-old-sherry-cask-pursuit","42","Bowmore x Snarkitecture 20 Year Old Sherry Cask Pursuit","review_lead_only","created_verified","","","","This source URL was a review lead. The audit did not use it as final URL-level evidence for a Peated mapping."
"5283805","https://whiskyauctioneer.com/whisky-lot/5283805/kanosuke-2020","158","Kanosuke 2020","review_lead_only","created_verified","","","","This source URL was a review lead. The audit did not use it as final URL-level evidence for a Peated mapping."
"5283806","https://whiskyauctioneer.com/whisky-lot/5283806/suntory-1899-60th-anniversary","2674","Suntory '1899' 60th Anniversary","final_evidence","EXISTING — identity resolved; catalog concern recorded","B51621","","Suntory '1899' 60th Anniversary","Targeted fresh GETs and source-label facts establish the identity. The existing record uses Yamazaki as the brand, while the source label markets Suntory Whisky '1899'. Its 60th Anniversary Gold Bottle name, 1983 release and 43% ABV establish the same product identity; this match does not approve the existing brand choice. No production write."
"5283811","https://whiskyauctioneer.com/whisky-lot/5283811/kanosuke-2020-duty-paid-bottle-mizunara-puncheon","159","Kanosuke 2020 Duty Paid Bottle - Mizunara Puncheon","final_evidence","SKIPPED — unresolved identity","","","Kanosuke 2020 Duty Paid Bottle Mizunara Puncheon","Both recovered auction lots claim a 2025 bottling and age 5. Both readable physical labels instead state distilled August 2020 and aged 67 months, which cannot end in 2025. Labels agree on Duty Paid Bottle, single malt, unpeated, Mizunara Puncheon, 61% and /100. No actual bottling date is printed. Do not derive 2026, round the stated months into a claimed year age, or select the auction's timeline. No independent exact release source resolved the conflict after English and Japanese searches. All 11 Kanosuke records reviewed; none matches the exact source identity. Hold the release; no Bottle or partial production facts added. Front/back images of both lots remain local evidence."
"5283812","https://whiskyauctioneer.com/whisky-lot/5283812/kanosuke-2019-takashimaya-buyers-selection","833","Kanosuke 2019 Takashimaya Buyers Selection","review_lead_only","historical_create_recorded","","","","This source URL was a review lead. The audit did not use it as final URL-level evidence for a Peated mapping."
"5283813","https://whiskyauctioneer.com/whisky-lot/5283813/kanosuke-2019-artist-edition-002","830","Kanosuke 2019 Artist Edition #002","review_lead_only","historical_create_recorded","","","","This source URL was a review lead. The audit did not use it as final URL-level evidence for a Peated mapping."
"5283815","https://whiskyauctioneer.com/whisky-lot/5283815/ryuka-2023-3-year-old-ghost-series-26","1624","Ryuka 2023 3 Year Old - Ghost Series #26","final_evidence","ADDED — optional facts left blank","B52798","","Ryuka 2023 3-year-old Single Cask - #26","The exact cask number, release month and day, malt phenol PPM and flavor profile remain unknown. The distillation and bottling months are retained in the description because the Bottle form has no corresponding month fields. Barcode and bottle number are evidence but are not editable identity fields in this API. Exact clean front and back images saved locally. Upload pending: the JSON CLI does not accept multipart files. No direct credential-based upload attempted."
"5283836","https://whiskyauctioneer.com/whisky-lot/5283836/ocean-whisky-heaven","1591","Ocean Whisky Heaven","final_evidence","ADDED — optional facts left blank","B52796","","Ocean Whisky Co. Heaven","The component distilleries, bottling date, exact release day, maturation, cask strength, natural-color and chill-filtration status, cask identifiers, outturn, malt PPM and flavor profile remain unknown. Packaging volume and barcode are evidence but are not editable Bottle identity fields in this API. Exact clean front and back images saved locally. Upload pending: the JSON CLI does not accept multipart files. No direct credential-based upload attempted."
"5283840","https://whiskyauctioneer.com/whisky-lot/5283840/macallan-18-year-old-sherry-oak-cask-annual-2022-release","2331","Macallan 18 Year Old Sherry Oak Cask Annual 2022 Release","review_lead_only","needs_review","","","","This source URL was a review lead. The audit did not use it as final URL-level evidence for a Peated mapping."
"5283849","https://whiskyauctioneer.com/whisky-lot/5283849/drumguish-single-malt-litre","1449","Drumguish Single Malt Litre","review_lead_only","historical_create_recorded","","","","This source URL was a review lead. The audit did not use it as final URL-level evidence for a Peated mapping."
"5283864","https://whiskyauctioneer.com/whisky-lot/5283864/karuizawa-boutique-y-whisky-company-19-year-old-batch-1","895","Karuizawa That Boutique-y Whisky Company 19 Year Old Batch 1","final_evidence","ADDED EARLIER — create and image verified","B52408","","TBWC Karuizawa - Batch 1","Legacy import record. The create receipt and later image write agree on the Bottle ID and name."
"5283867","https://whiskyauctioneer.com/whisky-lot/5283867/kanosuke-2018","157","Kanosuke 2018","review_lead_only","created_verified","","","","This source URL was a review lead. The audit did not use it as final URL-level evidence for a Peated mapping."
"5283869","https://whiskyauctioneer.com/whisky-lot/5283869/bowmore-x-snarkitecture-20-year-old-sherry-cask-pursuit","42","Bowmore x Snarkitecture 20 Year Old Sherry Cask Pursuit","review_lead_only","created_verified","","","","This source URL was a review lead. The audit did not use it as final URL-level evidence for a Peated mapping."
"5283872","https://whiskyauctioneer.com/whisky-lot/5283872/glenburgie-2009-thompson-bros-17-year-old","131","Glenburgie 2009 Thompson Bros 17 Year Old","final_evidence","ADDED — optional facts left blank","B52559","","Thompson Bros. Glenburgie - Batch 2","All 26 writable facts and image reviewed. Series, malt PPM, release dates, cask number and flavor profile remain unknown. Bottling month is supported and retained in evidence/description, but the live Bottle form has only bottlingYear. Do not copy it into releaseMonth. Full fresh authenticated preflight remains required before insertion. Exact clean stock image inspected and saved locally. Not uploaded: the current JSON CLI does not accept multipart images. No direct credential-based upload attempted."
"5283873","https://whiskyauctioneer.com/whisky-lot/5283873/bruichladdich-greener-still-15-year-old","2322","Bruichladdich Greener Still 15 Year Old","final_evidence","EXISTING — exact bottle verified; no changes","B47421","","Bruichladdich Greener Still 15 Year Old","Exact marketed expression identified from the source title, source card facts and fresh production search. The release-defining age, vintage, edition, cask code, release year and/or ABV agree where those facts are present. No production write."
"5283874","https://whiskyauctioneer.com/whisky-lot/5283874/glenburgie-2009-thompson-bros-17-year-old","131","Glenburgie 2009 Thompson Bros 17 Year Old","review_lead_only","created_verified","","","","This source URL was a review lead. The audit did not use it as final URL-level evidence for a Peated mapping."
"5283876","https://whiskyauctioneer.com/whisky-lot/5283876/bruichladdich-greener-still-15-year-old","2322","Bruichladdich Greener Still 15 Year Old","final_evidence","EXISTING — exact bottle verified; no changes","B47421","","Bruichladdich Greener Still 15 Year Old","Exact marketed expression identified from the source title, source card facts and fresh production search. The release-defining age, vintage, edition, cask code, release year and/or ABV agree where those facts are present. No production write."
"5283877","https://whiskyauctioneer.com/whisky-lot/5283877/ardnamurchan-ad-paul-launois-release","2335","Ardnamurchan AD/ Paul Launois Release","final_evidence","EXISTING — exact bottle verified; no changes","B47410","","Ardnamurchan AD/ Paul Launois Release","Exact marketed expression identified from the source card facts and fresh narrow production search. Release-defining age, vintage, edition, cask code, release year and/or ABV agree where present. No production write."
"5283889","https://whiskyauctioneer.com/whisky-lot/5283889/bruichladdich-greener-still-15-year-old","2322","Bruichladdich Greener Still 15 Year Old","final_evidence","EXISTING — exact bottle verified; no changes","B47421","","Bruichladdich Greener Still 15 Year Old","Exact marketed expression identified from the source title, source card facts and fresh production search. The release-defining age, vintage, edition, cask code, release year and/or ABV agree where those facts are present. No production write."
"5283891","https://whiskyauctioneer.com/whisky-lot/5283891/bruichladdich-greener-still-15-year-old","2322","Bruichladdich Greener Still 15 Year Old","final_evidence","EXISTING — exact bottle verified; no changes","B47421","","Bruichladdich Greener Still 15 Year Old","Exact marketed expression identified from the source title, source card facts and fresh production search. The release-defining age, vintage, edition, cask code, release year and/or ABV agree where those facts are present. No production write."
"5283895","https://whiskyauctioneer.com/whisky-lot/5283895/ardnahoe-inaugural-release-5-year-old","2358","Ardnahoe Inaugural Release 5 Year Old","final_evidence","EXISTING — exact bottle verified; no changes","B47607","","Ardnahoe Inaugural Release 5 Year Old","Exact marketed expression identified from the source title, source card facts and fresh production search. The release-defining age, vintage, edition, cask code, release year and/or ABV agree where those facts are present. No production write."
"5283897","https://whiskyauctioneer.com/whisky-lot/5283897/ardnahoe-inaugural-release-5-year-old","2358","Ardnahoe Inaugural Release 5 Year Old","final_evidence","EXISTING — exact bottle verified; no changes","B47607","","Ardnahoe Inaugural Release 5 Year Old","Exact marketed expression identified from the source title, source card facts and fresh production search. The release-defining age, vintage, edition, cask code, release year and/or ABV agree where those facts are present. No production write."
"5283920","https://whiskyauctioneer.com/whisky-lot/5283920/macallan-x-jordi-roca-harmony-collection-rich-cacao","2321","Macallan x Jordi Roca The Harmony Collection - Rich Cacao","final_evidence","EXISTING — exact identity; data concern recorded","B1834","","Macallan x Jordi Roca The Harmony Collection - Rich Cacao","Exact marketed expression identified from the source card facts and fresh narrow production searches. The existing Bottle incorrectly carries statedAge 12. Rich Cacao is a no-age-statement release; this identity match does not approve that value. No production write."
"5283926","https://whiskyauctioneer.com/whisky-lot/5283926/bowmore-aston-martin-masters-selection-21-year-old-edition-4","2367","Bowmore Aston Martin Masters' Selection 21 Year Old - Edition 4","review_lead_only","needs_review","","","","This source URL was a review lead. The audit did not use it as final URL-level evidence for a Peated mapping."
"5283927","https://whiskyauctioneer.com/whisky-lot/5283927/bowmore-aston-martin-masters-selection-21-year-old-edition-4","2367","Bowmore Aston Martin Masters' Selection 21 Year Old - Edition 4","final_evidence","ADDED — optional facts left blank","B52824","","Bowmore Masters' Selection - Edition 4","Bottling year, exact release date, cask-strength, color and filtration claims, cask numbers, outturn, malt phenol PPM and flavor profile remain unknown."
"5283930","https://whiskyauctioneer.com/whisky-lot/5283930/bruichladdich-greener-still-15-year-old","2322","Bruichladdich Greener Still 15 Year Old","final_evidence","EXISTING — exact bottle verified; no changes","B47421","","Bruichladdich Greener Still 15 Year Old","Exact marketed expression identified from the source title, source card facts and fresh production search. The release-defining age, vintage, edition, cask code, release year and/or ABV agree where those facts are present. No production write."
"5283936","https://whiskyauctioneer.com/whisky-lot/5283936/few-spirits-2016-smws-4-year-old-rye-rw14-sweet-punchy-and-everlasting","2515","FEW Spirits 2016 SMWS 4 Year Old Rye RW1.4 - Sweet, punchy and everlasting","final_evidence","EXISTING — exact bottle verified; no changes","B49656","","FEW Spirits 2016 SMWS 4 Year Old Rye RW1.4 - Sweet, punchy and everlasting","Exact marketed expression identified from the source title, source card facts and fresh production search. The release-defining age, vintage, edition, cask code, release year and/or ABV agree where those facts are present. No production write."
"5283937","https://whiskyauctioneer.com/whisky-lot/5283937/lagavulin-1998-natural-cask-strength","168","Lagavulin 1998 Natural Cask Strength","final_evidence","EXISTING — identity matched; no changes","B52085","","Lagavulin Natural Cask Strength - Fèis Ìle 2011","Both recovered lots and the existing production image identify the same release: Lagavulin 1998, Fèis Ìle 2011, natural cask strength 51%, single cask 1715, bottled 2011. All 118 Lagavulin records individually reviewed. The 2012 cask 1716 release is distinct. Match B52085 without any production change. Existing stored image was downloaded and visually verified against exact source labels. Identity match, not a broad edit of the existing Bottle. Outturn 588 is corroborated by the contemporary Whisky Magazine report and Rare Whisky 101; stored outturn is null and remains an explicit enrichment gap. Existing image prints 'FROM ONE Refill Butt'; stored maturation is null. No age is printed, so a derived 13-year age is not promoted. Precise release date, colour, filtration and PPM remain unverified. No alternate marketed alias or extra ingestion reference is established."
"5283939","https://whiskyauctioneer.com/whisky-lot/5283939/highland-park-2005-smws-15-year-old-4256-dark-palette-palate","2570","Highland Park 2005 SMWS 15 Year Old 4.256 - A dark palette palate","final_evidence","EXISTING — exact bottle verified; no changes","B49994","","Highland Park 2005 SMWS 15 Year Old 4.256 - A dark palette palate","Exact marketed expression identified from the source title, source card facts and fresh production search. The release-defining age, vintage, edition, cask code, release year and/or ABV agree where those facts are present. No production write."
"5283940","https://whiskyauctioneer.com/whisky-lot/5283940/lagavulin-1998-natural-cask-strength","168","Lagavulin 1998 Natural Cask Strength","final_evidence","EXISTING — identity matched; no changes","B52085","","Lagavulin Natural Cask Strength - Fèis Ìle 2011","Both recovered lots and the existing production image identify the same release: Lagavulin 1998, Fèis Ìle 2011, natural cask strength 51%, single cask 1715, bottled 2011. All 118 Lagavulin records individually reviewed. The 2012 cask 1716 release is distinct. Match B52085 without any production change. Existing stored image was downloaded and visually verified against exact source labels. Identity match, not a broad edit of the existing Bottle. Outturn 588 is corroborated by the contemporary Whisky Magazine report and Rare Whisky 101; stored outturn is null and remains an explicit enrichment gap. Existing image prints 'FROM ONE Refill Butt'; stored maturation is null. No age is printed, so a derived 13-year age is not promoted. Precise release date, colour, filtration and PPM remain unverified. No alternate marketed alias or extra ingestion reference is established."
"5283941","https://whiskyauctioneer.com/whisky-lot/5283941/caol-ila-2000-special-festival-edition","109","Caol Ila 2000 Special Festival Edition","final_evidence","EXISTING — identity matched; no changes","B52094","","Caol Ila Special Festival Edition - Fèis Ìle 2011","Exact label matches B52094: single cask 301696, vintage 2000, bottled 2011, 64.3%. Retain matching clean stored retailer image. No production changes. Identity match only. Verified outturn 600 and release 23 May 2011 saved locally. No age is inferred from dates or label omission. Colour, filtration and PPM remain unknown. Current profile and generated tasting claims are not independently verified; factual description draft saved. Names preserved. Aliases empty; protected references unresolved."
"5283942","https://whiskyauctioneer.com/whisky-lot/5283942/caol-ila-2000-special-festival-edition","109","Caol Ila 2000 Special Festival Edition","review_lead_only","matched_existing","","","","This source URL was a review lead. The audit did not use it as final URL-level evidence for a Peated mapping."
"5283943","https://whiskyauctioneer.com/whisky-lot/5283943/eden-mill-2015-smws-3-year-old-1361-effervescence-and-enlightment","2513","Eden Mill 2015 SMWS 3 Year Old 136.1 - Effervescence and enlightment","final_evidence","EXISTING — exact bottle verified; no changes","B51411","","Eden Mill 2015 SMWS 3 Year Old 136.1 - Effervescence and enlightment","Exact marketed expression identified from the source title, source card facts and fresh production search. The release-defining age, vintage, edition, cask code, release year and/or ABV agree where those facts are present. No production write."
"5283945","https://whiskyauctioneer.com/whisky-lot/5283945/ardbeg-boutique-y-whisky-company-27-year-old-batch-19","255","Ardbeg That Boutique-y Whisky Company 27 Year Old Batch 19","final_evidence","ADDED EARLIER — create and image verified","B52381","","TBWC Ardbeg - Batch 19","Legacy import record. The create receipt and later image write agree on the Bottle ID and name."
"5283950","https://whiskyauctioneer.com/whisky-lot/5283950/karuizawa-1990","864","Karuizawa 1990","final_evidence","ADDED — optional facts left blank","B52754","","Karuizawa Single Malt Japanese Whisky","Stated age, release date, malt PPM and flavor profile remain unknown. The estimated 22-year age is not a label statement. No edition, alias or extra reference. The name uses the exact front-label wording; vintage, cask and bottling year remain structured fields. Exact clean image saved locally. Upload pending: the JSON CLI does not accept multipart files. No direct credential-based upload attempted."
"5283953","https://whiskyauctioneer.com/whisky-lot/5283953/ardbeg-supernova-sn2015","2357","Ardbeg Supernova SN2015","final_evidence","EXISTING — exact bottle verified; no changes","B45003","","Ardbeg Supernova SN2015","Exact marketed expression identified from the source card facts and fresh narrow production search. Release-defining age, vintage, edition, cask code, release year and/or ABV agree where present. No production write."
"5283956","https://whiskyauctioneer.com/whisky-lot/5283956/ardbeg-supernova-sn2015","2357","Ardbeg Supernova SN2015","final_evidence","EXISTING — exact bottle verified; no changes","B45003","","Ardbeg Supernova SN2015","Exact marketed expression identified from the source card facts and fresh narrow production search. Release-defining age, vintage, edition, cask code, release year and/or ABV agree where present. No production write."
"5283985","https://whiskyauctioneer.com/whisky-lot/5283985/bruichladdich-1998-ancien-regime","405","Bruichladdich 1998 Ancien Regime","review_lead_only","updated_receipt_recorded","","","","This source URL was a review lead. The audit did not use it as final URL-level evidence for a Peated mapping."
"5283986","https://whiskyauctioneer.com/whisky-lot/5283986/bruichladdich-2001-renaissance-9-year-old","407","Bruichladdich 2001 Renaissance 9 Year Old","review_lead_only","updated_receipt_recorded","","","","This source URL was a review lead. The audit did not use it as final URL-level evidence for a Peated mapping."
"5283992","https://whiskyauctioneer.com/whisky-lot/5283992/bowmore-tempest-10-year-old-small-batch-release-no2","2337","Bowmore Tempest 10 Year Old Small Batch Release No.2","final_evidence","EXISTING — exact identity; data concern recorded","B4748","","Bowmore Tempest 10 Year Old Small Batch Release No.2","Exact marketed expression identified from the source card facts and fresh narrow production searches. B17377 appears to duplicate this release. Reuse B4748; do not create or merge records in this run. No production write."
"5283996","https://whiskyauctioneer.com/whisky-lot/5283996/bowmore-tempest-10-year-old-small-batch-release-no2","2337","Bowmore Tempest 10 Year Old Small Batch Release No.2","final_evidence","EXISTING — exact identity; data concern recorded","B4748","","Bowmore Tempest 10 Year Old Small Batch Release No.2","Exact marketed expression identified from the source card facts and fresh narrow production searches. B17377 appears to duplicate this release. Reuse B4748; do not create or merge records in this run. No production write."
"5284076","https://whiskyauctioneer.com/learn/explore-whisky/bottles/glenfinnan-malt-whisky?v=5284076","1470","Glenfinnan Malt Whisky","final_evidence","ADDED — optional facts left blank","B52782","","Glenfinnan Malt Whisky","The component distilleries and actual bottler, exact date, vintage and release year, cask strength, natural-color and chill-filtration status, cask numbers, outturn, PPM and flavor profile remain unknown. The approximate 1980s package date is not stored as an exact year. Exact clean front and back images saved locally. Upload pending: the JSON CLI does not accept multipart files. No direct credential-based upload attempted."
"5284697","https://whiskyauctioneer.com/product/5002662/variation/5284697","16","Macallan Art is the Flower - Charles Rennie Mackintosh","review_lead_only","created_verified","","","","This source URL was a review lead. The audit did not use it as final URL-level evidence for a Peated mapping."
"5285990","https://whiskyauctioneer.com/learn/explore-whisky/bottles/guillon-20eme-anniversaire-lesprit-du-malt?v=5285990","1483","Guillon 20eme Anniversaire L'Esprit du Malt","final_evidence","SKIPPED — not whisky","","","Guillon 20eme Anniversaire L'Esprit du Malt","SKIPPED with no production write because the exact back label identifies this as 'Boisson spiritueuse à base de céréales hydrolysées et chaptalisées' at 43% ABV. It is a French cereal-based spirit drink, not a whisky under the Peated catalog model. The 20th Anniversary presentation does not change that legal product identity. Exact front and back images were inspected and retained."
"5286536","https://whiskyauctioneer.com/learn/explore-whisky/bottles/real-mackenzie-scotch-whisky-1?v=5286536","1660","The Real MacKenzie Scotch Blend","final_evidence","EXISTING — exact duplicate; no changes","B52318","","The Real MacKenzie Scotch Blend","The exact row 1660 and row 1661 bottles have the same label design, 40% ABV, 75cl volume, P. Mackenzie bottler wording, back-label text and GTIN 5010406002015. Their printed physical bottle serials differ, which does not create a catalog release. B52318 is the exact 40% blended Scotch release. Fresh complete Brand inventory contains only B52318. Identity match only. The exact labels do not state an age, cask status, cask type, outturn, color, filtration or phenol level. The auction's 1980s estimate is not stored as a structured date. Both exact unwatermarked front and back images are saved locally; the existing Bottle has no image, and the JSON CLI cannot upload one."
"5286536","https://whiskyauctioneer.com/learn/explore-whisky/bottles/real-mackenzie-scotch-whisky-1?v=5286536","1661","The Real MacKenzie Scotch Whisky","final_evidence","ADDED EARLIER — exact bottle verified","B52318","","The Real MacKenzie Scotch Whisky","The earlier guarded run created B52318. Fresh GET and complete Brand inventory now verify its exact stable name, Brand E1423, bottler E5691, blended-whisky category, 40% ABV, empty distiller list, singleton group and empty aliases against both exact labels and the exact Whisky Auctioneer product record. Identity match only. The exact labels do not state an age, cask status, cask type, outturn, color, filtration or phenol level. The auction's 1980s estimate is not stored as a structured date. Both exact unwatermarked front and back images are saved locally; the existing Bottle has no image, and the JSON CLI cannot upload one."
"5286572","https://whiskyauctioneer.com/learn/explore-whisky/bottles/dunhill-old-master-scotch-whisky-0?v=5286572","1360","Dunhill Old Master Scotch Whisky","final_evidence","SKIPPED — unresolved identity","","","Dunhill Old Master Scotch Whisky","SKIPPED with no production write. Exact images and independent sources identify Alfred Dunhill Old Master, a 43% no-age-statement blended Scotch created for the luxury retailer by IDV in the 1980s. The 70cl and 75cl lots are package variants of that release. Production has no matching Bottle, but its only exact-name Dunhill Brand, E2641, is explicitly described as the separate short-lived Kasser Distillers product introduced in the United States in 1963 after a trademark conflict with Alfred Dunhill. Reusing E2641 would attach the Bottle to the wrong Brand identity. Creating another identical-name Dunhill Entity would create an unresolved duplicate. This requires a separately approved Entity correction or merge before the Bottle can be added."
"5287550","https://whiskyauctioneer.com/learn/explore-whisky/bottles/duncan-mackays-royal-no1-old-scotch-whisky?v=5287550","1450","Duncan Mackay's Royal No.1 Old Scotch Whisky","final_evidence","SKIPPED — unresolved identity","","","Duncan Mackay's Royal No.1 Old Scotch Whisky","SKIPPED with no production write. The exact label identifies Duncan Mackay's Royal No. 1 Old Scotch Whisky, a 75-proof (43% ABV) blended Scotch produced by Duncan Bros. & Mackay Ltd. of Glasgow and London. Independent auction records corroborate the same release and company. Production has an exact-name Duncan Bros. & Mackay Entity, E6047, but it is modeled as a Speyside distillery and carries an unrelated modern website, Isle of Lewis address and unsupported history. Reusing it would attach the Bottle to a materially incorrect producer identity, while creating a duplicate exact-name Entity would make the catalog conflict worse. The Entity must be corrected through a separately approved operation before this Bottle can be added."
"5288723","https://whiskyauctioneer.com/learn/explore-whisky/bottles/arran-1997-jambala-estates-27-year-old?v=5288723","20","Arran 1997 Jambala Estates 27 Year Old","final_evidence","ADDED — optional facts left blank","B52462","","Jambala Estates Arran","Market-facing bottler remains null; physical packing footer alone does not establish it. Cask strength, natural colour, PPM, release date, series, edition and flavor classification are unknown. Bottling date is not a release date. New brand business details remain blank; its submitted descriptionSrc is not verifiable through the current Entity serializer."
"5289413","https://whiskyauctioneer.com/product/5002662/variation/5289413","16","Macallan Art is the Flower - Charles Rennie Mackintosh","review_lead_only","created_verified","","","","This source URL was a review lead. The audit did not use it as final URL-level evidence for a Peated mapping."
"5290841","https://whiskyauctioneer.com/product/1206638/variation/5290841","173","Lindores Abbey Aqua Vitae Batch No.001","final_evidence","SKIPPED — not whisky","","","Lindores Abbey Aqua Vitae Batch No. 001","Producer identifies Aqua Vitae as a botanical spirit: distilled spirit infused with herbs, spices and fruit. It is outside this whisky-only backfill. Do not create a whisky Bottle or infer whisky facts from the distillery name."
"5291759","https://whiskyauctioneer.com/learn/explore-whisky/bottles/braeckman-double-cask-batch-no1?v=5291759","1417","Braeckman Double Cask Batch No.1","final_evidence","ADDED — optional facts left blank","B52779","","Braeckman Double Cask - Batch No. 1","The exact age, release month and day, vintage and bottling years, cask strength, cask numbers, exact outturn, PPM and flavor profile remain unknown. A visible bottle-number panel is not legible enough to support an outturn. Exact clean image saved locally. Upload pending: the JSON CLI does not accept multipart files. No direct credential-based upload attempted."
"5292812","https://whiskyauctioneer.com/learn/explore-whisky/bottles/tamar-valley-2020-hillwood-single-cask-matured?v=5292812","1647","Tamar Valley 2020 Hillwood Single Cask Matured","final_evidence","ADDED — optional facts left blank","B52800","","Hillwood Single Cask Matured","The stated age, exact age, series, edition, flavor profile, cask strength, vintage year, bottling date, release date, maturation type, exact outturn and malt phenol PPM remain unknown. The label date is retained only in the description because its role is not stated. Package volume is not an editable Bottle identity field. Exact clean front and back images saved locally, plus a rotated label crop used to verify cask, bottle and date fields. Upload pending because the JSON CLI does not accept multipart files."
"5293115","https://whiskyauctioneer.com/learn/explore-whisky/bottles/west-midlands-wmd-albion?v=5293115","1667","West Midlands WMD Albion","final_evidence","ADDED — optional facts left blank","B52803","","West Midlands Distillery Albion","The numerical age, exact release date, cask-strength status, natural-color status, chill-filtration status, malt phenol PPM and flavor profile remain unknown. The 70cl package volume is not an editable Bottle identity field. Exact producer product image saved locally. Upload pending because the JSON CLI does not accept multipart files."
"7041073","https://whiskyauctioneer.com/whisky-lot/7041073/glen-elgin-boutique-y-whisky-company-25-year-old-batch-1","126","Glen Elgin That Boutique-y Whisky Company 25 Year Old Batch 1","review_lead_only","historical_create_recorded","","","","This source URL was a review lead. The audit did not use it as final URL-level evidence for a Peated mapping."
"7042164a","https://whiskyauctioneer.com/whisky-lot/7042164a/karuizawa-1984-smws-28-year-old-1321-secret-moonlit-garden-dram","165","Karuizawa 1984 SMWS 28 Year Old 132.1 - Secret moonlit garden dram","review_lead_only","historical_create_recorded","","","","This source URL was a review lead. The audit did not use it as final URL-level evidence for a Peated mapping."
"7042178a","https://whiskyauctioneer.com/whisky-lot/7042178a/karuizawa-1991-smws-22-year-old-1322-stunning-panorama-exotic-fruits-0","143","Hanyu SMWS 13 Year Old 131.2 - Magic carpet in a sweetie shop","review_lead_only","historical_create_recorded","","","","This source URL was a review lead. The audit did not use it as final URL-level evidence for a Peated mapping."
"7042389a","https://whiskyauctioneer.com/whisky-lot/7042389a/macallan-x-sir-peter-blake-estate-community-and-distillery","5","Macallan x Sir Peter Blake An Estate, A Community and A Distillery","review_lead_only","created_verified","","","","This source URL was a review lead. The audit did not use it as final URL-level evidence for a Peated mapping."
"7042455c","https://whiskyauctioneer.com/whisky-lot/7042455c/chichibu-moeginomura-50th-anniversary","116","Chichibu Moeginomura 50th Anniversary","final_evidence","ADDED — optional facts left blank","B52575","","Ichiro's Moeginomura 50th Anniversary","Vintage, bottling year, cask strength, natural colour, chill filtration, maturation of the complete whisky, cask identifier, malt PPM, flavor profile and exact release month/day are unverified. Component age 11 and vintage 2010 are not promoted. No separate edition or series established. Exact clean image saved locally. Upload pending: the JSON CLI does not accept multipart files. No direct credential-based upload attempted."
"7042982a","https://whiskyauctioneer.com/whisky-lot/7042982a/yoichi-1987-smws-25-year-old-11617-pin-ball-wizard-japanese-tea-house","1342","Yoichi 1987 SMWS 25 Year Old 116.17 - Pin-ball wizard in Japanese tea house","review_lead_only","historical_create_recorded","","","","This source URL was a review lead. The audit did not use it as final URL-level evidence for a Peated mapping."
"7043061","https://whiskyauctioneer.com/whisky-lot/7043061/ardnamurchan-ad-paul-launois-release","2335","Ardnamurchan AD/ Paul Launois Release","final_evidence","EXISTING — exact bottle verified; no changes","B47410","","Ardnamurchan AD/ Paul Launois Release","Exact marketed expression identified from the source card facts and fresh narrow production search. Release-defining age, vintage, edition, cask code, release year and/or ABV agree where present. No production write."
"7043065","https://whiskyauctioneer.com/whisky-lot/7043065/whittakers-2019-2024-first-edition","1671","Whittaker's 2019 2024 First Edition","final_evidence","ADDED — optional facts left blank","B52453","","Whittaker's Single Malt English Whisky - 2024 First Edition","Mixed 2019–2020 distillation means no single vintage year. No numerical age, cask-strength claim, precise release month/day, PPM, flavor classification or named brand series is verified. Do not derive age from dates or reuse original ASB cask numbers 5–10 as final quarter-cask IDs."
"7043271","https://whiskyauctioneer.com/whisky-lot/7043271/arran-1995-first-pouring-20-year-old","91","Arran 1995 First Pouring 20 Year Old","final_evidence","ADDED — optional facts left blank","B52566","","Arran First Pouring","Named market-facing bottler is unresolved: bottled FOR private owners does not establish bottled BY them, and archives disagree on private versus distillery bottling. Natural colour, malt PPM, exact maturation statement, outturn and flavor profile are unverified. Release date is unknown; April 2016 is explicitly the bottling date, not release date. No separate edition or broader series is established. The auction spells the owners Murphy, while the label/archive appear to read Murby; omit personal names from catalog facts rather than propagate that spelling conflict. Exact clean image saved locally. No upload: the JSON CLI does not accept multipart files. No direct credential-based upload attempted."
"7043272","https://whiskyauctioneer.com/whisky-lot/7043272/arran-1995-first-pouring-20-year-old","91","Arran 1995 First Pouring 20 Year Old","final_evidence","ADDED — optional facts left blank","B52566","","Arran First Pouring","Named market-facing bottler is unresolved: bottled FOR private owners does not establish bottled BY them, and archives disagree on private versus distillery bottling. Natural colour, malt PPM, exact maturation statement, outturn and flavor profile are unverified. Release date is unknown; April 2016 is explicitly the bottling date, not release date. No separate edition or broader series is established. The auction spells the owners Murphy, while the label/archive appear to read Murby; omit personal names from catalog facts rather than propagate that spelling conflict. Exact clean image saved locally. No upload: the JSON CLI does not accept multipart files. No direct credential-based upload attempted."
"7043537","https://whiskyauctioneer.com/whisky-lot/7043537/bruichladdich-1989-lord-robertson-port-ellen-valinch","101","Bruichladdich 1989 The Lord Robertson of Port Ellen Valinch","review_lead_only","historical_create_recorded","","","","This source URL was a review lead. The audit did not use it as final URL-level evidence for a Peated mapping."
"7043546","https://whiskyauctioneer.com/whisky-lot/7043546/port-charlotte-2007-cc01","2334","Port Charlotte 2007 CC:01","final_evidence","EXISTING — exact identity; data concern recorded","B871","","Port Charlotte 2007 CC:01","Exact marketed expression identified from the source title, source card facts and fresh production search. B16029 also appears to duplicate this expression. Reuse the older, more complete B871; do not create another Bottle or merge records in this run."
"7043547","https://whiskyauctioneer.com/whisky-lot/7043547/port-charlotte-2007-cc01","2334","Port Charlotte 2007 CC:01","final_evidence","EXISTING — exact identity; data concern recorded","B871","","Port Charlotte 2007 CC:01","Exact marketed expression identified from the source title, source card facts and fresh production search. B16029 also appears to duplicate this expression. Reuse the older, more complete B871; do not create another Bottle or merge records in this run."
"7043553","https://whiskyauctioneer.com/whisky-lot/7043553/lagavulin-12-year-old-natural-cask-strength","2325","Lagavulin 12 Year Old Natural Cask Strength","final_evidence","EXISTING SET — collapsed source variants resolved; no changes","","","Lagavulin 12 Year Old Natural Cask Strength","Exact marketed expression identified from the source card facts and fresh narrow production searches. The source row collapsed four distinct annual Special Releases: 2004 at 58.2%, 2006 at 57.5%, 2009 at 57.9%, and 2013 at 55.1%. Each exact release already exists, so no new Bottle is required. No production write."
"7043554","https://whiskyauctioneer.com/whisky-lot/7043554/lagavulin-12-year-old-natural-cask-strength","2325","Lagavulin 12 Year Old Natural Cask Strength","final_evidence","EXISTING SET — collapsed source variants resolved; no changes","","","Lagavulin 12 Year Old Natural Cask Strength","Exact marketed expression identified from the source card facts and fresh narrow production searches. The source row collapsed four distinct annual Special Releases: 2004 at 58.2%, 2006 at 57.5%, 2009 at 57.9%, and 2013 at 55.1%. Each exact release already exists, so no new Bottle is required. No production write."
"7043555","https://whiskyauctioneer.com/whisky-lot/7043555/lagavulin-12-year-old-natural-cask-strength","2325","Lagavulin 12 Year Old Natural Cask Strength","final_evidence","EXISTING SET — collapsed source variants resolved; no changes","","","Lagavulin 12 Year Old Natural Cask Strength","Exact marketed expression identified from the source card facts and fresh narrow production searches. The source row collapsed four distinct annual Special Releases: 2004 at 58.2%, 2006 at 57.5%, 2009 at 57.9%, and 2013 at 55.1%. Each exact release already exists, so no new Bottle is required. No production write."
"7043556","https://whiskyauctioneer.com/whisky-lot/7043556/port-ellen-1978-natural-cask-strength-27-year-old-6th-release","2400","Port Ellen 1978 Natural Cask Strength 27 Year Old - 6th Release","final_evidence","EXISTING — exact identity; data concern recorded","B5188","","Port Ellen 1978 Natural Cask Strength 27 Year Old - 6th Release","Exact marketed expression identified from the source card facts and fresh narrow production searches. One 20cl source card says 54.3% while the 70cl card and B5188 say 54.2%. The release number, vintage, age and year prove one identity; package-size label rounding does not justify a duplicate. No production write."
"7043558","https://whiskyauctioneer.com/whisky-lot/7043558/ardbeg-1815","1822","Ardbeg 1815","final_evidence","EXISTING — exact bottle verified; no changes","B52151","","Ardbeg 1815","Exact marketed expression identified from the source title, source card facts and fresh production search. The release-defining age, vintage, edition, cask code, release year and/or ABV agree where those facts are present. No production write."
"7043567","https://whiskyauctioneer.com/whisky-lot/7043567/lagavulin-12-year-old-natural-cask-strength","2325","Lagavulin 12 Year Old Natural Cask Strength","final_evidence","EXISTING SET — collapsed source variants resolved; no changes","","","Lagavulin 12 Year Old Natural Cask Strength","Exact marketed expression identified from the source card facts and fresh narrow production searches. The source row collapsed four distinct annual Special Releases: 2004 at 58.2%, 2006 at 57.5%, 2009 at 57.9%, and 2013 at 55.1%. Each exact release already exists, so no new Bottle is required. No production write."
"7043568","https://whiskyauctioneer.com/whisky-lot/7043568/ardbeg-1990-airigh-nam-beist","2356","Ardbeg 1990 Airigh Nam Beist","final_evidence","EXISTING — identity resolved; catalog concern recorded","","","Ardbeg 1990 Airigh Nam Beist","Targeted fresh GETs and source-label facts establish the identity. B1170 and B18251 appear to duplicate the Airigh Nam Beist expression. B18251 carries the exact 1990 vintage but misspells Airigh; B1170 has the correct marketed name but omits the vintage, 2008 bottling year and 46% ABV. Reuse the existing records and do not add a third duplicate. No production write."
"7043569","https://whiskyauctioneer.com/whisky-lot/7043569/lagavulin-12-year-old-natural-cask-strength","2325","Lagavulin 12 Year Old Natural Cask Strength","final_evidence","EXISTING SET — collapsed source variants resolved; no changes","","","Lagavulin 12 Year Old Natural Cask Strength","Exact marketed expression identified from the source card facts and fresh narrow production searches. The source row collapsed four distinct annual Special Releases: 2004 at 58.2%, 2006 at 57.5%, 2009 at 57.9%, and 2013 at 55.1%. Each exact release already exists, so no new Bottle is required. No production write."
"7043572","https://whiskyauctioneer.com/whisky-lot/7043572/bruichladdich-1989-lord-robertson-port-ellen-valinch","101","Bruichladdich 1989 The Lord Robertson of Port Ellen Valinch","review_lead_only","historical_create_recorded","","","","This source URL was a review lead. The audit did not use it as final URL-level evidence for a Peated mapping."
"7043575","https://whiskyauctioneer.com/whisky-lot/7043575/caol-ila-flora-fauna-15-year-old-wooden-box","2486","Caol Ila Flora & Fauna 15 Year Old","final_evidence","UPDATED — changed facts verified","","B5393","Caol Ila Flora & Fauna 15 Year Old","Exact release matched B5393. Updated through production CLI and read back: distillers, noAgeStatement, abv, description, descriptionSrc. All other writable facts, names, aliases and images stayed unchanged. All 26 fields and image reviewed for both lots. Preserve name and current flavor profile, not independently verified. Range relationship unresolved. Edition, single-cask and cask-strength declarations, colour, filtration, PPM, vintage, bottling/release dates, maturation, cask and outturn unknown. Do not infer releaseYear=1991 from generic range history or bottling year from the wooden box. Broad reference R15316 flagged. No duplicate creation for packaging. Flora & Fauna range evidenced, but no Caol Ila-owned series exists in the fresh complete series list. Do not use another brand's series or promote the cross-distillery marketing collection into a guessed brand. Preserve null and flag the missing organization decision. Canonical R13399 matches. Noncanonical R15316 is Caol Ila 15-year-old, which also fits different Unpeated and independent releases; mark unresolved and propose quarantine separately, not verified. No reference write in this batch. Alias array empty. Exact clean 900x1200 retailer bottle and cardboard box inspected. Same age/43%/bird label for both source rows; no watermark. Current image null. Multipart upload is not available through the existing JSON CLI command; no direct upload attempted."
"7043575","https://whiskyauctioneer.com/whisky-lot/7043575/caol-ila-flora-fauna-15-year-old-wooden-box","2487","Caol Ila Flora & Fauna 15 Year Old - Wooden Box","final_evidence","EXISTING — same release; shared update verified","B5393","","Caol Ila Flora & Fauna 15 Year Old Wooden Box","Wooden-box presentation is the same age-15, 43% Flora & Fauna release as row 2486. Matches B5393; no second Bottle created. B5393 was updated once and verified. All 26 fields and image reviewed for both lots. Preserve name and current flavor profile, not independently verified. Range relationship unresolved. Edition, single-cask and cask-strength declarations, colour, filtration, PPM, vintage, bottling/release dates, maturation, cask and outturn unknown. Do not infer releaseYear=1991 from generic range history or bottling year from the wooden box. Broad reference R15316 flagged. No duplicate creation for packaging. Flora & Fauna range evidenced, but no Caol Ila-owned series exists in the fresh complete series list. Do not use another brand's series or promote the cross-distillery marketing collection into a guessed brand. Preserve null and flag the missing organization decision. Canonical R13399 matches. Noncanonical R15316 is Caol Ila 15-year-old, which also fits different Unpeated and independent releases; mark unresolved and propose quarantine separately, not verified. No reference write in this batch. Alias array empty. Exact clean 900x1200 retailer bottle and cardboard box inspected. Same age/43%/bird label for both source rows; no watermark. Current image null. Multipart upload is not available through the existing JSON CLI command; no direct upload attempted."
"7043580","https://whiskyauctioneer.com/whisky-lot/7043580/bruichladdich-1973-30-year-old","401","Bruichladdich 1973 30 Year Old","review_lead_only","historical_create_recorded","","","","This source URL was a review lead. The audit did not use it as final URL-level evidence for a Peated mapping."
"7043581","https://whiskyauctioneer.com/whisky-lot/7043581/cragganmore-1989-21-year-old","2503","Cragganmore 1989 21 Year Old","final_evidence","EXISTING — exact bottle verified; no changes","B4766","","Cragganmore 1989 21 Year Old","Exact marketed expression identified from the source title, source card facts and fresh production search. The release-defining age, vintage, edition, cask code, release year and/or ABV agree where those facts are present. No production write."
"7043582","https://whiskyauctioneer.com/whisky-lot/7043582/glen-albyn-1975-rare-malts-selection-26-year-old","2516","Glen Albyn 1975 Rare Malts Selection 26 Year Old","final_evidence","EXISTING — exact bottle verified; no changes","B5328","","Glen Albyn 1975 Rare Malts Selection 26 Year Old","Exact marketed expression identified from the source title, source card facts and fresh production search. The release-defining age, vintage, edition, cask code, release year and/or ABV agree where those facts are present. No production write."
"7043585","https://whiskyauctioneer.com/whisky-lot/7043585/bladnoch-13-year-old-belted-galloways","364","Bladnoch 13 Year Old - Belted Galloways","review_lead_only","historical_create_recorded","","","","This source URL was a review lead. The audit did not use it as final URL-level evidence for a Peated mapping."
"7043591","https://whiskyauctioneer.com/whisky-lot/7043591/brora-30-year-old-natural-cask-strength","2339","Brora 30 Year Old Natural Cask Strength","final_evidence","EXISTING SET — collapsed source variants resolved; no changes","","","Brora 30 Year Old Natural Cask Strength","Exact marketed expression identified from the source card facts and fresh narrow production searches. The source row collapsed the 2002 inaugural 52.4% release and the 2010 54.3% release. Both exact releases already exist. No production write."
"7043593","https://whiskyauctioneer.com/whisky-lot/7043593/brora-30-year-old-natural-cask-strength","2339","Brora 30 Year Old Natural Cask Strength","final_evidence","EXISTING SET — collapsed source variants resolved; no changes","","","Brora 30 Year Old Natural Cask Strength","Exact marketed expression identified from the source card facts and fresh narrow production searches. The source row collapsed the 2002 inaugural 52.4% release and the 2010 54.3% release. Both exact releases already exist. No production write."
"7043594","https://whiskyauctioneer.com/whisky-lot/7043594/glenglassaugh-2008-first-cask","666","Glenglassaugh 2008 The First Cask","review_lead_only","historical_create_recorded","","","","This source URL was a review lead. The audit did not use it as final URL-level evidence for a Peated mapping."
"7043595","https://whiskyauctioneer.com/whisky-lot/7043595/caol-ila-flora-fauna-15-year-old","2486","Caol Ila Flora & Fauna 15 Year Old","final_evidence","UPDATED — changed facts verified","","B5393","Caol Ila Flora & Fauna 15 Year Old","Exact release matched B5393. Updated through production CLI and read back: distillers, noAgeStatement, abv, description, descriptionSrc. All other writable facts, names, aliases and images stayed unchanged. All 26 fields and image reviewed for both lots. Preserve name and current flavor profile, not independently verified. Range relationship unresolved. Edition, single-cask and cask-strength declarations, colour, filtration, PPM, vintage, bottling/release dates, maturation, cask and outturn unknown. Do not infer releaseYear=1991 from generic range history or bottling year from the wooden box. Broad reference R15316 flagged. No duplicate creation for packaging. Flora & Fauna range evidenced, but no Caol Ila-owned series exists in the fresh complete series list. Do not use another brand's series or promote the cross-distillery marketing collection into a guessed brand. Preserve null and flag the missing organization decision. Canonical R13399 matches. Noncanonical R15316 is Caol Ila 15-year-old, which also fits different Unpeated and independent releases; mark unresolved and propose quarantine separately, not verified. No reference write in this batch. Alias array empty. Exact clean 900x1200 retailer bottle and cardboard box inspected. Same age/43%/bird label for both source rows; no watermark. Current image null. Multipart upload is not available through the existing JSON CLI command; no direct upload attempted."
"7043595","https://whiskyauctioneer.com/whisky-lot/7043595/caol-ila-flora-fauna-15-year-old","2487","Caol Ila Flora & Fauna 15 Year Old - Wooden Box","final_evidence","EXISTING — same release; shared update verified","B5393","","Caol Ila Flora & Fauna 15 Year Old Wooden Box","Wooden-box presentation is the same age-15, 43% Flora & Fauna release as row 2486. Matches B5393; no second Bottle created. B5393 was updated once and verified. All 26 fields and image reviewed for both lots. Preserve name and current flavor profile, not independently verified. Range relationship unresolved. Edition, single-cask and cask-strength declarations, colour, filtration, PPM, vintage, bottling/release dates, maturation, cask and outturn unknown. Do not infer releaseYear=1991 from generic range history or bottling year from the wooden box. Broad reference R15316 flagged. No duplicate creation for packaging. Flora & Fauna range evidenced, but no Caol Ila-owned series exists in the fresh complete series list. Do not use another brand's series or promote the cross-distillery marketing collection into a guessed brand. Preserve null and flag the missing organization decision. Canonical R13399 matches. Noncanonical R15316 is Caol Ila 15-year-old, which also fits different Unpeated and independent releases; mark unresolved and propose quarantine separately, not verified. No reference write in this batch. Alias array empty. Exact clean 900x1200 retailer bottle and cardboard box inspected. Same age/43%/bird label for both source rows; no watermark. Current image null. Multipart upload is not available through the existing JSON CLI command; no direct upload attempted."
"7043617","https://whiskyauctioneer.com/whisky-lot/7043617/caol-ila-1993-bloodtub-valinch","432","Caol Ila 1993 Bloodtub Valinch","final_evidence","ADDED — optional facts left blank","B52744","","Murray McDavid Caol Ila","Age, outturn, malt PPM, release month/day and flavor profile remain unknown. Keep statedAge null and NAS true: informal 12-year calculations are not a printed age. Preserve the 2006 archive discrepancy in this note; the first-person festival account published in 2011 and the specialist archive support 2005. Festival context stays in description/date rather than inventing a printed edition. No aliases or extra references. Do not infer that maturation occurred entirely in the small serving bloodtub. Exact clean image saved locally. Upload pending: the JSON CLI does not accept multipart files. No direct credential-based upload attempted."
"7043618","https://whiskyauctioneer.com/whisky-lot/7043618/caol-ila-2000-distillers-edition-c-si-8-472","1932","Caol Ila 2000 The Distillers Edition C-si; 8-472","final_evidence","ADDED — optional facts left blank","B52816","","Caol Ila The Distillers Edition","Stated age, exact dates, series, edition, outturn, single-cask and cask-strength status, color and filtration claims, release date, malt phenol PPM and flavor profile remain unknown. Exact clean image saved locally. Upload pending because the JSON CLI does not accept multipart files."
"7043620","https://whiskyauctioneer.com/whisky-lot/7043620/bruichladdich-2001-phd135-15-year-old","2369","Bruichladdich 2001 PHD_135 15 Year Old","final_evidence","EXISTING — exact bottle verified; no changes","B3432","","Bruichladdich 2001 PHD_135 15 Year Old","Exact marketed expression identified from the source title, source card facts and fresh production search. The release-defining age, vintage, edition, cask code, release year and/or ABV agree where those facts are present. No production write."
"7043622","https://whiskyauctioneer.com/whisky-lot/7043622/bruichladdich-2001-phd135-15-year-old","2369","Bruichladdich 2001 PHD_135 15 Year Old","final_evidence","EXISTING — exact bottle verified; no changes","B3432","","Bruichladdich 2001 PHD_135 15 Year Old","Exact marketed expression identified from the source title, source card facts and fresh production search. The release-defining age, vintage, edition, cask code, release year and/or ABV agree where those facts are present. No production write."
"7043624","https://whiskyauctioneer.com/whisky-lot/7043624/bruichladdich-1988-sinnsear-forefathers-first-release","402","Bruichladdich 1988 Sinnsear 'Forefathers' - First Release","review_lead_only","historical_create_recorded","","","","This source URL was a review lead. The audit did not use it as final URL-level evidence for a Peated mapping."
"7043626","https://whiskyauctioneer.com/whisky-lot/7043626/bruichladdich-links-14-year-old-old-course-st-andrews","2370","Bruichladdich Links 14 Year Old - The Old Course St. Andrews","final_evidence","EXISTING — identity resolved; catalog concern recorded","","","Bruichladdich Links 14 Year Old - The Old Course St. Andrews","Targeted fresh GETs and source-label facts establish the identity. B5295 has the exact Links I / Old Course marketed expression but stores age 12 instead of the label's 14. B18814 stores the correct 14-year age but omits The Old Course. They appear to be duplicate partial records. Do not create or merge in this run. No production write."
"7043644","https://whiskyauctioneer.com/whisky-lot/7043644/caol-ila-1984-scotts-selection","431","Caol Ila 1984 Scott's Selection","final_evidence","SKIPPED — unresolved identity","","B18072","Caol Ila 1984 Scott's Selection","Do not create or patch: B18072 already names Scott's Selection Caol Ila 1984, but has no ABV, bottling year, cask, image, barcode or exact reference to resolve its release. Fresh GET and both references checked. The source bottle is 53.5%; independent archives identify 1984/2006 at 53.5% and 1984/2007 at 54.1%. The generic existing record could be either. All 14 Scott's Selection bottles and complete Caol Ila inventories reviewed. No production mutation. Exact front/back photos and field observations retained locally; do not promote a possible match to a verified one."
"7043653","https://whiskyauctioneer.com/whisky-lot/7043653/arran-1995-fifteenth-anniversary","269","Arran 1995 Fifteenth Anniversary","review_lead_only","historical_create_recorded","","","","This source URL was a review lead. The audit did not use it as final URL-level evidence for a Peated mapping."
"7043681","https://whiskyauctioneer.com/whisky-lot/7043681/arran-millennium-casks-13-year-old","2361","Arran Millennium Casks 13 Year Old","final_evidence","EXISTING — exact identity; data concern recorded","B976","","Arran Millennium Casks 13 Year Old","Exact marketed expression identified from the source card facts and fresh narrow production searches. B16754 appears to duplicate the same Millennium Casks release. Reuse the age-specific B976; do not create or merge records in this run. No production write."
"7043682","https://whiskyauctioneer.com/whisky-lot/7043682/arran-millennium-casks-13-year-old","2361","Arran Millennium Casks 13 Year Old","final_evidence","EXISTING — exact identity; data concern recorded","B976","","Arran Millennium Casks 13 Year Old","Exact marketed expression identified from the source card facts and fresh narrow production searches. B16754 appears to duplicate the same Millennium Casks release. Reuse the age-specific B976; do not create or merge records in this run. No production write."
"7043726","https://whiskyauctioneer.com/whisky-lot/7043726/arran-white-stag-first-release","285","Arran White Stag First Release","final_evidence","ADDED EARLIER — create and image verified","B52386","","Arran White Stag First Release","Legacy import record. The create receipt and later image write agree on the Bottle ID and name."
"7043747","https://whiskyauctioneer.com/whisky-lot/7043747/jura-1996-boutique-barrels","1527","Jura 1996 Boutique Barrels","final_evidence","ADDED — optional facts left blank","B52789","","Isle of Jura 1996 Boutique Barrels - 2010 Whisky Festival","No age statement appears on the exact label. Natural-color status, exact release month and day, malt PPM and flavor profile remain unknown. The hand-selection and festival facts establish 2010 but not a more precise date for public release. Exact clean front and back images saved locally. Upload pending: the JSON CLI does not accept multipart files. No direct credential-based upload attempted."
"7043749","https://whiskyauctioneer.com/whisky-lot/7043749/guillon-lesprit-du-malt","1349","Guillon L'Esprit du Malt","final_evidence","SKIPPED — not whisky","","","Guillon L'Esprit du Malt","SKIPPED with no production write. The exact images identify three distinct finishes hidden behind the same generic auction title: Meursault, Sauternes and Vin de Paille. More importantly, the exact back label calls the product a cereal-based spirit drink, and the producer and regional sources call L'Esprit du Malt a spirit rather than whisky. Peated's Bottle form supports only whisky categories. The source-title collision is retained here, but none of these non-whisky releases belongs in the catalog."
"7043750","https://whiskyauctioneer.com/whisky-lot/7043750/guillon-no1-lesprit-du-malt","1484","Guillon No.1 L'Esprit du Malt","final_evidence","SKIPPED — not whisky","","","Guillon No.1 L'Esprit du Malt","SKIPPED with no production write because the exact back label identifies Guillon No.1 as 'Boisson spiritueuse à base de céréales hydrolysées et chaptalisées' at 46% ABV. An independent retailer also classifies No.1 as a malt-based spirit drink. It is not a whisky under the Peated catalog model. Exact front and back images were inspected and retained."
"7043751","https://whiskyauctioneer.com/whisky-lot/7043751/guillon-lesprit-du-malt","1349","Guillon L'Esprit du Malt","final_evidence","SKIPPED — not whisky","","","Guillon L'Esprit du Malt","SKIPPED with no production write. The exact images identify three distinct finishes hidden behind the same generic auction title: Meursault, Sauternes and Vin de Paille. More importantly, the exact back label calls the product a cereal-based spirit drink, and the producer and regional sources call L'Esprit du Malt a spirit rather than whisky. Peated's Bottle form supports only whisky categories. The source-title collision is retained here, but none of these non-whisky releases belongs in the catalog."
"7043752","https://whiskyauctioneer.com/whisky-lot/7043752/guillon-lesprit-du-malt","1349","Guillon L'Esprit du Malt","final_evidence","SKIPPED — not whisky","","","Guillon L'Esprit du Malt","SKIPPED with no production write. The exact images identify three distinct finishes hidden behind the same generic auction title: Meursault, Sauternes and Vin de Paille. More importantly, the exact back label calls the product a cereal-based spirit drink, and the producer and regional sources call L'Esprit du Malt a spirit rather than whisky. Peated's Bottle form supports only whisky categories. The source-title collision is retained here, but none of these non-whisky releases belongs in the catalog."
"7043753","https://whiskyauctioneer.com/whisky-lot/7043753/guillon-20eme-anniversaire-lesprit-du-malt","1483","Guillon 20eme Anniversaire L'Esprit du Malt","final_evidence","SKIPPED — not whisky","","","Guillon 20eme Anniversaire L'Esprit du Malt","SKIPPED with no production write because the exact back label identifies this as 'Boisson spiritueuse à base de céréales hydrolysées et chaptalisées' at 43% ABV. It is a French cereal-based spirit drink, not a whisky under the Peated catalog model. The 20th Anniversary presentation does not change that legal product identity. Exact front and back images were inspected and retained."
"7043800","https://whiskyauctioneer.com/whisky-lot/7043800/rare-malts-selection-selection-box-set-2-brora-caol-ila-dailuaine-glendulan","3033","Rare Malts Selection Selection Box Set 2: Brora, Caol Ila, Dailuaine, Glendulan & Teaninich","review_lead_only","held_multi_bottle_set","","","","This source URL was a review lead. The audit did not use it as final URL-level evidence for a Peated mapping."
"7043805","https://whiskyauctioneer.com/whisky-lot/7043805/glenmorangie-sesquicentennial-selection-21-year-old-buchan-stonewear-decanter","703","Glenmorangie Sesquicentennial Selection 21 Year Old - Buchan Stonewear Decanter","final_evidence","ADDED EARLIER — create and image verified","B52403","","Glenmorangie Sesquicentennial Selection","Legacy import record. The create receipt and later image write agree on the Bottle ID and name."
"7043812","https://whiskyauctioneer.com/whisky-lot/7043812/chartreuse-diffusion-green-1970s","1431","Chartreuse Diffusion Green 1970s","final_evidence","SKIPPED — not whisky","","","Chartreuse Diffusion Green 1970s","The exact lot is the historical green Chartreuse liqueur, not whisky. The producer establishes its botanical liqueur identity. No proof conversion, estimated dates, Bottle or entity added."
"7043817","https://whiskyauctioneer.com/whisky-lot/7043817/aberlour-1989-millennium-contract-no-079345","235","Aberlour 1989 Millennium Contract No. 079/345","final_evidence","ADDED EARLIER — create and image verified","B52379","","Aberlour Millennium - Contract No. 079/345","Legacy import record. The create receipt and later image write agree on the Bottle ID and name."
"7043821","https://whiskyauctioneer.com/whisky-lot/7043821/chichibu-2018-shibazakura-flower-festival","477","Chichibu 2018 Shibazakura Flower Festival","final_evidence","ADDED — optional facts left blank","B52751","","Chichibu Shibazakura Flower Festival","Series, edition, malt PPM, release month/day and flavor profile remain unknown. Do not confuse this cask with the separate Shibazakura Umeshu cask 16109 at 61%. No alias or extra reference. Exact clean image saved locally. Upload pending: the JSON CLI does not accept multipart files. No direct credential-based upload attempted."
"7043826","https://whiskyauctioneer.com/whisky-lot/7043826/bruichladdich-yellow-submarine-reclassified-14-year-old","2330","Bruichladdich Yellow Submarine [Reclassified] 14 Year Old","final_evidence","EXISTING — exact bottle verified; no changes","B47503","","Bruichladdich Yellow Submarine [Reclassified] 14 Year Old","Exact marketed expression identified from the source title, source card facts and fresh production search. The release-defining age, vintage, edition, cask code, release year and/or ABV agree where those facts are present. No production write."
"7043827","https://whiskyauctioneer.com/whisky-lot/7043827/bruichladdich-yellow-submarine-reclassified-14-year-old","2330","Bruichladdich Yellow Submarine [Reclassified] 14 Year Old","final_evidence","EXISTING — exact bottle verified; no changes","B47503","","Bruichladdich Yellow Submarine [Reclassified] 14 Year Old","Exact marketed expression identified from the source title, source card facts and fresh production search. The release-defining age, vintage, edition, cask code, release year and/or ABV agree where those facts are present. No production write."
"7043832","https://whiskyauctioneer.com/whisky-lot/7043832/bruichladdich-greener-still-15-year-old","2322","Bruichladdich Greener Still 15 Year Old","final_evidence","EXISTING — exact bottle verified; no changes","B47421","","Bruichladdich Greener Still 15 Year Old","Exact marketed expression identified from the source title, source card facts and fresh production search. The release-defining age, vintage, edition, cask code, release year and/or ABV agree where those facts are present. No production write."
"7043833","https://whiskyauctioneer.com/whisky-lot/7043833/bruichladdich-greener-still-15-year-old","2322","Bruichladdich Greener Still 15 Year Old","final_evidence","EXISTING — exact bottle verified; no changes","B47421","","Bruichladdich Greener Still 15 Year Old","Exact marketed expression identified from the source title, source card facts and fresh production search. The release-defining age, vintage, edition, cask code, release year and/or ABV agree where those facts are present. No production write."
"7043834","https://whiskyauctioneer.com/whisky-lot/7043834/bruichladdich-greener-still-15-year-old","2322","Bruichladdich Greener Still 15 Year Old","final_evidence","EXISTING — exact bottle verified; no changes","B47421","","Bruichladdich Greener Still 15 Year Old","Exact marketed expression identified from the source title, source card facts and fresh production search. The release-defining age, vintage, edition, cask code, release year and/or ABV agree where those facts are present. No production write."
"7043853","https://whiskyauctioneer.com/whisky-lot/7043853/ben-nevis-2009-smws-11-year-old-7847-citric-firecracker","2447","Ben Nevis 2009 SMWS 11 Year Old 78.47 - Citric firecracker","final_evidence","EXISTING — exact bottle verified; no changes","B49055","","Ben Nevis 2009 SMWS 11 Year Old 78.47 - Citric firecracker","Exact marketed expression identified from the source title, source card facts and fresh production search. The release-defining age, vintage, edition, cask code, release year and/or ABV agree where those facts are present. No production write."
"7043863","https://whiskyauctioneer.com/whisky-lot/7043863/hinotori-5-year-old-blended-japanese-whisky","1506","Hinotori 5 Year Old Blended Japanese Whisky","review_lead_only","held_producer_provenance","","","","This source URL was a review lead. The audit did not use it as final URL-level evidence for a Peated mapping."
"7043869","https://whiskyauctioneer.com/whisky-lot/7043869/glenury-royal-1970-natural-cask-strength-40-year-old","2563","Glenury Royal 1970 Natural Cask Strength 40 Year Old","final_evidence","EXISTING — exact bottle verified; no changes","B49846","","Glenury Royal 1970 Natural Cask Strength 40 Year Old","Exact marketed expression identified from the source card facts and fresh narrow production search. Release-defining age, vintage, edition, cask code, release year and/or ABV agree where present. No production write."
"7043870","https://whiskyauctioneer.com/whisky-lot/7043870/lagavulin-1976-37-year-old","2391","Lagavulin 1976 37 Year Old","final_evidence","EXISTING — exact bottle verified; no changes","B4320","","Lagavulin 1976 37 Year Old","Exact marketed expression identified from the source title, source card facts and fresh production search. The release-defining age, vintage, edition, cask code, release year and/or ABV agree where those facts are present. No production write."
"7043875","https://whiskyauctioneer.com/whisky-lot/7043875/oban-1969-natural-cask-strength-32-year-old","2645","Oban 1969 Natural Cask Strength 32 Year Old","final_evidence","EXISTING — exact bottle verified; no changes","B5334","","Oban 1969 Natural Cask Strength 32 Year Old","Exact marketed expression identified from the source card facts and fresh narrow production search. Release-defining age, vintage, edition, cask code, release year and/or ABV agree where present. No production write."
"7043876","https://whiskyauctioneer.com/whisky-lot/7043876/macallan-18-year-old-sherry-oak-cask-annual-2022-release","2331","Macallan 18 Year Old Sherry Oak Cask Annual 2022 Release","review_lead_only","needs_review","","","","This source URL was a review lead. The audit did not use it as final URL-level evidence for a Peated mapping."
"7043880","https://whiskyauctioneer.com/whisky-lot/7043880/glenfiddich-grand-yozakura-29-year-old","658","Glenfiddich Grand Yozakura 29 Year Old","final_evidence","ADDED EARLIER — create and image verified","B52401","","Glenfiddich Grand Yozakura","Legacy import record. The create receipt and later image write agree on the Bottle ID and name."
"7043883","https://whiskyauctioneer.com/whisky-lot/7043883/chichibu-2015-ichiros-malt-9-year-old-gambler","2492","Chichibu 2015 Ichiro's Malt 9 Year Old The Gambler","final_evidence","EXISTING — exact bottle verified; no changes","B47640","","Chichibu 2015 Ichiro's Malt 9 Year Old The Gambler","Exact marketed expression identified from the source card facts and fresh narrow production search. Release-defining age, vintage, edition, cask code, release year and/or ABV agree where present. No production write."
"7043899","https://whiskyauctioneer.com/whisky-lot/7043899/glentauchers-1990-connoisseurs-choice-31-years-old","138","Glentauchers 1990 Connoisseurs Choice 31 Years Old","final_evidence","ADDED — optional facts left blank","B52660","","Gordon & MacPhail Glentauchers - Batch 22/009","Initial release year/month/day, malt PPM and flavor profile remain unknown. Batch 22/009 does not itself prove a 2022 release; December 2021 is bottling. Reject retailer claims of refill maturation or 51.9% that conflict with the exact printed label. No aliases or references from generated long titles. Exact clean retailer image saved locally. Upload pending: the JSON CLI does not accept multipart files. No direct credential-based upload attempted."
"7043900","https://whiskyauctioneer.com/whisky-lot/7043900/glentauchers-1990-connoisseurs-choice-31-years-old","138","Glentauchers 1990 Connoisseurs Choice 31 Years Old","final_evidence","ADDED — optional facts left blank","B52660","","Gordon & MacPhail Glentauchers - Batch 22/009","Initial release year/month/day, malt PPM and flavor profile remain unknown. Batch 22/009 does not itself prove a 2022 release; December 2021 is bottling. Reject retailer claims of refill maturation or 51.9% that conflict with the exact printed label. No aliases or references from generated long titles. Exact clean retailer image saved locally. Upload pending: the JSON CLI does not accept multipart files. No direct credential-based upload attempted."
"7043902","https://whiskyauctioneer.com/whisky-lot/7043902/caol-ila-1984-connoisseurs-choice-34-year-old","429","Caol Ila 1984 Connoisseurs Choice 34 Year Old","review_lead_only","historical_create_recorded","","","","This source URL was a review lead. The audit did not use it as final URL-level evidence for a Peated mapping."
"7043903","https://whiskyauctioneer.com/whisky-lot/7043903/glenburgie-1990-connoisseurs-choice-31-year-old","633","Glenburgie 1990 Connoisseurs Choice 31 Year Old","final_evidence","ADDED EARLIER — create and image verified","B52399","","Gordon & MacPhail Glenburgie - Batch 22/006","Legacy import record. The create receipt and later image write agree on the Bottle ID and name."
"7043904","https://whiskyauctioneer.com/whisky-lot/7043904/laphroaig-1999-smws-27-year-old-29234-smoked-and-salted-toffee-apples","2604","Laphroaig 1999 SMWS 27 Year Old 29.234 - Smoked and salted toffee apples","final_evidence","EXISTING — exact identity; data concern recorded","B50388","","Laphroaig 1999 SMWS 27 Year Old 29.234 - Smoked and salted toffee apples","Exact marketed expression identified from the source card facts and fresh narrow production searches. The auction title says 1999, which is incompatible with its stated 27-year age and 2017 date. Exact SMWS cask code 29.234 and the existing Bottle identify the 1989 vintage; record the source-title error and do not create a duplicate. No production write."
"7043909","https://whiskyauctioneer.com/whisky-lot/7043909/stagg-barrel-proof-bourbon-batch-23b","73","","final_evidence","SKIPPED — unresolved identity","","","Stagg — recovered batch 23 claim, suffix missing","The recovered historical audit only retains a batch 23 conflict and an unrelated candidate B13404 (13th Edition). Its original source title, ABV, full batch suffix and lot URL are not recovered. The current snapshot contains Batch 23B, but batch 23 could also be a truncated 23A/23C or an ordinal batch count. Do not silently turn that incomplete historical claim into Batch 23B. Current eight-record Stagg search confirms B13404 is the 13th Edition, not proof of this row. Source URL is a possible lead only, not a resolved original-row link. Skip this historical row until its complete batch label or original source can be recovered. No production Bottle write."
"7043914","https://whiskyauctioneer.com/whisky-lot/7043914/linkwood-2008-first-drop-new-spirit","956","Linkwood 2008 The First Drop New Spirit","final_evidence","SKIPPED — not whisky","","","Linkwood 2008 The First Drop New Spirit","Exact auction listing classifies this as Spirit drink, not whisky. Independent exact release entry identifies The First Drop Speyside New Spirit, 2008, 63.4% and barcode 4542312001215. It is outside the whisky-only catalog scope. Do not use Linkwood's usual single-malt production category for this unaged spirit."
"7043918","https://whiskyauctioneer.com/whisky-lot/7043918/edradour-2006-warrior-series","558","Edradour 2006 The Warrior Series","final_evidence","ADDED — optional facts left blank","B52752","","Edradour The Warrior Series","Stated age, outturn, malt PPM, release month/day and flavor profile remain unknown. Do not calculate an age from dates or treat cask 239 as a 239-bottle outturn. No edition, alias or extra reference. Exact clean image saved locally. Upload pending: the JSON CLI does not accept multipart files. No direct credential-based upload attempted."
"7043919","https://whiskyauctioneer.com/whisky-lot/7043919/macallan-art-flower-charles-rennie-mackintosh","16","Macallan Art is the Flower - Charles Rennie Mackintosh","review_lead_only","created_verified","","","","This source URL was a review lead. The audit did not use it as final URL-level evidence for a Peated mapping."
"7043921","https://whiskyauctioneer.com/whisky-lot/7043921/macallan-art-flower-charles-rennie-mackintosh","16","Macallan Art is the Flower - Charles Rennie Mackintosh","review_lead_only","created_verified","","","","This source URL was a review lead. The audit did not use it as final URL-level evidence for a Peated mapping."
"7043938","https://whiskyauctioneer.com/whisky-lot/7043938/springbank-cask-strength-12-year-old","2320","Springbank Cask Strength 12 Year Old","final_evidence","ADDED — optional facts left blank","B52838","","Springbank Cask Strength - Batch 17","Vintage, exact release date, cask numbers, malt phenol PPM and flavor profile remain unknown. Outturn remains null unless an exact bottle count was documented."
"7043949","https://whiskyauctioneer.com/whisky-lot/7043949/macallan-18-year-old-sherry-oak-cask-annual-2022-release","2331","Macallan 18 Year Old Sherry Oak Cask Annual 2022 Release","final_evidence","ADDED — optional facts left blank","B52823","","The Macallan Sherry Oak","Exact release date, bottling year, cask-strength and filtration claims, cask numbers, outturn, malt phenol PPM and flavor profile remain unknown."
"7043950","https://whiskyauctioneer.com/whisky-lot/7043950/macallan-genesis","64","Macallan Genesis","review_lead_only","created_verified","","","","This source URL was a review lead. The audit did not use it as final URL-level evidence for a Peated mapping."
"7043956","https://whiskyauctioneer.com/whisky-lot/7043956/kanosuke-limited-edition-2022","838","Kanosuke Limited Edition 2022","final_evidence","ADDED EARLIER — create and image verified","B52406","","Kanosuke Single Malt - 2022 Limited Edition","Legacy import record. The create receipt and later image write agree on the Bottle ID and name."
"7043965","https://whiskyauctioneer.com/whisky-lot/7043965/waterford-single-farm-origin-lakefield-edition-11","2355","Waterford Single Farm Origin Lakefield Edition 1.1","final_evidence","EXISTING — exact bottle verified; no changes","B1907","","Waterford Single Farm Origin Lakefield Edition 1.1","Exact marketed expression identified from the source title, source card facts and fresh production search. The release-defining age, vintage, edition, cask code, release year and/or ABV agree where those facts are present. No production write."
"7043969","https://whiskyauctioneer.com/whisky-lot/7043969/waterford-single-farm-origin-lakefield-edition-11","2355","Waterford Single Farm Origin Lakefield Edition 1.1","final_evidence","EXISTING — exact bottle verified; no changes","B1907","","Waterford Single Farm Origin Lakefield Edition 1.1","Exact marketed expression identified from the source title, source card facts and fresh production search. The release-defining age, vintage, edition, cask code, release year and/or ABV agree where those facts are present. No production write."
"7043970","https://whiskyauctioneer.com/whisky-lot/7043970/daftmill-2007-fife-strength-15-year-old","119","Daftmill 2007 Fife Strength 15 Year Old","final_evidence","ADDED — optional facts left blank","B52576","","Daftmill Fife Strength","Natural colour and non-chill filtration have only an uncorroborated archive claim and remain null. Outturn, cask numbers, malt PPM, flavor profile and exact release month/day are unknown. July 2023 is bottling, not the first release month. Do not copy counts from another Daftmill release. Exact clean image saved locally. Upload pending: the JSON CLI does not accept multipart files. No direct credential-based upload attempted."
"7043973","https://whiskyauctioneer.com/whisky-lot/7043973/daftmill-2007-fife-strength-15-year-old","119","Daftmill 2007 Fife Strength 15 Year Old","final_evidence","ADDED — optional facts left blank","B52576","","Daftmill Fife Strength","Natural colour and non-chill filtration have only an uncorroborated archive claim and remain null. Outturn, cask numbers, malt PPM, flavor profile and exact release month/day are unknown. July 2023 is bottling, not the first release month. Do not copy counts from another Daftmill release. Exact clean image saved locally. Upload pending: the JSON CLI does not accept multipart files. No direct credential-based upload attempted."
"7043987","https://whiskyauctioneer.com/whisky-lot/7043987/ardnamurchan-april-fool-5-year-old-extremely-old-i-wish-i-were-younger","88","Ardnamurchan April Fool 5 Year Old - Extremely Old, I Wish I Were Younger","final_evidence","ADDED — optional facts left blank","B52474","","The Whisky Exchange April Fool - Second Release","Outturn remains null: bottler page says 1595, auctions and contemporary review say 1575; the small back-label image does not settle the digits clearly enough. Maturation remains null: bourbon-only auction claim conflicts with a contemporary bourbon-plus-Oloroso account. Vintage 2016 is only a review claim. Natural colour and no chill filtration have only unverified community flags. Single-cask status, exact cask number, malt PPM, release day and flavor profile are not established. Release year/month come from the printed April 2022 ribbon, not from the auction date. Tasting notes are read-only."
"7043989","https://whiskyauctioneer.com/whisky-lot/7043989/ardnamurchan-april-fool-5-year-old-extremely-old-i-wish-i-were-younger","88","Ardnamurchan April Fool 5 Year Old - Extremely Old, I Wish I Were Younger","review_lead_only","created_verified","","","","This source URL was a review lead. The audit did not use it as final URL-level evidence for a Peated mapping."
"7043997","https://whiskyauctioneer.com/whisky-lot/7043997/henstone-2019","145","Henstone 2019","review_lead_only","created_verified","","","","This source URL was a review lead. The audit did not use it as final URL-level evidence for a Peated mapping."
"7044000","https://whiskyauctioneer.com/whisky-lot/7044000/inchgower-2007-cask-series-008-11-year-old","146","Inchgower 2007 Cask Series 008 11 Year Old","final_evidence","ADDED — optional facts left blank","B52709","","North Star Spirits Inchgower - Cask Series 008","Cask strength lacks a second exact source. Initial release date, cask number, malt PPM and flavor profile remain unknown. March versus June bottling month conflicts across producer text and printed label; store only 2019, not a month claim. No aliases or references from generated titles. Exact clean image saved locally. Upload pending: the JSON CLI does not accept multipart files. No direct credential-based upload attempted."
"7044002","https://whiskyauctioneer.com/whisky-lot/7044002/inchgower-2007-cask-series-008-11-year-old","146","Inchgower 2007 Cask Series 008 11 Year Old","final_evidence","ADDED — optional facts left blank","B52709","","North Star Spirits Inchgower - Cask Series 008","Cask strength lacks a second exact source. Initial release date, cask number, malt PPM and flavor profile remain unknown. March versus June bottling month conflicts across producer text and printed label; store only 2019, not a month claim. No aliases or references from generated titles. Exact clean image saved locally. Upload pending: the JSON CLI does not accept multipart files. No direct credential-based upload attempted."
"7044003","https://whiskyauctioneer.com/whisky-lot/7044003/henstone-2019","145","Henstone 2019","review_lead_only","created_verified","","","","This source URL was a review lead. The audit did not use it as final URL-level evidence for a Peated mapping."
"7044004","https://whiskyauctioneer.com/whisky-lot/7044004/caol-ila-2011-9-year-old","1675","Caol Ila 2011 9 Year Old","review_lead_only","needs_review","","","","This source URL was a review lead. The audit did not use it as final URL-level evidence for a Peated mapping."
"7044005","https://whiskyauctioneer.com/whisky-lot/7044005/caol-ila-2011-9-year-old","1675","Caol Ila 2011 9 Year Old","review_lead_only","needs_review","","","","This source URL was a review lead. The audit did not use it as final URL-level evidence for a Peated mapping."
"7044024","https://whiskyauctioneer.com/whisky-lot/7044024/dalmunach-2016-octave-4-year-old","532","Dalmunach 2016 The Octave 4 Year Old","review_lead_only","historical_create_recorded","","","","This source URL was a review lead. The audit did not use it as final URL-level evidence for a Peated mapping."
"7044041","https://whiskyauctioneer.com/whisky-lot/7044041/brora-1977-rare-malts-selection-24-year-old","2368","Brora 1977 Rare Malts Selection 24 Year Old","final_evidence","EXISTING — exact bottle verified; no changes","B49672","","Brora 1977 Rare Malts Selection 24 Year Old","Exact marketed expression identified from the source title, source card facts and fresh production search. The release-defining age, vintage, edition, cask code, release year and/or ABV agree where those facts are present. No production write."
"7044042","https://whiskyauctioneer.com/whisky-lot/7044042/brora-1980-prima-ultima-40-year-old","2473","Brora 1980 Prima & Ultima 40 Year Old","final_evidence","EXISTING — exact bottle verified; no changes","B49794","","Brora 1980 Prima & Ultima 40 Year Old","Exact marketed expression identified from the source title, source card facts and fresh production search. The release-defining age, vintage, edition, cask code, release year and/or ABV agree where those facts are present. No production write."
"7044043","https://whiskyauctioneer.com/whisky-lot/7044043/glencadam-1974-connoisseurs-choice","636","Glencadam 1974 Connoisseurs Choice","review_lead_only","historical_create_recorded","","","","This source URL was a review lead. The audit did not use it as final URL-level evidence for a Peated mapping."
"7044045","https://whiskyauctioneer.com/whisky-lot/7044045/glendullan-1972-rare-malts-selection-23-year-old","2377","Glendullan 1972 Rare Malts Selection 23 Year Old","final_evidence","EXISTING — exact bottle verified; no changes","B49694","","Glendullan 1972 Rare Malts Selection 23 Year Old","Exact marketed expression identified from the source title, source card facts and fresh production search. The release-defining age, vintage, edition, cask code, release year and/or ABV agree where those facts are present. No production write."
"7044046","https://whiskyauctioneer.com/whisky-lot/7044046/glendronach-12-year-old-wm-teacher-sons","28","Glendronach 12 Year Old - Wm. Teacher & Sons","final_evidence","SKIPPED — unresolved identity","","B5495","Glendronach 12 Year Old Wm. Teacher & Sons","The historical source is verified as the green dumpy GlenDronach 12-year Teacher bottling at 40%. Complete GlenDronach inventory (159 over two pages) and Wm. Teacher E5462 inventory (1) were checked. Existing B4901, B5267 and B5495 are 12-year records with null ABV and no images; fresh reads do not establish their precise releases. Their Original wording suggests later products, but missing historical provenance is not enough to rule out a sparse duplicate. B20's current image is a different modern 46% release and must not be patched to 40%. Skip creation and leave all existing records unchanged until the three possible matches can be resolved. No vintage, exact bottling date, first-release date, maturation, filtration or colour claim is verified for the historical source."
"7044047","https://whiskyauctioneer.com/whisky-lot/7044047/inchgower-1966-smws-36-year-old-1819-tawny-port-and-syrup-figs","779","Inchgower 1966 SMWS 36 Year Old 18.19 - Tawny port and syrup of figs","review_lead_only","historical_create_recorded","","","","This source URL was a review lead. The audit did not use it as final URL-level evidence for a Peated mapping."
"7044048","https://whiskyauctioneer.com/whisky-lot/7044048/banff-1974-connoisseurs-choice","318","Banff 1974 Connoisseurs Choice","review_lead_only","historical_create_recorded","","","","This source URL was a review lead. The audit did not use it as final URL-level evidence for a Peated mapping."
"7044049","https://whiskyauctioneer.com/whisky-lot/7044049/braeckman-double-cask-batch-no1","1417","Braeckman Double Cask Batch No.1","final_evidence","ADDED — optional facts left blank","B52779","","Braeckman Double Cask - Batch No. 1","The exact age, release month and day, vintage and bottling years, cask strength, cask numbers, exact outturn, PPM and flavor profile remain unknown. A visible bottle-number panel is not legible enough to support an outturn. Exact clean image saved locally. Upload pending: the JSON CLI does not accept multipart files. No direct credential-based upload attempted."
"7044051","https://whiskyauctioneer.com/whisky-lot/7044051/jameson-five-oak-cask-release-single-pot-still-batch-no1","806","Jameson Five Oak Cask Release Single Pot Still Batch No.1","final_evidence","ADDED EARLIER — create and image verified","B52405","","Jameson Single Pot Still Five Oak Cask Release - Batch No. 1","Legacy import record. The create receipt and later image write agree on the Bottle ID and name."
"7044059","https://whiskyauctioneer.com/whisky-lot/7044059/chartreuse-de-voiron-vep-green-label-litre","1430","Chartreuse De Voiron VEP Green Label Litre","final_evidence","SKIPPED — not whisky","","","Chartreuse De Voiron VEP Green Label Litre","The exact lot is green Chartreuse VEP at 54%, classified as a spirit drink. The producer describes VEP as extended-aged green botanical liqueur. Cask ageing does not make it whisky. No Bottle or entity added."
"7044063","https://whiskyauctioneer.com/whisky-lot/7044063/callington-mill-blue-lake-lodge","1356","Callington Mill Blue Lake Lodge","review_lead_only","created_verified","","","","This source URL was a review lead. The audit did not use it as final URL-level evidence for a Peated mapping."
"7044083","https://whiskyauctioneer.com/whisky-lot/7044083/laphroaig-ian-hunter-story-34-year-old-book-5-enduring-spirit","55","Laphroaig The Ian Hunter Story 34 Year Old - Book 5: Enduring Spirit","review_lead_only","created_verified","","","","This source URL was a review lead. The audit did not use it as final URL-level evidence for a Peated mapping."
"7044085","https://whiskyauctioneer.com/whisky-lot/7044085/stagg-barrel-proof-bourbon-batch-25d","214","","final_evidence","SKIPPED — unresolved identity","","","Stagg — recovered batch 25 claim, suffix missing","Historical evidence only retains a batch 25 conflict and candidate B13404 (13th Edition), without the original title, ABV, full suffix or source URL. Current raw snapshot contains separate 25B, 25C and 25D releases. These are incompatible exact identities; none can be assigned to audit 214 from the year-like number alone. Listed URLs are review leads, not proven original-row links. Skip the row and do not add a generic Batch 25 or edit the 13th Edition candidate. No production Bottle write."
"7044102","https://whiskyauctioneer.com/whisky-lot/7044102/aisling-boilermaker-tawny-cask-series-1","1397","Aisling Boilermaker Tawny Cask Series 1","final_evidence","ADDED — optional facts left blank","B52778","","The Aisling Boilermaker - Tawny Cask Series 1","The age, exact release month and day, cask strength, color and filtration claims, vintage and bottling years, exact cask numbers, PPM and flavor profile remain unknown. Exact clean image saved locally. Upload pending: the JSON CLI does not accept multipart files. No direct credential-based upload attempted."
"7044103","https://whiskyauctioneer.com/whisky-lot/7044103/tamar-valley-2020-hillwood-single-cask-matured","1647","Tamar Valley 2020 Hillwood Single Cask Matured","final_evidence","ADDED — optional facts left blank","B52800","","Hillwood Single Cask Matured","The stated age, exact age, series, edition, flavor profile, cask strength, vintage year, bottling date, release date, maturation type, exact outturn and malt phenol PPM remain unknown. The label date is retained only in the description because its role is not stated. Package volume is not an editable Bottle identity field. Exact clean front and back images saved locally, plus a rotated label crop used to verify cask, bottle and date fields. Upload pending because the JSON CLI does not accept multipart files."
"7044105","https://whiskyauctioneer.com/whisky-lot/7044105/aisling-boilermaker-apera-cask-series-2","1396","Aisling Boilermaker Apera Cask Series 2","final_evidence","ADDED — optional facts left blank","B52777","","The Aisling Boilermaker - Apera Cask Series 2","The age, exact release month and day, cask strength, color and filtration claims, vintage and bottling years, PPM and flavor profile remain unknown. Exact clean image saved locally. Upload pending: the JSON CLI does not accept multipart files. No direct credential-based upload attempted."
"7044108","https://whiskyauctioneer.com/whisky-lot/7044108/waitui-8-year-old","1664","Waitui 8 Year Old","review_lead_only","historical_create_recorded","","","","This source URL was a review lead. The audit did not use it as final URL-level evidence for a Peated mapping."
"7044113","https://whiskyauctioneer.com/whisky-lot/7044113/glenfiddich-gran-cortes-xxii-22-year-old","133","Glenfiddich Gran Cortes XXII 22 Year Old","final_evidence","ADDED — optional facts left blank","B52651","","Glenfiddich Gran Cortes XXII","Cask strength, natural colour, filtration, malt PPM, vintage, bottling year, exact release day, cask identifier, outturn and flavor profile remain unknown. No separate edition. XXII is producer wording, not an added 22-year suffix. Exact clean retailer image saved locally. Upload pending: the JSON CLI does not accept multipart files. No direct credential-based upload attempted."
"7044120","https://whiskyauctioneer.com/whisky-lot/7044120/lawrenny-cellar-collection-port-cask-batch-p2","1558","Lawrenny Cellar Collection Port Cask Batch P2","review_lead_only","created_verified","","","","This source URL was a review lead. The audit did not use it as final URL-level evidence for a Peated mapping."
"7044124","https://whiskyauctioneer.com/whisky-lot/7044124/balvenie-pedro-ximenez-cask-18-year-old","7","Balvenie Pedro Ximénez Cask 18 Year Old","review_lead_only","created_verified","","","","This source URL was a review lead. The audit did not use it as final URL-level evidence for a Peated mapping."
"7044132","https://whiskyauctioneer.com/whisky-lot/7044132/braeval-26-year-old","396","Braeval 26 Year Old","final_evidence","ADDED EARLIER — create and image verified","B52388","","Braeval 26-year-old","Legacy import record. The create receipt and later image write agree on the Bottle ID and name."
"7044133","https://whiskyauctioneer.com/whisky-lot/7044133/lawrenny-ascension","1557","Lawrenny Ascension","review_lead_only","created_verified","","","","This source URL was a review lead. The audit did not use it as final URL-level evidence for a Peated mapping."
"7044141","https://whiskyauctioneer.com/whisky-lot/7044141/callington-mill-blue-lake-lodge","1356","Callington Mill Blue Lake Lodge","review_lead_only","created_verified","","","","This source URL was a review lead. The audit did not use it as final URL-level evidence for a Peated mapping."
"7044145","https://whiskyauctioneer.com/whisky-lot/7044145/callington-mill-invicta","1423","Callington Mill Invicta","review_lead_only","created_verified","","","","This source URL was a review lead. The audit did not use it as final URL-level evidence for a Peated mapping."
"7044151","https://whiskyauctioneer.com/whisky-lot/7044151/whittakers-2021-single-malt-english-whisky","1672","Whittaker's 2021 Single Malt English Whisky","final_evidence","ADDED — optional facts left blank","B52454","","Whittaker's Single Malt English Whisky - 2025 Fortnum & Mason Edition","A secondary auction title says age three and cask 75, but neither is verified on the inspected primary label or retailer text. Leave both facts null, and do not calculate age from dates. No cask-strength claim, precise release date, PPM, flavor classification or named series verified. High ABV is not proof of cask strength."
"7044154","https://whiskyauctioneer.com/whisky-lot/7044154/springbank-cask-strength-12-year-old","2320","Springbank Cask Strength 12 Year Old","final_evidence","ADDED — optional facts left blank","B52840","","Springbank Cask Strength - Batch 22","Vintage, exact release date, cask numbers, malt phenol PPM and flavor profile remain unknown. Outturn remains null unless an exact bottle count was documented."
"7044159","https://whiskyauctioneer.com/whisky-lot/7044159/springbank-cask-strength-12-year-old","2320","Springbank Cask Strength 12 Year Old","final_evidence","ADDED — optional facts left blank","B52841","","Springbank Cask Strength - Batch 23","Vintage, exact release date, cask numbers, malt phenol PPM and flavor profile remain unknown. Outturn remains null unless an exact bottle count was documented."
"7044185","https://whiskyauctioneer.com/whisky-lot/7044185/chichibu-2013-cyborg-trilogy","466","Chichibu 2013 Cyborg Trilogy","review_lead_only","historical_create_recorded","","","","This source URL was a review lead. The audit did not use it as final URL-level evidence for a Peated mapping."
"7044187","https://whiskyauctioneer.com/whisky-lot/7044187/glengoyne-2007-single-cask-scottish-merchants-choice","2065","Glengoyne 2007 Single Cask Scottish Merchants' Choice","review_lead_only","historical_create_recorded","","","","This source URL was a review lead. The audit did not use it as final URL-level evidence for a Peated mapping."
"7044189","https://whiskyauctioneer.com/whisky-lot/7044189/masthouse-2018-single-cask","1107","Masthouse 2018 Single Cask","review_lead_only","historical_create_recorded","","","","This source URL was a review lead. The audit did not use it as final URL-level evidence for a Peated mapping."
"7044193","https://whiskyauctioneer.com/whisky-lot/7044193/springbank-cask-strength-12-year-old","2320","Springbank Cask Strength 12 Year Old","review_lead_only","needs_review","","","","This source URL was a review lead. The audit did not use it as final URL-level evidence for a Peated mapping."
"7044198","https://whiskyauctioneer.com/whisky-lot/7044198/springbank-2016-local-barley-8-year-old","72","Springbank 2016 Local Barley 8 Year Old","review_lead_only","historical_create_recorded","","","","This source URL was a review lead. The audit did not use it as final URL-level evidence for a Peated mapping."
"7044200","https://whiskyauctioneer.com/whisky-lot/7044200/masthouse-2017-single-estate-whisky","1106","Masthouse 2017 Single Estate Whisky","review_lead_only","created_verified","","","","This source URL was a review lead. The audit did not use it as final URL-level evidence for a Peated mapping."
"7044206","https://whiskyauctioneer.com/whisky-lot/7044206/stagg-barrel-proof-bourbon-batch-25b","214","","final_evidence","SKIPPED — unresolved identity","","","Stagg — recovered batch 25 claim, suffix missing","Historical evidence only retains a batch 25 conflict and candidate B13404 (13th Edition), without the original title, ABV, full suffix or source URL. Current raw snapshot contains separate 25B, 25C and 25D releases. These are incompatible exact identities; none can be assigned to audit 214 from the year-like number alone. Listed URLs are review leads, not proven original-row links. Skip the row and do not add a generic Batch 25 or edit the 13th Edition candidate. No production Bottle write."
"7044215","https://whiskyauctioneer.com/whisky-lot/7044215/lagavulin-1993-prima-ultima-28-year-old","2598","Lagavulin 1993 Prima & Ultima 28 Year Old","final_evidence","EXISTING — exact bottle verified; no changes","B49802","","Lagavulin 1993 Prima & Ultima 28 Year Old","Exact marketed expression identified from the source title, source card facts and fresh production search. The release-defining age, vintage, edition, cask code, release year and/or ABV agree where those facts are present. No production write."
"8022285","https://whiskyauctioneer.com/whisky-lot/8022285/lagavulin-20-year-old-natural-cask-strength","53","Lagavulin 20 Year Old Natural Cask Strength","final_evidence","EXISTING — identity matched; no changes","B2132","","Lagavulin Natural Cask Strength - Fèis Ìle 2020","All three recovered lots identify Fèis Ìle 2020, age 20, 54%, bottled 2020, 6000 bottles. Exact front/back labels match B2132. All 118 Lagavulin results reviewed; no competing exact match. The existing maturation statement agrees with the front label's refill and PX/Oloroso-seasoned hogsheads; do not replace it with the auction's looser finish taxonomy. Identity match only, no production edit. Missing Lagavulin distiller link and NAS=false are known local gaps, not a reason to duplicate the release. Vintage, exact release date, colour, filtration, PPM and cask code remain unverified. Existing generated tasting claims and profile were not independently validated. An exact source image is saved; current production image was not visually rechecked in this pass and was not replaced."
"8022287","https://whiskyauctioneer.com/whisky-lot/8022287/lagavulin-20-year-old-natural-cask-strength","53","Lagavulin 20 Year Old Natural Cask Strength","final_evidence","EXISTING — identity matched; no changes","B2132","","Lagavulin Natural Cask Strength - Fèis Ìle 2020","All three recovered lots identify Fèis Ìle 2020, age 20, 54%, bottled 2020, 6000 bottles. Exact front/back labels match B2132. All 118 Lagavulin results reviewed; no competing exact match. The existing maturation statement agrees with the front label's refill and PX/Oloroso-seasoned hogsheads; do not replace it with the auction's looser finish taxonomy. Identity match only, no production edit. Missing Lagavulin distiller link and NAS=false are known local gaps, not a reason to duplicate the release. Vintage, exact release date, colour, filtration, PPM and cask code remain unverified. Existing generated tasting claims and profile were not independently validated. An exact source image is saved; current production image was not visually rechecked in this pass and was not replaced."
"8022289","https://whiskyauctioneer.com/whisky-lot/8022289/lagavulin-20-year-old-natural-cask-strength","53","Lagavulin 20 Year Old Natural Cask Strength","final_evidence","EXISTING — identity matched; no changes","B2132","","Lagavulin Natural Cask Strength - Fèis Ìle 2020","All three recovered lots identify Fèis Ìle 2020, age 20, 54%, bottled 2020, 6000 bottles. Exact front/back labels match B2132. All 118 Lagavulin results reviewed; no competing exact match. The existing maturation statement agrees with the front label's refill and PX/Oloroso-seasoned hogsheads; do not replace it with the auction's looser finish taxonomy. Identity match only, no production edit. Missing Lagavulin distiller link and NAS=false are known local gaps, not a reason to duplicate the release. Vintage, exact release date, colour, filtration, PPM and cask code remain unverified. Existing generated tasting claims and profile were not independently validated. An exact source image is saved; current production image was not visually rechecked in this pass and was not replaced."
"8022302","https://whiskyauctioneer.com/whisky-lot/8022302/caol-ila-25-year-old","2853","Caol Ila 25 Year Old","final_evidence","EXISTING — identity matched; no changes","B17500","","Caol Ila 25-year-old","Both recovered lot candidates and stored image match B17500's classic black-label core 25 at 43%. Not Limited Batch B52463 or earlier cask-strength editions. No production changes. Known missing distiller/bottler links, NAS=false, ABV=43 and releaseYear=2010 saved locally. Producer verifies 2010 introduction, not bottling date. Technical flags, vintage, bottling date, precise release date, maturation, cask and outturn unknown. Profile and generated tasting claims unverified; factual description saved. Exact clean 900x1200 Whisky Exchange packshot saved to replace the current low-resolution thumbnail after authenticated preflight. Names preserved, aliases empty, references unresolved."
"8160323","https://whiskyauctioneer.com/whisky-lot/8160323/goldlys-12-year-old-first-release","721","Goldlys 2012 Oloroso Finish 12 Year Old - First Release","final_evidence","ADDED — optional facts left blank","B52443","","Goldlys Oloroso Finish - First Release","Outturn conflict: 1800 versus 1850. Cask identifiers 2615 + 27 lack readable-label confirmation. Do not infer release year from bottling year. Filtration, strength status, single-cask status, vintage, phenol and flavour profile remain unknown. No verified named series, alias, reference, merge or group change."
"8165083b","https://whiskyauctioneer.com/whisky-lot/8165083b/mackmyra-no001-20-year-old","1092","Mackmyra No.001 20 Year Old","final_evidence","ADDED EARLIER — create and image verified","B52414","","Mackmyra No. 001","Legacy import record. The create receipt and later image write agree on the Bottle ID and name."
"8196696","https://whiskyauctioneer.com/whisky-lot/8196696/glenlivet-1981-cask-strength-collection-33-year-old","681","Glenlivet 1981 Cask Strength Collection 33 Year Old","review_lead_only","historical_create_recorded","","","","This source URL was a review lead. The audit did not use it as final URL-level evidence for a Peated mapping."
"8197511b","https://whiskyauctioneer.com/whisky-lot/8197511b/macallan-8-year-old","32","Macallan 8 Year Old","review_lead_only","created_verified","","","","This source URL was a review lead. The audit did not use it as final URL-level evidence for a Peated mapping."
"8202471e","https://whiskyauctioneer.com/whisky-lot/8202471e/macallan-re-awakening-12-year-old","65","Macallan Re-Awakening 12 Year Old","review_lead_only","created_verified","","","","This source URL was a review lead. The audit did not use it as final URL-level evidence for a Peated mapping."
"8203327b","https://whiskyauctioneer.com/whisky-lot/8203327b/golden-times-3-year-old","1475","Golden Times 3 Year Old","final_evidence","ADDED — optional facts left blank","B52783","","Golden Times 3-year-old","The grain recipe, exact casks and dates, vintage and release year, cask strength, chill-filtration status, cask numbers, outturn, PPM and flavor profile remain unknown. Retail tasting language is not stored as a structured flavor profile. Exact clean retail image saved locally. Upload pending: the JSON CLI does not accept multipart files. No direct credential-based upload attempted."
"8203328b","https://whiskyauctioneer.com/whisky-lot/8203328b/fire-water-north-american-blended-whiskey","1456","Fire Water North American Blended Whiskey","final_evidence","SKIPPED — unresolved identity","","","Fire Water North American Blended Whiskey","SKIPPED with no production write. Sources agree on the Fire Water consumer label, North American Blended Whiskey wording, NAS status, 40% ABV and 700ml package. They do not establish a consistent producer or origin: Whiskybase says bottled for José Estévez in Spain, an independent Mexican review says the whisky is made in Spain by José Estévez, and a German retailer says the origin is the United States and describes a blend of North American whiskies. 'Bottled for' does not prove the bottler, and the marketing phrase 'North American' does not prove country of production. The exact lot image could not be recovered from the public asset endpoint. Brand, producer and country dependencies remain unresolved, so no Bottle or Entity was added."
"8203332b","https://whiskyauctioneer.com/whisky-lot/8203332b/oreardon-irish-whiskey","1589","O'Reardon Irish Whiskey","final_evidence","ADDED — optional facts left blank","B52795","","O'Reardon Irish Whiskey","The source distillery or distilleries, exact numerical stated age, vintage, bottling and release dates, cask strength, natural-color and chill-filtration status, cask identifiers, outturn, malt PPM and flavor profile remain unknown. The label states only that it was aged for over three years, so statedAge remains null while noAgeStatement is false. Exact clean front and back images saved locally. Upload pending: the JSON CLI does not accept multipart files. No direct credential-based upload attempted."
"8203335b","https://whiskyauctioneer.com/whisky-lot/8203335b/kyoto-nishijin-ori-red-belt-label","1553","Kyoto Nishijin Ori Red Belt Label","final_evidence","ADDED — optional facts left blank","B52791","","The Kyoto Nishijin-Ori Aka-Obi Red Belt Label","The component distilleries, vintage and bottling year, cask strength, natural-color and chill-filtration status, cask numbers, outturn, malt PPM and flavor profile remain unknown. The packaging volume and barcode are evidence but are not editable Bottle identity fields in this API. Exact clean front and back stock-style images saved locally. Upload pending: the JSON CLI does not accept multipart files. No direct credential-based upload attempted."
"8203424b","https://whiskyauctioneer.com/whisky-lot/8203424b/st-kilian-bud-spencer-batch-1","1255","St Kilian Bud Spencer Batch 1","final_evidence","SKIPPED — unresolved identity","","B2234","St Kilian Bud Spencer Batch 1","Existing Bud Spencer single-malt record has unsupported age 10, no batch or ABV, and only a generic reference. It may cover Batch 1. Do not use bad existing facts as proof of a net-new release."
"8204788b","https://whiskyauctioneer.com/whisky-lot/8204788b/buton-slivovitz","1421","Buton Slivovitz","final_evidence","SKIPPED — not whisky","","","Buton Slivovitz","The exact lot describes Buton Slivovitz as fruit brandy made from damson plums. It is not whisky. No Bottle or entity added."
"8205441a","https://whiskyauctioneer.com/whisky-lot/8205441a/libarna-botte-doro","1560","Libarna Botte D'oro","final_evidence","SKIPPED — not whisky","","","Libarna Botte D'oro","Exact front label names Libarna Botte D'Oro and explicitly describes Grappa pregiata invecchiata naturalmente. Exclude as grappa, not whisky. No inferred whisky category or production write."
"8205683","https://whiskyauctioneer.com/whisky-lot/8205683/macallan-archival-series-folio-5","2327","Macallan The Archival Series Folio 5","final_evidence","EXISTING — exact identity; data concern recorded","B2554","","Macallan The Archival Series Folio 5","Exact marketed expression identified from the source title, source card facts and fresh production search. The existing Bottle has statedAge 12, but the Folio 5 source is a no-age-statement release. This identity match does not approve that existing age value."
"8205898a","https://whiskyauctioneer.com/whisky-lot/8205898a/karuizawa-1965-japonisme-edition","843","Karuizawa 1965 Japonisme Edition","final_evidence","ADDED EARLIER — create and image verified","B52407","","Karuizawa Japonisme - La Maison du Whisky 60th Anniversary","Legacy import record. The create receipt and later image write agree on the Bottle ID and name."
"8205899a","https://whiskyauctioneer.com/whisky-lot/8205899a/karuizawa-1984-smws-28-year-old-1321-secret-moonlit-garden-dram","165","Karuizawa 1984 SMWS 28 Year Old 132.1 - Secret moonlit garden dram","review_lead_only","historical_create_recorded","","","","This source URL was a review lead. The audit did not use it as final URL-level evidence for a Peated mapping."
"8205908a","https://whiskyauctioneer.com/whisky-lot/8205908a/karuizawa-1965-monyou-edition-50-year-old","160","Karuizawa 1965 Monyou Edition 50 Year Old","review_lead_only","historical_create_recorded","","","","This source URL was a review lead. The audit did not use it as final URL-level evidence for a Peated mapping."
"8205909a","https://whiskyauctioneer.com/whisky-lot/8205909a/karuizawa-1965-monyou-edition-50-year-old","160","Karuizawa 1965 Monyou Edition 50 Year Old","review_lead_only","historical_create_recorded","","","","This source URL was a review lead. The audit did not use it as final URL-level evidence for a Peated mapping."
"8205914a","https://whiskyauctioneer.com/whisky-lot/8205914a/hanyu-smws-13-year-old-1312-magic-carpet-sweetie-shop","143","Hanyu SMWS 13 Year Old 131.2 - Magic carpet in a sweetie shop","review_lead_only","historical_create_recorded","","","","This source URL was a review lead. The audit did not use it as final URL-level evidence for a Peated mapping."
"8207154a","https://whiskyauctioneer.com/whisky-lot/8207154a/chichibu-2012-intergalactic-series-edition-4","465","Chichibu 2012 Intergalactic Series Edition 4","final_evidence","ADDED EARLIER — create and image verified","B52393","","Chichibu Intergalactic - Edition 4","Legacy import record. The create receipt and later image write agree on the Bottle ID and name."
"8207156a","https://whiskyauctioneer.com/whisky-lot/8207156a/chichibu-2015-intergalactic-series-edition-5","472","Chichibu 2015 Intergalactic Series Edition 5","final_evidence","ADDED — optional facts left blank","B52750","","Chichibu Intergalactic - Edition 5","Stated age, malt PPM, release month/day and flavor profile remain unknown. The release is positively no-age-statement; no age is inferred from the 2015 and 2021 years. No alias or extra reference. Exact clean image saved locally. Upload pending: the JSON CLI does not accept multipart files. No direct credential-based upload attempted."
"8208486a","https://whiskyauctioneer.com/whisky-lot/8208486a/cardhu-special-cask-reserve-batch-cscr1112","459","","final_evidence","SKIPPED — unresolved identity","","B3723","Original source missing — Cardhu candidate with ambiguous 11.12 code","All recovered observations and the source index checked. Ordinal 2431 retains an unresolved B3723 Cardhu Special Cask Reserve candidate and the old warning 'SMWS 11.12 vs missing', but no original title or lot URL. Research found both Cardhu Batch Cs/cR.11.12 at 40% and Tomatin SMWS 11.12, age 20, vintage 1977, 56.9%. The code alone is not a safe source join; the SMWS label may be an old parsing error. Linked pages are comparison leads only, not proof of the original row. The CLI search also timed out before returning results. Entire row skipped; do not add or patch either identity."
"8208885","https://whiskyauctioneer.com/whisky-lot/8208885/lagavulin-12-year-old-natural-cask-strength-200th-anniversary","2326","Lagavulin 12 Year Old Natural Cask Strength 200th Anniversary","final_evidence","EXISTING — exact Bottle verified; no changes","B3560","","Lagavulin 12 Year Old Natural Cask Strength 200th Anniversary","Targeted fresh GET and source-label facts establish the exact release identity. Release-defining age, vintage, edition, release year and/or ABV agree where present. No production write."
"8208886","https://whiskyauctioneer.com/whisky-lot/8208886/lagavulin-12-year-old-natural-cask-strength-200th-anniversary","2326","Lagavulin 12 Year Old Natural Cask Strength 200th Anniversary","final_evidence","EXISTING — exact Bottle verified; no changes","B3560","","Lagavulin 12 Year Old Natural Cask Strength 200th Anniversary","Targeted fresh GET and source-label facts establish the exact release identity. Release-defining age, vintage, edition, release year and/or ABV agree where present. No production write."
"8208887","https://whiskyauctioneer.com/whisky-lot/8208887/lagavulin-12-year-old-natural-cask-strength-200th-anniversary","2326","Lagavulin 12 Year Old Natural Cask Strength 200th Anniversary","final_evidence","EXISTING — exact Bottle verified; no changes","B3560","","Lagavulin 12 Year Old Natural Cask Strength 200th Anniversary","Targeted fresh GET and source-label facts establish the exact release identity. Release-defining age, vintage, edition, release year and/or ABV agree where present. No production write."
"8208899","https://whiskyauctioneer.com/whisky-lot/8208899/lagavulin-12-year-old-natural-cask-strength-200th-anniversary","2326","Lagavulin 12 Year Old Natural Cask Strength 200th Anniversary","final_evidence","EXISTING — exact Bottle verified; no changes","B3560","","Lagavulin 12 Year Old Natural Cask Strength 200th Anniversary","Targeted fresh GET and source-label facts establish the exact release identity. Release-defining age, vintage, edition, release year and/or ABV agree where present. No production write."
"8208900","https://whiskyauctioneer.com/whisky-lot/8208900/lagavulin-12-year-old-natural-cask-strength-200th-anniversary","2326","Lagavulin 12 Year Old Natural Cask Strength 200th Anniversary","final_evidence","EXISTING — exact Bottle verified; no changes","B3560","","Lagavulin 12 Year Old Natural Cask Strength 200th Anniversary","Targeted fresh GET and source-label facts establish the exact release identity. Release-defining age, vintage, edition, release year and/or ABV agree where present. No production write."
"8208901","https://whiskyauctioneer.com/whisky-lot/8208901/lagavulin-12-year-old-natural-cask-strength-200th-anniversary","2326","Lagavulin 12 Year Old Natural Cask Strength 200th Anniversary","final_evidence","EXISTING — exact Bottle verified; no changes","B3560","","Lagavulin 12 Year Old Natural Cask Strength 200th Anniversary","Targeted fresh GET and source-label facts establish the exact release identity. Release-defining age, vintage, edition, release year and/or ABV agree where present. No production write."
"8209023b","https://whiskyauctioneer.com/whisky-lot/8209023b/caol-ila-1969-celtic-label","425","Caol Ila 1969 'Celtic Label'","final_evidence","ADDED — optional facts left blank","B52733","","Gordon & MacPhail Caol Ila","Stated age remains null; do not calculate 15 from year fields. Single-cask, cask strength, colour, filtration, malt PPM, release date, producer-worded maturation, cask number, outturn and flavor profile remain unknown. Celtic Label is observation text only, not an edition, alias or extra reference. Exact clean image saved locally. Upload pending: the JSON CLI does not accept multipart files. No direct credential-based upload attempted."
"8209095a","https://whiskyauctioneer.com/whisky-lot/8209095a/port-ellen-1978-natural-cask-strength-24-year-old-2nd-release","2352","Port Ellen 1978 Natural Cask Strength 24 Year Old - 2nd Release","final_evidence","EXISTING — exact bottle verified; no changes","B5336","","Port Ellen 1978 Natural Cask Strength 24 Year Old - 2nd Release","Exact marketed expression identified from the source card facts and fresh narrow production search. Release-defining age, vintage, edition, cask code, release year and/or ABV agree where present. No production write."
"8209935a","https://whiskyauctioneer.com/whisky-lot/8209935a/glenfiddich-special-reserve-12-year-old","2342","Glenfiddich Special Reserve 12 Year Old","final_evidence","EXISTING — exact bottle verified; no changes","B5164","","Glenfiddich Special Reserve 12 Year Old","Exact marketed expression identified from the source title, source card facts and fresh production search. The release-defining age, vintage, edition, cask code, release year and/or ABV agree where those facts are present. No production write."
"8210214","https://whiskyauctioneer.com/whisky-lot/8210214/springbank-2011-local-barley-10-year-old","2354","Springbank 2011 Local Barley 10 Year Old","final_evidence","ADDED — optional facts left blank","B52833","","Springbank Local Barley","Exact distillation and bottling days, cask-strength, color and filtration claims, cask numbers, malt phenol PPM and flavor profile remain unknown."
"8210261a","https://whiskyauctioneer.com/whisky-lot/8210261a/port-ellen-1979-natural-cask-strength-24-year-old-3rd-release","2653","Port Ellen 1979 Natural Cask Strength 24 Year Old - 3rd Release","final_evidence","EXISTING — exact bottle verified; no changes","B5307","","Port Ellen 1979 Natural Cask Strength 24 Year Old - 3rd Release","Exact marketed expression identified from the source card facts and fresh narrow production search. Release-defining age, vintage, edition, cask code, release year and/or ABV agree where present. No production write."
"8210341a","https://whiskyauctioneer.com/whisky-lot/8210341a/macallan-1962-80deg-proof","1005","Macallan 1962 80° Proof","review_lead_only","historical_create_recorded","","","","This source URL was a review lead. The audit did not use it as final URL-level evidence for a Peated mapping."
"8211682","https://whiskyauctioneer.com/whisky-lot/8211682/glenlossie-high-proof-guarantee-12-year-old","136","Glenlossie High Proof Guarantee 12 Year Old","final_evidence","ADDED — optional facts left blank","B52656","","North Star Spirits Glenlossie","Initial release year/month/day, producer-worded maturation, cask identifier, malt PPM and flavor profile remain unknown. June 2026 Japanese availability is not initial release; 2025 bottling is not a release-date claim. Retailer exclusivity is observation, not edition. Exact clean retailer image saved locally. Upload pending: the JSON CLI does not accept multipart files. No direct credential-based upload attempted."
"8211684","https://whiskyauctioneer.com/whisky-lot/8211684/caol-ila-2007-18-year-old","1740","Caol Ila 2007 18 Year Old","review_lead_only","needs_review","","","","This source URL was a review lead. The audit did not use it as final URL-level evidence for a Peated mapping."
"8211685","https://whiskyauctioneer.com/whisky-lot/8211685/caol-ila-2007-18-year-old","1740","Caol Ila 2007 18 Year Old","final_evidence","ADDED — optional facts left blank","B52807","","Sansibar Whisky Caol Ila","Exact distillation and bottling dates, edition, series, cask number, cask-strength status, color and filtration claims, malt phenol PPM and flavor profile remain unknown. Exact clean image saved locally. Upload pending because the JSON CLI does not accept multipart files."
"8211686","https://whiskyauctioneer.com/whisky-lot/8211686/glenlossie-high-proof-guarantee-12-year-old","136","Glenlossie High Proof Guarantee 12 Year Old","final_evidence","ADDED — optional facts left blank","B52656","","North Star Spirits Glenlossie","Initial release year/month/day, producer-worded maturation, cask identifier, malt PPM and flavor profile remain unknown. June 2026 Japanese availability is not initial release; 2025 bottling is not a release-date claim. Retailer exclusivity is observation, not edition. Exact clean retailer image saved locally. Upload pending: the JSON CLI does not accept multipart files. No direct credential-based upload attempted."
"8211725","https://whiskyauctioneer.com/whisky-lot/8211725/caol-ila-2011-obscurities-curiosities-14-year-old","1742","Caol Ila 2011 Obscurities & Curiosities 14 Year Old","final_evidence","ADDED — optional facts left blank","B52808","","Obscurities & Curiosities Caol Ila","Exact day-level dates, maturation, cask number, outturn, single-cask and cask-strength status, color and filtration claims, malt phenol PPM and flavor profile remain unknown. Exact clean image saved locally. Upload pending because the JSON CLI does not accept multipart files."
"8211737","https://whiskyauctioneer.com/whisky-lot/8211737/caol-ila-2011-obscurities-curiosities-14-year-old","1742","Caol Ila 2011 Obscurities & Curiosities 14 Year Old","review_lead_only","needs_review","","","","This source URL was a review lead. The audit did not use it as final URL-level evidence for a Peated mapping."
"8211739","https://whiskyauctioneer.com/whisky-lot/8211739/secret-speyside-2010-cask-series-026-14-year-old","81","A Secret Speyside 2010 Cask Series 026 14 Year Old","review_lead_only","created_verified","","","","This source URL was a review lead. The audit did not use it as final URL-level evidence for a Peated mapping."
"8211740","https://whiskyauctioneer.com/whisky-lot/8211740/secret-speyside-2010-cask-series-026-14-year-old","81","A Secret Speyside 2010 Cask Series 026 14 Year Old","final_evidence","ADDED — optional facts left blank","B52555","","North Star Spirits A Secret Speyside Distillery - Cask Series 026 UK","Named distiller and producer-specific maturation wording remain withheld because the producer's Benrinnes/2011 listing conflicts with the 2010 source label and retailer table. No named distiller is inferred. Non-chill filtration now has two exact independent sources and is included. Single-cask, cask-strength and natural-colour declarations remain unverified; no cask number, release dates, malt PPM or flavor classification is established. Bottling date is not release date. Retailer prose's 57.1% is rejected in favour of the printed 44.4%. Exact clean image reviewed and saved locally. Image remains absent in Peated: the current JSON CLI does not support multipart upload. No direct credential-based upload attempted."
"8211745","https://whiskyauctioneer.com/whisky-lot/8211745/glenburgie-1995-cask-series-020-27-year-old","27","Glenburgie 1995 Cask Series 020 27 Year Old","final_evidence","ADDED — optional facts left blank","B52479","","North Star Spirits Glenburgie - Cask Series 020","Release year, month and day, marketed cask number, malt PPM and flavor profile remain null. The label and primary archive do not explicitly establish cask strength; a retailer that claims it also gives conflicting sherry maturation, so caskStrength remains null. Do not turn archive image numbers into a marketed cask number or a bottling date into a release date."
"8211746","https://whiskyauctioneer.com/whisky-lot/8211746/glenburgie-1995-cask-series-020-27-year-old","27","Glenburgie 1995 Cask Series 020 27 Year Old","review_lead_only","created_verified","","","","This source URL was a review lead. The audit did not use it as final URL-level evidence for a Peated mapping."
"8211750","https://whiskyauctioneer.com/whisky-lot/8211750/auchentoshan-2007-cask-series-023-15-year-old","96","Auchentoshan 2007 Cask Series 023 15 Year Old","review_lead_only","created_verified","","","","This source URL was a review lead. The audit did not use it as final URL-level evidence for a Peated mapping."
"8211751","https://whiskyauctioneer.com/whisky-lot/8211751/ben-nevis-1997-jens-drewitz-personal-choice-28-year-old-no11","2366","Ben Nevis 1997 Jens Drewitz' Personal Choice 28 Year Old - No.11","final_evidence","EXISTING — exact bottle verified; no changes","B51520","","Ben Nevis 1997 Jens Drewitz' Personal Choice 28 Year Old - No.11","Exact marketed expression identified from the source card facts and fresh narrow production search. Release-defining age, vintage, edition, cask code, release year and/or ABV agree where present. No production write."
"8211753","https://whiskyauctioneer.com/whisky-lot/8211753/miltonduff-2006-16-year-old-batch-no12","2398","Miltonduff 2006 16 Year Old Batch No.12","final_evidence","EXISTING — exact Bottle verified; no changes","B47377","","Miltonduff 2006 16 Year Old Batch No.12","Targeted fresh GET and source-label facts establish the exact release identity. Release-defining age, vintage, edition, release year and/or ABV agree where present. No production write."
"8211754","https://whiskyauctioneer.com/whisky-lot/8211754/miltonduff-2006-16-year-old-batch-no12","2398","Miltonduff 2006 16 Year Old Batch No.12","final_evidence","EXISTING — exact Bottle verified; no changes","B47377","","Miltonduff 2006 16 Year Old Batch No.12","Targeted fresh GET and source-label facts establish the exact release identity. Release-defining age, vintage, edition, release year and/or ABV agree where present. No production write."
"8211756","https://whiskyauctioneer.com/whisky-lot/8211756/ben-nevis-1997-jens-drewitz-personal-choice-28-year-old-no11","2366","Ben Nevis 1997 Jens Drewitz' Personal Choice 28 Year Old - No.11","final_evidence","EXISTING — exact bottle verified; no changes","B51520","","Ben Nevis 1997 Jens Drewitz' Personal Choice 28 Year Old - No.11","Exact marketed expression identified from the source card facts and fresh narrow production search. Release-defining age, vintage, edition, cask code, release year and/or ABV agree where present. No production write."
"8211757","https://whiskyauctioneer.com/whisky-lot/8211757/auchentoshan-2007-cask-series-023-15-year-old","96","Auchentoshan 2007 Cask Series 023 15 Year Old","final_evidence","ADDED — optional facts left blank","B52556","","North Star Spirits Auchentoshan - Cask Series 023","Release year/month/day, malt phenol PPM, cask identifier and flavor profile are not established. September 2023 is bottling, not automatically release. A November 2025 retailer shipping note and November 2023 database-added date do not establish first availability. The 023 range code is an edition, not cask number. Tasting notes are read-only in the current schema and are not submitted. All 26 writable Bottle facts and the separate image were reviewed. Exact clean image reviewed and saved locally. Image remains absent in Peated: the current JSON CLI does not support multipart upload. No direct credential-based upload attempted."
"8211758","https://whiskyauctioneer.com/whisky-lot/8211758/bruichladdich-2011-13-year-old-retirement-batch","103","Bruichladdich 2011 13 Year Old - Retirement Batch","final_evidence","ADDED — optional facts left blank","B52570","","Finest Whisky Bruichladdich - Retirement Batch","Cask number, malt PPM, flavor profile and exact initial release month/day are unknown. No stable broader series proved. Do not infer peat level from tasting notes or use retailer-only Rhinns as a marketed alias. Bottling year 2024 is distinct from the 2025 release year. Exact clean image saved locally. Upload pending: the JSON CLI does not accept multipart files. No direct credential-based upload attempted."
"8211759","https://whiskyauctioneer.com/whisky-lot/8211759/bruichladdich-2011-13-year-old-retirement-batch","103","Bruichladdich 2011 13 Year Old - Retirement Batch","review_lead_only","created_verified","","","","This source URL was a review lead. The audit did not use it as final URL-level evidence for a Peated mapping."
"8211762","https://whiskyauctioneer.com/whisky-lot/8211762/secret-highland-2012-cask-series-026-13-year-old","78","A Secret Highland 2012 Cask Series 026 13 Year Old","review_lead_only","created_verified","","","","This source URL was a review lead. The audit did not use it as final URL-level evidence for a Peated mapping."
"8211767","https://whiskyauctioneer.com/whisky-lot/8211767/secret-highland-2012-cask-series-026-13-year-old","78","A Secret Highland 2012 Cask Series 026 13 Year Old","final_evidence","ADDED — optional facts left blank","B52554","","North Star Spirits A Secret Highland Distillery - Cask Series 026 UK","Distiller remains undisclosed. Highland Park claims about other allocations do not prove this UK-labelled source. First-fill versus refill maturation is disputed; the curved label is not clear enough to settle the exact wording. Single-cask, cask-strength, colour and filtration claims lack adequate exact independent corroboration or readable label proof and remain null. No cask number, malt PPM, release dates or flavor classification is established. Bottling in June 2025 is not an initial release date. Exact clean image reviewed and saved locally. Image remains absent in Peated: the current JSON CLI does not support multipart upload. No direct credential-based upload attempted."
"8211769","https://whiskyauctioneer.com/whisky-lot/8211769/glenburgie-1995-cask-series-020-27-year-old","27","Glenburgie 1995 Cask Series 020 27 Year Old","review_lead_only","created_verified","","","","This source URL was a review lead. The audit did not use it as final URL-level evidence for a Peated mapping."
"8211770","https://whiskyauctioneer.com/whisky-lot/8211770/glenburgie-1995-cask-series-020-27-year-old","27","Glenburgie 1995 Cask Series 020 27 Year Old","review_lead_only","created_verified","","","","This source URL was a review lead. The audit did not use it as final URL-level evidence for a Peated mapping."
"8211773","https://whiskyauctioneer.com/whisky-lot/8211773/annandale-2015-cask-series-021-7-year-old","38","Annandale 2015 Cask Series 021 7 Year Old","final_evidence","ADDED — optional facts left blank","B52480","","North Star Spirits Annandale - Cask Series 021","Release year, month and day, marketed cask number, malt PPM and flavor profile remain null. A 2023 listing date is not proof of first availability, and the printed November 2022 bottling date is not copied into release fields. Do not infer a peated expression or malt PPM from general Annandale production."
"8211774","https://whiskyauctioneer.com/whisky-lot/8211774/annandale-2015-cask-series-021-7-year-old","38","Annandale 2015 Cask Series 021 7 Year Old","review_lead_only","created_verified","","","","This source URL was a review lead. The audit did not use it as final URL-level evidence for a Peated mapping."
"8211781","https://whiskyauctioneer.com/whisky-lot/8211781/aultmore-2013-cask-series-026-12-year-old","2363","Aultmore 2013 Cask Series 026 12 Year Old","final_evidence","EXISTING — exact Bottle verified; no changes","B46898","","Aultmore 2013 Cask Series 026 12 Year Old","Targeted fresh GET and source-label facts establish the exact release identity. Release-defining age, vintage, edition, release year and/or ABV agree where present. No production write."
"8211784","https://whiskyauctioneer.com/whisky-lot/8211784/aultmore-2013-cask-series-026-12-year-old","2363","Aultmore 2013 Cask Series 026 12 Year Old","final_evidence","EXISTING — exact Bottle verified; no changes","B46898","","Aultmore 2013 Cask Series 026 12 Year Old","Targeted fresh GET and source-label facts establish the exact release identity. Release-defining age, vintage, edition, release year and/or ABV agree where present. No production write."
"8211785","https://whiskyauctioneer.com/whisky-lot/8211785/dailuaine-2009-highproof-version-15-year-old","120","Dailuaine 2009 Highproof Version 15 Year Old","review_lead_only","historical_create_recorded","","","","This source URL was a review lead. The audit did not use it as final URL-level evidence for a Peated mapping."
"8211790","https://whiskyauctioneer.com/whisky-lot/8211790/dailuaine-2009-highproof-version-15-year-old","120","Dailuaine 2009 Highproof Version 15 Year Old","review_lead_only","historical_create_recorded","","","","This source URL was a review lead. The audit did not use it as final URL-level evidence for a Peated mapping."
"8211792","https://whiskyauctioneer.com/whisky-lot/8211792/bruichladdich-1991-fazzino-33-year-old","102","Bruichladdich 1991 Fazzino 33 Year Old","final_evidence","ADDED — optional facts left blank","B52569","","Sansibar Whisky Bruichladdich","Cask number, cask-strength status, malt PPM, flavor profile and exact initial release month/day are unverified. No separate edition proved. A Whiskyfun article reports 233 bottles; reject that count because the exact label, bottler-issued announcement and retailer all agree on 228. Exact clean image saved locally. Upload pending: the JSON CLI does not accept multipart files. No direct credential-based upload attempted."
"8211793","https://whiskyauctioneer.com/whisky-lot/8211793/bruichladdich-1991-fazzino-33-year-old","102","Bruichladdich 1991 Fazzino 33 Year Old","review_lead_only","created_verified","","","","This source URL was a review lead. The audit did not use it as final URL-level evidence for a Peated mapping."
"8211794","https://whiskyauctioneer.com/whisky-lot/8211794/inchfad-2007-cask-series-026-18-year-old","50","Inchfad 2007 Cask Series 026 18 Year Old","review_lead_only","created_verified","","","","This source URL was a review lead. The audit did not use it as final URL-level evidence for a Peated mapping."
"8211795","https://whiskyauctioneer.com/whisky-lot/8211795/ncnean-2018-cask-series-025-6-year-old","199","Nc'nean 2018 Cask Series 025 6 Year Old","review_lead_only","historical_create_recorded","","","","This source URL was a review lead. The audit did not use it as final URL-level evidence for a Peated mapping."
"8211796","https://whiskyauctioneer.com/whisky-lot/8211796/glenturret-2013-cask-series-025-11-year-old","139","Glenturret 2013 Cask Series 025 11 Year Old","final_evidence","ADDED — optional facts left blank","B52665","","North Star Spirits Ruadh Mhor - Cask Series 025","Release year/month/day, cask identifier, malt PPM and flavor profile remain unknown. Cask Series 025 is a release descriptor, not caskNumber. Bottle number 232 is not outturn; 290 is explicitly printed total. Retailer errors of 12 years or 260 bottles are not used. No alternate spelling alias or generated reference. Exact clean retailer image saved locally. Upload pending: the JSON CLI does not accept multipart files. No direct credential-based upload attempted."
"8211797","https://whiskyauctioneer.com/whisky-lot/8211797/glenturret-2013-cask-series-025-11-year-old","139","Glenturret 2013 Cask Series 025 11 Year Old","final_evidence","ADDED — optional facts left blank","B52665","","North Star Spirits Ruadh Mhor - Cask Series 025","Release year/month/day, cask identifier, malt PPM and flavor profile remain unknown. Cask Series 025 is a release descriptor, not caskNumber. Bottle number 232 is not outturn; 290 is explicitly printed total. Retailer errors of 12 years or 260 bottles are not used. No alternate spelling alias or generated reference. Exact clean retailer image saved locally. Upload pending: the JSON CLI does not accept multipart files. No direct credential-based upload attempted."
"8211798","https://whiskyauctioneer.com/whisky-lot/8211798/ncnean-2018-cask-series-025-6-year-old","199","Nc'nean 2018 Cask Series 025 6 Year Old","review_lead_only","historical_create_recorded","","","","This source URL was a review lead. The audit did not use it as final URL-level evidence for a Peated mapping."
"8211799","https://whiskyauctioneer.com/whisky-lot/8211799/inchfad-2007-cask-series-026-18-year-old","50","Inchfad 2007 Cask Series 026 18 Year Old","review_lead_only","created_verified","","","","This source URL was a review lead. The audit did not use it as final URL-level evidence for a Peated mapping."
"8211802","https://whiskyauctioneer.com/whisky-lot/8211802/caol-ila-2010-c-dully-15-year-old","1741","Caol Ila 2010 C. Dully 15 Year Old","final_evidence","EXISTING — exact bottle verified; no changes","B47325","","Caol Ila 2010 C. Dully 15 Year Old","Exact marketed expression identified from the source title, source card facts and fresh production search. The release-defining age, vintage, edition, cask code, release year and/or ABV agree where those facts are present. No production write."
"8211803","https://whiskyauctioneer.com/whisky-lot/8211803/caol-ila-2010-c-dully-15-year-old","1741","Caol Ila 2010 C. Dully 15 Year Old","final_evidence","EXISTING — exact bottle verified; no changes","B47325","","Caol Ila 2010 C. Dully 15 Year Old","Exact marketed expression identified from the source title, source card facts and fresh production search. The release-defining age, vintage, edition, cask code, release year and/or ABV agree where those facts are present. No production write."
"8211805","https://whiskyauctioneer.com/whisky-lot/8211805/bruichladdich-2011-eldvatten-13-year-old","104","Bruichladdich 2011 Eldvatten 13 Year Old","review_lead_only","created_verified","","","","This source URL was a review lead. The audit did not use it as final URL-level evidence for a Peated mapping."
"8211808","https://whiskyauctioneer.com/whisky-lot/8211808/arran-2001-eldvatten-23-year-old","93","Arran 2001 Eldvatten 23 Year Old","final_evidence","ADDED — optional facts left blank","B52567","","Svenska Eldvatten Arran","Chill filtration is disputed: two exact retailers say not chill filtered, while WB275004 labels its icon Chill Filtered. Leave nonChillFiltered null pending producer evidence. Initial release year, month and day are unknown; February 2025 is a bottling date only. Malt phenol PPM and flavor profile are not established. No verified separate series, edition or alternate marketed name. Retailer Elephant wording describes the artwork and is not made an alias. Exact clean image saved locally. Upload pending: the JSON CLI does not accept multipart files. No direct credential-based upload attempted."
"8211809","https://whiskyauctioneer.com/whisky-lot/8211809/arran-2001-eldvatten-23-year-old","93","Arran 2001 Eldvatten 23 Year Old","review_lead_only","created_verified","","","","This source URL was a review lead. The audit did not use it as final URL-level evidence for a Peated mapping."
"8211810","https://whiskyauctioneer.com/whisky-lot/8211810/bruichladdich-2011-eldvatten-13-year-old","104","Bruichladdich 2011 Eldvatten 13 Year Old","final_evidence","ADDED — optional facts left blank","B52571","","Svenska Eldvatten Bruichladdich","Initial release date, malt PPM and flavor profile are unknown. No separate series or edition established. Warthog artwork is not promoted to a marketed title or alias. February 2025 is bottling, not release. Exact clean image saved locally. Upload pending: the JSON CLI does not accept multipart files. No direct credential-based upload attempted."
"8212000","https://whiskyauctioneer.com/whisky-lot/8212000/macallan-2007-diamonds-are-forever-18-year-old-55th-anniversary-release","2347","Macallan 2007 Diamonds Are Forever 18 Year Old - 55th Anniversary Release","final_evidence","EXISTING — exact bottle verified; no changes","B45446","","Macallan 2007 Diamonds Are Forever 18 Year Old - 55th Anniversary Release","Exact marketed expression identified from the source title, source card facts and fresh production search. The release-defining age, vintage, edition, cask code, release year and/or ABV agree where those facts are present. No production write."
"8212004","https://whiskyauctioneer.com/whisky-lot/8212004/hibiki-japanese-harmony-masters-select-limited-edition","2387","Hibiki Japanese Harmony Master's Select Limited Edition","final_evidence","ADDED — optional facts left blank","B52827","","Hibiki Japanese Harmony Master's Select - Kacho Fugetsu Limited Edition","Release and bottling dates, age, detailed maturation, color and filtration claims, cask numbers, outturn, malt phenol PPM and flavor profile remain unknown."
"8212006","https://whiskyauctioneer.com/whisky-lot/8212006/chivas-regal-legend-special-reserve-batch-no-ld00167","486","Chivas Regal Legend Special Reserve Batch No. LD00167","final_evidence","ADDED EARLIER — create and image verified","B52394","","Chivas Regal Legend Special Reserve - Batch No. LD00167","Legacy import record. The create receipt and later image write agree on the Bottle ID and name."
"8212021","https://whiskyauctioneer.com/whisky-lot/8212021/balvenie-pedro-ximenez-cask-18-year-old","7","Balvenie Pedro Ximénez Cask 18 Year Old","review_lead_only","created_verified","","","","This source URL was a review lead. The audit did not use it as final URL-level evidence for a Peated mapping."
"8212026","https://whiskyauctioneer.com/whisky-lot/8212026/hibiki-japanese-harmony-masters-select-100th-anniversary-suntory-whisky","2568","Hibiki Japanese Harmony Master's Select - 100th Anniversary of Suntory Whisky","final_evidence","ADDED — optional facts left blank","B52829","","Hibiki Japanese Harmony Master's Select - 100th Anniversary of Suntory Whisky","Exact release date, age, maturation, color and filtration claims, cask numbers, outturn, malt phenol PPM and flavor profile remain unknown."
"8212027","https://whiskyauctioneer.com/whisky-lot/8212027/hibiki-japanese-harmony-ryusui-hyakka","2344","Hibiki Japanese Harmony Ryusui-Hyakka","final_evidence","ADDED — optional facts left blank","B52826","","Hibiki Japanese Harmony - Ryusui-Hyakka 2021","Exact release date, bottling year, detailed cask recipe, color and filtration claims, cask numbers, outturn, malt phenol PPM and flavor profile remain unknown."
"8212590a","https://whiskyauctioneer.com/whisky-lot/8212590a/yamazaki-smws-19-year-old-11910-i-wish-it-could-be-christmas-every-day","2408","Yamazaki SMWS 19 Year Old 119.10 - 'I wish it could be Christmas every day'","final_evidence","EXISTING — exact bottle verified; no changes","B51744","","Yamazaki SMWS 19 Year Old 119.10 - 'I wish it could be Christmas every day'","Exact marketed expression identified from the source title, source card facts and fresh production search. The release-defining age, vintage, edition, cask code, release year and/or ABV agree where those facts are present. No production write."
"8212664","https://whiskyauctioneer.com/whisky-lot/8212664/macallan-fine-oak-21-year-old","2333","Macallan Fine Oak 21 Year Old","final_evidence","EXISTING — exact bottle verified; no changes","B4679","","Macallan Fine Oak 21 Year Old","Exact marketed expression identified from the source title, source card facts and fresh production search. The release-defining age, vintage, edition, cask code, release year and/or ABV agree where those facts are present. No production write."
"8212673a","https://whiskyauctioneer.com/whisky-lot/8212673a/hibiki-12-year-old-travel-exclusive","2324","Hibiki 12 Year Old Travel Exclusive","final_evidence","EXISTING — exact bottle verified; no changes","B51889","","Hibiki 12 Year Old Travel Exclusive","Exact marketed expression identified from the source title, source card facts and fresh production search. The release-defining age, vintage, edition, cask code, release year and/or ABV agree where those facts are present. No production write."
"8212702","https://whiskyauctioneer.com/whisky-lot/8212702/glenmorangie-cellar-13-litre","2343","Glenmorangie Cellar 13 Litre","final_evidence","EXISTING — exact bottle verified; no changes","B1220","","Glenmorangie Cellar 13 Litre","Exact marketed expression identified from the source card facts and fresh narrow production search. Release-defining age, vintage, edition, cask code, release year and/or ABV agree where present. No production write."
"8212703","https://whiskyauctioneer.com/whisky-lot/8212703/glenmorangie-cellar-13-litre","2343","Glenmorangie Cellar 13 Litre","final_evidence","EXISTING — exact bottle verified; no changes","B1220","","Glenmorangie Cellar 13 Litre","Exact marketed expression identified from the source card facts and fresh narrow production search. Release-defining age, vintage, edition, cask code, release year and/or ABV agree where present. No production write."
"8212704","https://whiskyauctioneer.com/whisky-lot/8212704/glenmorangie-cellar-13-litre","2343","Glenmorangie Cellar 13 Litre","final_evidence","EXISTING — exact bottle verified; no changes","B1220","","Glenmorangie Cellar 13 Litre","Exact marketed expression identified from the source card facts and fresh narrow production search. Release-defining age, vintage, edition, cask code, release year and/or ABV agree where present. No production write."
"8212753","https://whiskyauctioneer.com/whisky-lot/8212753/ardnamurchan-spirit-2019ad","89","Ardnamurchan Spirit 2019/AD","review_lead_only","excluded_non_whisky","","","","This source URL was a review lead. The audit did not use it as final URL-level evidence for a Peated mapping."
"8212754","https://whiskyauctioneer.com/whisky-lot/8212754/ardnamurchan-spirit-2019ad","89","Ardnamurchan Spirit 2019/AD","final_evidence","SKIPPED — not whisky","","","Ardnamurchan Spirit 2019/AD","The exact lot identifies the fourth Spirit release as a spirit drink, not whisky. The series contains spirit younger than three years; the retailer also identifies the 2019 fourth release as matured new-make spirit. Exclude this release. Do not copy the distillery-level Single malt category into this product."
"8212762","https://whiskyauctioneer.com/whisky-lot/8212762/bowmore-8-year-old","41","Bowmore 8 Year Old","review_lead_only","held_possible_existing_match","","","","This source URL was a review lead. The audit did not use it as final URL-level evidence for a Peated mapping."
"8212766","https://whiskyauctioneer.com/whisky-lot/8212766/port-charlotte-2007-cc01","2334","Port Charlotte 2007 CC:01","final_evidence","EXISTING — exact identity; data concern recorded","B871","","Port Charlotte 2007 CC:01","Exact marketed expression identified from the source title, source card facts and fresh production search. B16029 also appears to duplicate this expression. Reuse the older, more complete B871; do not create another Bottle or merge records in this run."
"8212784","https://whiskyauctioneer.com/whisky-lot/8212784/white-heather-5-year-old-scotch-whisky-litre","1322","White Heather 5 Year Old Scotch Whisky Litre","review_lead_only","created_verified","","","","This source URL was a review lead. The audit did not use it as final URL-level evidence for a Peated mapping."
"8212803","https://whiskyauctioneer.com/whisky-lot/8212803/macallan-archival-series-folio-5","2327","Macallan The Archival Series Folio 5","final_evidence","EXISTING — exact identity; data concern recorded","B2554","","Macallan The Archival Series Folio 5","Exact marketed expression identified from the source title, source card facts and fresh production search. The existing Bottle has statedAge 12, but the Folio 5 source is a no-age-statement release. This identity match does not approve that existing age value."
"8212817","https://whiskyauctioneer.com/whisky-lot/8212817/cointreau-liqueur-extra-dry-15-litre","1440","Cointreau Liqueur Extra Dry 1.5-Litre","final_evidence","SKIPPED — not whisky","","","Cointreau Liqueur Extra Dry 1.5-Litre","The exact lot is Cointreau Extra Dry at 40%. The producer identifies Cointreau as orange liqueur/triple sec made with orange peels, neutral alcohol, water and sugar. It is not whisky. No Bottle or entity added."
"8212818","https://whiskyauctioneer.com/whisky-lot/8212818/grand-marnier-cordon-rouge-15-litre","1477","Grand Marnier Cordon Rouge 1.5-Litre","final_evidence","SKIPPED — not whisky","","","Grand Marnier Cordon Rouge 1.5-Litre","Exact neck label reads Cordon Rouge; front says Grand Marnier, Liqueur and Triple Orange. Producer identifies Cordon Rouge as a cognac-and-orange liqueur. Exclude the entire row from the whisky catalog. Package volume does not change this decision. No production write."
"8212845","https://whiskyauctioneer.com/whisky-lot/8212845/lagavulin-12-year-old-natural-cask-strength","2325","Lagavulin 12 Year Old Natural Cask Strength","final_evidence","EXISTING SET — collapsed source variants resolved; no changes","","","Lagavulin 12 Year Old Natural Cask Strength","Exact marketed expression identified from the source card facts and fresh narrow production searches. The source row collapsed four distinct annual Special Releases: 2004 at 58.2%, 2006 at 57.5%, 2009 at 57.9%, and 2013 at 55.1%. Each exact release already exists, so no new Bottle is required. No production write."
"8212852","https://whiskyauctioneer.com/whisky-lot/8212852/glen-deveron-5-year-old","578","Glen Deveron 5 Year Old","review_lead_only","historical_create_recorded","","","","This source URL was a review lead. The audit did not use it as final URL-level evidence for a Peated mapping."
"8212861","https://whiskyauctioneer.com/whisky-lot/8212861/clan-campbell-5-year-old","1436","Clan Campbell 5 Year Old","review_lead_only","created_verified","","","","This source URL was a review lead. The audit did not use it as final URL-level evidence for a Peated mapping."
"8212862","https://whiskyauctioneer.com/whisky-lot/8212862/macallan-fine-oak-12-year-old","2332","Macallan Fine Oak 12 Year Old","final_evidence","EXISTING — exact bottle verified; no changes","B2167","","Macallan Fine Oak 12 Year Old","Exact marketed expression identified from the source title, source card facts and fresh production search. The release-defining age, vintage, edition, cask code, release year and/or ABV agree where those facts are present. No production write."
"8212867","https://whiskyauctioneer.com/whisky-lot/8212867/laphroaig-10-year-old-litre","54","Laphroaig 10 Year Old Litre","final_evidence","EXISTING — identity matched; no changes","B1","","Laphroaig 10 Year Old Litre","All three recovered candidates are the standard ten-year-old at 43%, without an explicit edition. B1's stored image also clearly shows age 10 and 43% at 750ml. Volume and older packaging alone do not make a new Bottle. All 210 Laphroaig results and B1's six general references reviewed. Match the existing general record; do not create a litre edition. Identity match only, no production edit. ABV=43 and NAS=false are verified source facts, but B1 is an undated general record with general references; preserve its null strength pending a scoped enrichment review. The initial possible-match concern was resolved by the stored 43% image and all three same-strength candidates. Do not turn estimated packaging eras 1987-1994, 1994-2000 or 2000-2013 into release dates. Source explicitly names Laphroaig as distiller/bottler; remaining technical facts and current generated tasting claims are unverified."
"8212869","https://whiskyauctioneer.com/whisky-lot/8212869/macallan-12-year-old-litre","57","Macallan 12 Year Old Litre","final_evidence","SKIPPED — unresolved identity","","B2548","Macallan 12 Year Old Litre","Recovered ordinals 2237/2330 retain only the generic twelve-year litre title and a rejected Triple Cask B13864 candidate; no exact original lot or ABV survives. Three current title joins are historical sherry-matured distillery bottlings at 43%, spanning presentation ranges 1980-1991, 1991-1999 and 1999-2004. The inspected front of lot 8212869 confirms age 12, 43%, sherry oak maturation and Macallan Distillers as bottler. Fresh B2548 Sherry Oak has null ABV and dates, while its stored image and linked retailer identify a modern 40% bottle. The complete 180-record Macallan inventory does not prove which historical source the lost row meant. Do not mark a 43% historical source as an exact match to the 40% pictured candidate, project source joins into the original row, or create from the bare title. No production write."
"8212877","https://whiskyauctioneer.com/whisky-lot/8212877/bowmore-8-year-old","41","Bowmore 8 Year Old","final_evidence","SKIPPED — unresolved identity","","B1227","Bowmore 8 Year Old","Exact source bottle and front label establish Bowmore single malt, age 8, 40% ABV. Fresh complete 174-record brand inventory includes B1227 Bowmore 08, age 8, but its ABV, dates and image are empty. It has no aliases or barcodes and its only reference is the generic Bowmore 08. Its generated description supplies no exact provenance. It could already represent this 40% release, or the different 43% eight-year release represented by B47533. Do not create a possible duplicate and do not assign 40% to the ambiguous existing record. No production write. Resolve with an exact historical source for B1227 before adding or changing data."
"8212880","https://whiskyauctioneer.com/whisky-lot/8212880/bladnoch-8-year-old","98","Bladnoch 8 Year Old","final_evidence","ADDED — optional facts left blank","B52468","","Bladnoch Lowland Malt","Exact vintage, bottling and release dates, single-cask status, cask strength, natural colour, chill filtration, malt PPM, cask number and outturn are not established and remain null. Oak is stated on the back label, but no previous cask contents or finish are established. The printed bottle serial is not a cask number or total outturn. No tasting profile is inferred. The approximate 1983–1985 period is not converted into an exact year."
"8212882","https://whiskyauctioneer.com/whisky-lot/8212882/linkwood-1988-lands-scotland-11-year-old","953","Linkwood 1988 Lands of Scotland 11 Year Old","review_lead_only","historical_create_recorded","","","","This source URL was a review lead. The audit did not use it as final URL-level evidence for a Peated mapping."
"8212885","https://whiskyauctioneer.com/whisky-lot/8212885/coca-buton-liquore","1348","Coca Buton Liquore","review_lead_only","excluded_non_whisky","","","","This source URL was a review lead. The audit did not use it as final URL-level evidence for a Peated mapping."
"8212886","https://whiskyauctioneer.com/whisky-lot/8212886/coca-buton-liquore","1348","Coca Buton Liquore","final_evidence","SKIPPED — not whisky","","","Coca Buton Liquore","The exact auction lot is Coca Buton Liquore at 36.5%. Brand owner Gruppo Montenegro identifies Coca Buton as a coca-leaf liqueur. It is not whisky. No Bottle or entity added."
"8212887","https://whiskyauctioneer.com/whisky-lot/8212887/coca-buton-liquore","1348","Coca Buton Liquore","review_lead_only","excluded_non_whisky","","","","This source URL was a review lead. The audit did not use it as final URL-level evidence for a Peated mapping."
"8212898","https://whiskyauctioneer.com/whisky-lot/8212898/caol-ila-1975-old-malt-cask-24-year-old","426","Caol Ila 1975 The Old Malt Cask 24 Year Old","final_evidence","ADDED — optional facts left blank","B52753","","The Old Malt Cask Caol Ila","Cask strength remains null: printed preferred strength 50% and today's brand policy do not prove historical dilution. Malt PPM, release date, producer-worded maturation, cask number and flavor profile remain unknown. No separate series, invented edition, alias or extra reference. Brand ID resolved before execution. Exact clean image saved locally. Upload pending: the JSON CLI does not accept multipart files. No direct credential-based upload attempted."
"8212904","https://whiskyauctioneer.com/whisky-lot/8212904/macallan-8-year-old","32","Macallan 8 Year Old","review_lead_only","created_verified","","","","This source URL was a review lead. The audit did not use it as final URL-level evidence for a Peated mapping."
"8212911","https://whiskyauctioneer.com/whisky-lot/8212911/mac-dugan-1970-8-year-old-scotch-whisky","1572","Mac Dugan 1970 8 Year Old Scotch Whisky","final_evidence","ADDED — optional facts left blank","B52792","","Mac Dugan Rare 8-year-old","The component distilleries, bottling and release year, cask strength, natural-color and chill-filtration status, exact cask identifiers, outturn, malt PPM and flavor profile remain unknown. The 1978 minimum implied by vintage plus age is not stored as an exact bottling year. Exact clean front and back images saved locally. Upload pending: the JSON CLI does not accept multipart files. No direct credential-based upload attempted."
"8212913","https://whiskyauctioneer.com/whisky-lot/8212913/king-scots-20-year-old-scotch-whisky","167","King of Scots 20 Year Old Scotch Whisky","final_evidence","ADDED — optional facts left blank","B52716","","King of Scots Deluxe Old Scotch Whisky","Individual distillers, cask strength, colour, filtration, malt PPM, vintage, bottling and release dates, cask identifier, outturn and flavor profile remain unknown. Do not turn estimated 1980s packaging into a date. Modern 40% producer-page technical claims do not apply. Exact retailer packshot not located; retain the clean auction front. No aliases or references. Exact clean image saved locally. Upload pending: the JSON CLI does not accept multipart files. No direct credential-based upload attempted."
"8212914","https://whiskyauctioneer.com/whisky-lot/8212914/king-scots-20-year-old-scotch-whisky","167","King of Scots 20 Year Old Scotch Whisky","final_evidence","ADDED — optional facts left blank","B52716","","King of Scots Deluxe Old Scotch Whisky","Individual distillers, cask strength, colour, filtration, malt PPM, vintage, bottling and release dates, cask identifier, outturn and flavor profile remain unknown. Do not turn estimated 1980s packaging into a date. Modern 40% producer-page technical claims do not apply. Exact retailer packshot not located; retain the clean auction front. No aliases or references. Exact clean image saved locally. Upload pending: the JSON CLI does not accept multipart files. No direct credential-based upload attempted."
"8212925","https://whiskyauctioneer.com/whisky-lot/8212925/royal-salute-21-year-old-scotch-whisky-sapphire-flagon","19","Royal Salute 21 Year Old Scotch Whisky - Sapphire Flagon","review_lead_only","matched_existing","","","","This source URL was a review lead. The audit did not use it as final URL-level evidence for a Peated mapping."
"8212926","https://whiskyauctioneer.com/whisky-lot/8212926/justerini-brooks-20-year-old-finest-malt-scotch-whisky","1545","Justerini & Brooks 20 Year Old Finest Malt Scotch Whisky","review_lead_only","historical_create_recorded","","","","This source URL was a review lead. The audit did not use it as final URL-level evidence for a Peated mapping."
"8212995","https://whiskyauctioneer.com/whisky-lot/8212995/ardbeg-8-year-old-discussion","2328","Ardbeg 8 Year Old - For Discussion","final_evidence","EXISTING — exact bottle verified; no changes","B46094","","Ardbeg 8 Year Old - For Discussion","Exact marketed expression identified from the source title, source card facts and fresh production search. The release-defining age, vintage, edition, cask code, release year and/or ABV agree where those facts are present. No production write."
"8213009","https://whiskyauctioneer.com/whisky-lot/8213009/glen-grant-5-year-old","129","Glen Grant 5 Year Old","final_evidence","SKIPPED — unresolved identity","","","Glen Grant 5 Year Old","Recovered generic title points to two different bottlings. Lot 5281167 is a Gordon & MacPhail-bottled Glen Grant, age 5, 70 UK proof, 26 2/3 fluid ounces; front and reverse were inspected. Lot 8213009 instead lists an official distillery bottling, age 5, 40%, 70cl. Estimated 1970s versus 1994-2001 dates are auction dating, not verified vintage, bottling or release years. Do not collapse the bottler/strength distinction or convert UK proof as US proof. All 165 Glen Grant results reviewed; no exact 5-year record. Skip the conflated audit row and keep both source identities for a separately reviewed split. Neither is added."
"8213010","https://whiskyauctioneer.com/whisky-lot/8213010/glenury-royal-1968-36-year-old","2562","Glenury Royal 1968 36 Year Old","final_evidence","EXISTING — exact bottle verified; no changes","B49825","","Glenury Royal 1968 36 Year Old","Exact marketed expression identified from the source title, source card facts and fresh production search. The release-defining age, vintage, edition, cask code, release year and/or ABV agree where those facts are present. No production write."
"8213016","https://whiskyauctioneer.com/whisky-lot/8213016/caol-ila-dun-eideann-17-year-old-decanter","440","Caol Ila Dun Eideann 17 Year Old - Decanter","review_lead_only","historical_create_recorded","","","","This source URL was a review lead. The audit did not use it as final URL-level evidence for a Peated mapping."
"8213024","https://whiskyauctioneer.com/whisky-lot/8213024/caol-ila-1993-dun-bheagan-11-year-old","433","Caol Ila 1993 Dun Bheagan 11 Year Old","final_evidence","ADDED — optional facts left blank","B52745","","Dun Bheagan Caol Ila","Cask strength, colour, malt PPM, initial release date and flavor profile remain unknown. The superficially similar 1993/2004 retailer listing has different casks 3345/3347 and 1,236 bottles; do not copy its colour claims or image. No new series, edition, alias or extra reference. Exact clean image saved locally. Upload pending: the JSON CLI does not accept multipart files. No direct credential-based upload attempted."
"8213044","https://whiskyauctioneer.com/whisky-lot/8213044/caol-ila-1993-wilson-morgan-barrel-selection","1929","Caol Ila 1993 Wilson & Morgan Barrel Selection","final_evidence","ADDED — optional facts left blank","B52813","","Wilson & Morgan Caol Ila","Exact dates, edition, maturation, cask number, outturn, single-cask and cask-strength status, color and filtration claims, release date, malt phenol PPM and flavor profile remain unknown. Exact clean image saved locally. Upload pending because the JSON CLI does not accept multipart files."
"8213047","https://whiskyauctioneer.com/whisky-lot/8213047/linkwood-1990-wilson-morgan-barrel-selection","955","Linkwood 1990 Wilson & Morgan Barrel Selection","review_lead_only","historical_create_recorded","","","","This source URL was a review lead. The audit did not use it as final URL-level evidence for a Peated mapping."
"8213048","https://whiskyauctioneer.com/whisky-lot/8213048/mortlach-1990-wilson-morgan-barrel-selection","1125","Mortlach 1990 Wilson & Morgan Barrel Selection","review_lead_only","historical_create_recorded","","","","This source URL was a review lead. The audit did not use it as final URL-level evidence for a Peated mapping."
"8213072","https://whiskyauctioneer.com/whisky-lot/8213072/port-ellen-1981-bottled-especially-feis-ile-2008","1178","Port Ellen 1981 Bottled Especially for Fèis Ìle 2008","review_lead_only","historical_create_recorded","","","","This source URL was a review lead. The audit did not use it as final URL-level evidence for a Peated mapping."
"8213088","https://whiskyauctioneer.com/whisky-lot/8213088/cockburn-6-year-old-single-malt","1358","Cockburn 6 Year Old Single Malt","review_lead_only","needs_review","","","","This source URL was a review lead. The audit did not use it as final URL-level evidence for a Peated mapping."
"8213089","https://whiskyauctioneer.com/whisky-lot/8213089/cockburn-6-year-old-single-malt","1358","Cockburn 6 Year Old Single Malt","final_evidence","ADDED — optional facts left blank","B52776","","Cockburn Single Malt","The actual distillery and bottler, exact bottling and release dates, cask strength, color and filtration claims, cask number, outturn, PPM and flavor profile remain unknown. The 1990s date is an auction estimate and is not stored as an exact year. Istituto Enologico Italiano is named only as importer and distributor, so it is not stored as bottler. Exact clean image saved locally. Upload pending: the JSON CLI does not accept multipart files. No direct credential-based upload attempted."
"8213095","https://whiskyauctioneer.com/whisky-lot/8213095/clynelish-12-year-old-ainslie-heilbron","25","Clynelish 12 Year Old - Ainslie & Heilbron","final_evidence","SKIPPED — unresolved identity","","","Clynelish 12 Year Old Ainslie & Heilbron","The recovered row preserves the generic title and 43% ABV but not the original lot URL or label. The current exact-title join covers several historical variants. The inspected replacement lot is a white-label, 12-year, 43%, 75cl M. di Chiano import. Specialist evidence identifies several old-Clynelish/Brora bottlings under this wording, including light and dark vattings and different closures. This supports an old-Brora lead, not a unique join to the original source row. Generic modern-Clynelish lot metadata must not override this evidence. Complete Clynelish inventory (180), Brora-name search (47) and Ainslie search (1) were reviewed without a confirmed exact match. Skip the entire release; no guessed distiller, date, vatting, new Bottle or confirmed match."
"8213096","https://whiskyauctioneer.com/whisky-lot/8213096/bowmore-8-year-old","41","Bowmore 8 Year Old","review_lead_only","held_possible_existing_match","","","","This source URL was a review lead. The audit did not use it as final URL-level evidence for a Peated mapping."
"8213100","https://whiskyauctioneer.com/whisky-lot/8213100/millstone-1996-single-oloroso-cask-26-year-old","1117","Millstone 1996 Single Oloroso Cask 26 Year Old","final_evidence","ADDED — optional facts left blank","B52774","","Millstone Oloroso Sherry","Exact release date, malt PPM and flavor profile remain unknown. The exact production dates stay in the description because the Bottle form only stores years. No series, edition, alias or extra reference. Exact clean image saved locally. Upload pending: the JSON CLI does not accept multipart files. No direct credential-based upload attempted."
"8213101","https://whiskyauctioneer.com/whisky-lot/8213101/bruichladdich-yellow-submarine-reclassified-14-year-old","2330","Bruichladdich Yellow Submarine [Reclassified] 14 Year Old","final_evidence","EXISTING — exact bottle verified; no changes","B47503","","Bruichladdich Yellow Submarine [Reclassified] 14 Year Old","Exact marketed expression identified from the source title, source card facts and fresh production search. The release-defining age, vintage, edition, cask code, release year and/or ABV agree where those facts are present. No production write."
"8213110","https://whiskyauctioneer.com/whisky-lot/8213110/port-ellen-1978-rare-malts-selection-22-year-old","2652","Port Ellen 1978 Rare Malts Selection 22 Year Old","final_evidence","EXISTING — exact bottle verified; no changes","B5378","","Port Ellen 1978 Rare Malts Selection 22 Year Old","Exact marketed expression identified from the source title, source card facts and fresh production search. The release-defining age, vintage, edition, cask code, release year and/or ABV agree where those facts are present. No production write."
"8213134","https://whiskyauctioneer.com/whisky-lot/8213134/macallan-edition-no6","2329","Macallan Edition No.6","final_evidence","EXISTING — exact identity; data concern recorded","B2175","","Macallan Edition No.6","Exact marketed expression identified from the source card facts and fresh narrow production searches. The existing Bottle incorrectly carries statedAge 10. Edition No. 6 is a no-age-statement release; this identity match does not approve that value. No production write."
"8213141","https://whiskyauctioneer.com/whisky-lot/8213141/caol-ila-2014-art-collection-11-year-old","437","Caol Ila 2014 The Art Collection 11 Year Old","final_evidence","SKIPPED — unresolved identity","","","Caol Ila 2014 The Art Collection 11 Year Old","The create receipt matched the reviewed null description. A fresh GET then showed an automatically generated description while descriptionSrc remained null. The public production CLI exposes no entity update route to clear or provenance-tag that content. Identity fields and website are correct, but this dependency cannot pass the catalog verification gate and is not used for a Bottle."
"8213145","https://whiskyauctioneer.com/whisky-lot/8213145/ikawa-2021-bourbon-barrel","1510","Ikawa 2021 Bourbon Barrel","final_evidence","ADDED — optional facts left blank","B52787","","Ikawa 2021 Bourbon Barrel - Milano Whisky Festival Exclusive","No stated age appears on the label; the four-year duration is calculated and is not stored as statedAge. The exact public release month and day, malt PPM and flavor profile remain unknown. Bottling month is evidenced in the description but the Bottle form has no bottling-month field. Exact clean front and back images saved locally. Upload pending: the JSON CLI does not accept multipart files. No direct credential-based upload attempted."
"8213153","https://whiskyauctioneer.com/whisky-lot/8213153/mortlach-1993-11-year-old","2220","Mortlach 1993 11 Year Old","review_lead_only","historical_create_recorded","","","","This source URL was a review lead. The audit did not use it as final URL-level evidence for a Peated mapping."
"8213201","https://whiskyauctioneer.com/whisky-lot/8213201/caol-ila-1989-dun-eideann-10-year-old-0","1926","Caol Ila 1989 Dun Eideann 10 Year Old","final_evidence","ADDED — optional facts left blank","B52810","","Dun Eideann Caol Ila","Day-level dates, maturation, outturn, cask-strength status, color and filtration claims, malt phenol PPM and flavor profile remain unknown. Exact clean image saved locally. Upload pending because the JSON CLI does not accept multipart files."
"8213205","https://whiskyauctioneer.com/whisky-lot/8213205/caol-ila-1990","1927","Caol Ila 1990","final_evidence","ADDED — optional facts left blank","B52811","","Signatory Vintage Caol Ila","Exact bottling day, outturn, series, edition, malt phenol PPM and flavor profile remain unknown. Exact clean image saved locally. Upload pending because the JSON CLI does not accept multipart files."
"8213206","https://whiskyauctioneer.com/whisky-lot/8213206/old-crow-kentucky-straight-bourbon","35","Old Crow Kentucky Straight Bourbon","final_evidence","SKIPPED — unresolved identity","","","Old Crow Kentucky Straight Bourbon","Recovered ordinals 2237/2330 preserve the generic title and an unrelated rejected Wolcott B44211 candidate, but no original lot, ABV or age. Inspected exact-title joins conflict: lot 8214028 is a historical 43%/86-proof Old Crow with a W.A. Gaines/Old Crow Distillery Company label; lot 8213206 is 40% with a 1985 catalog date. The full E1214 inventory has only the distinct four-year Reserve B17544. Search results and that absence cannot select which source release the original row meant. Skip the entire row; do not infer a modern Beam producer or copy the historical source's 43% into a guessed new Bottle."
"8213208","https://whiskyauctioneer.com/whisky-lot/8213208/king-edward-i-specially-selected-1970s","1547","King Edward I Specially Selected 1970s","review_lead_only","historical_create_recorded","","","","This source URL was a review lead. The audit did not use it as final URL-level evidence for a Peated mapping."
"8213209","https://whiskyauctioneer.com/whisky-lot/8213209/caol-ila-1990-wilson-morgan-barrel-selection","1928","Caol Ila 1990 Wilson & Morgan Barrel Selection","final_evidence","ADDED — optional facts left blank","B52812","","Wilson & Morgan Caol Ila","Stated age, exact dates, edition, maturation, cask number, outturn, single-cask and cask-strength status, color and filtration claims, release date, malt phenol PPM and flavor profile remain unknown. Exact clean image saved locally. Upload pending because the JSON CLI does not accept multipart files."
"8213210","https://whiskyauctioneer.com/whisky-lot/8213210/black-prince-17-year-old-scotch-blend-decanter","1652","The Black Prince 17 Year Old Scotch Blend Decanter","review_lead_only","historical_create_recorded","","","","This source URL was a review lead. The audit did not use it as final URL-level evidence for a Peated mapping."
"8213215","https://whiskyauctioneer.com/whisky-lot/8213215/findlaters-first-xi-11-year-old-scotch-decanter-1980s","1455","Findlater's First XI 11 Year Old Scotch Decanter 1980s","review_lead_only","historical_create_recorded","","","","This source URL was a review lead. The audit did not use it as final URL-level evidence for a Peated mapping."
"8213230","https://whiskyauctioneer.com/whisky-lot/8213230/glendronach-12-year-old-wm-teacher-sons","28","Glendronach 12 Year Old - Wm. Teacher & Sons","review_lead_only","held_possible_existing_match","","","","This source URL was a review lead. The audit did not use it as final URL-level evidence for a Peated mapping."
"8213244","https://whiskyauctioneer.com/whisky-lot/8213244/hibiki-12-year-old-travel-exclusive","2324","Hibiki 12 Year Old Travel Exclusive","final_evidence","EXISTING — exact bottle verified; no changes","B51889","","Hibiki 12 Year Old Travel Exclusive","Exact marketed expression identified from the source title, source card facts and fresh production search. The release-defining age, vintage, edition, cask code, release year and/or ABV agree where those facts are present. No production write."
"8213245","https://whiskyauctioneer.com/whisky-lot/8213245/hibiki-12-year-old-travel-exclusive","2324","Hibiki 12 Year Old Travel Exclusive","final_evidence","EXISTING — exact bottle verified; no changes","B51889","","Hibiki 12 Year Old Travel Exclusive","Exact marketed expression identified from the source title, source card facts and fresh production search. The release-defining age, vintage, edition, cask code, release year and/or ABV agree where those facts are present. No production write."
"8213258","https://whiskyauctioneer.com/whisky-lot/8213258/glen-elgin-1991-cask-strength-collection-33-year-old","580","Glen Elgin 1991 Cask Strength Collection 33 Year Old","review_lead_only","historical_create_recorded","","","","This source URL was a review lead. The audit did not use it as final URL-level evidence for a Peated mapping."
"8213263","https://whiskyauctioneer.com/whisky-lot/8213263/arran-lochranza-castle-21-year-old-explorers-series-volume-two","2360","Arran Lochranza Castle 21 Year Old The Explorers Series - Volume Two","final_evidence","EXISTING — exact bottle verified; no changes","B2307","","Arran Lochranza Castle 21 Year Old The Explorers Series - Volume Two","Exact marketed expression identified from the source card facts and fresh narrow production search. Release-defining age, vintage, edition, cask code, release year and/or ABV agree where present. No production write."
"8213266","https://whiskyauctioneer.com/whisky-lot/8213266/arran-brodick-bay-20-year-old-explorers-series-volume-one","2359","Arran Brodick Bay 20 Year Old The Explorers Series - Volume One","final_evidence","EXISTING — exact identity; data concern recorded","B2651","","Arran Brodick Bay 20 Year Old The Explorers Series - Volume One","Exact marketed expression identified from the source card facts and fresh narrow production searches. B43339 appears to duplicate the same Brodick Bay release. Reuse the series-specific B2651; do not create or merge records in this run. No production write."
"8213278","https://whiskyauctioneer.com/whisky-lot/8213278/orphan-barrel-old-blowhard-26-year-old-kentucky-bourbon","204","Orphan Barrel Old Blowhard 26 Year Old Kentucky Bourbon","review_lead_only","created_verified","","","","This source URL was a review lead. The audit did not use it as final URL-level evidence for a Peated mapping."
"8213280","https://whiskyauctioneer.com/whisky-lot/8213280/orphan-barrel-old-blowhard-26-year-old-kentucky-bourbon","204","Orphan Barrel Old Blowhard 26 Year Old Kentucky Bourbon","review_lead_only","created_verified","","","","This source URL was a review lead. The audit did not use it as final URL-level evidence for a Peated mapping."
"8213283","https://whiskyauctioneer.com/whisky-lot/8213283/brora-1975-rare-malts-selection-20-year-old","2338","Brora 1975 Rare Malts Selection 20 Year Old","final_evidence","EXISTING — exact bottle verified; no changes","B49670","","Brora 1975 Rare Malts Selection 20 Year Old","Exact marketed expression identified from the source title, source card facts and fresh production search. The release-defining age, vintage, edition, cask code, release year and/or ABV agree where those facts are present. No production write."
"8213284","https://whiskyauctioneer.com/whisky-lot/8213284/brora-1975-rare-malts-selection-20-year-old","2338","Brora 1975 Rare Malts Selection 20 Year Old","final_evidence","EXISTING — exact bottle verified; no changes","B49670","","Brora 1975 Rare Malts Selection 20 Year Old","Exact marketed expression identified from the source title, source card facts and fresh production search. The release-defining age, vintage, edition, cask code, release year and/or ABV agree where those facts are present. No production write."
"8213290","https://whiskyauctioneer.com/whisky-lot/8213290/macallan-1980-gran-reserva-18-year-old","2346","Macallan 1980 Gran Reserva 18 Year Old","review_lead_only","needs_review","","","","This source URL was a review lead. The audit did not use it as final URL-level evidence for a Peated mapping."
"8213291","https://whiskyauctioneer.com/whisky-lot/8213291/caol-ila-1984-dovr-toutes-mares","430","Caol Ila 1984 Dovr-Toutes-Mares","final_evidence","ADDED — optional facts left blank","B52743","","Moon Import Caol Ila","Cask count/identifier, cask strength, colour, filtration, malt PPM, release date and flavor profile remain unknown. Bonhams-derived 2015/2018 listings report 720 bottles, but the total is unreadable on this photograph and independent corroboration was not obtained; outturn remains null. Do not infer 12 years from 1984/1996 or use individual bottle 277 as a cask. No edition, alias or extra reference. Exact clean image saved locally. Upload pending: the JSON CLI does not accept multipart files. No direct credential-based upload attempted."
"8213295","https://whiskyauctioneer.com/whisky-lot/8213295/macallan-1954-80deg-proof","999","Macallan 1954 80° Proof​","final_evidence","ADDED — optional facts left blank","B52770","","The Macallan 80° Proof","The integer stated-age field remains null because the label says over 15 years, not exactly 15. Exact bottling year, release date, cask-strength status, natural color, chill filtration, cask number, outturn, malt PPM and flavor profile remain unknown. No series, edition, alias or extra reference. Exact clean image saved locally. Upload pending: the JSON CLI does not accept multipart files. No direct credential-based upload attempted."
"8213309","https://whiskyauctioneer.com/whisky-lot/8213309/highland-park-1995-exclusive","760","Highland Park 1995 Exclusive","review_lead_only","historical_create_recorded","","","","This source URL was a review lead. The audit did not use it as final URL-level evidence for a Peated mapping."
"8213324","https://whiskyauctioneer.com/whisky-lot/8213324/aberlour-1994-maltman-21-year-old","37","Aberlour 1994 The Maltman 21 Year Old","review_lead_only","created_verified","","","","This source URL was a review lead. The audit did not use it as final URL-level evidence for a Peated mapping."
"8213325","https://whiskyauctioneer.com/whisky-lot/8213325/aberlour-1994-maltman-21-year-old","37","Aberlour 1994 The Maltman 21 Year Old","final_evidence","ADDED — optional facts left blank","B52471","","The Maltman Aberlour","Cask strength, malt PPM, initial maturation wood, release date, and flavor profile are not established. May 2016 is a bottling date, not a release date. Series and edition remain null because no distinct marketed sub-range or release descriptor is established. Tasting notes are read-only."
"8213326","https://whiskyauctioneer.com/whisky-lot/8213326/aberlour-1994-maltman-21-year-old","37","Aberlour 1994 The Maltman 21 Year Old","review_lead_only","created_verified","","","","This source URL was a review lead. The audit did not use it as final URL-level evidence for a Peated mapping."
"8213328","https://whiskyauctioneer.com/whisky-lot/8213328/benrinnes-1997-maltman-18-year-old","39","Benrinnes 1997 The Maltman 18 Year Old","review_lead_only","created_verified","","","","This source URL was a review lead. The audit did not use it as final URL-level evidence for a Peated mapping."
"8213333","https://whiskyauctioneer.com/whisky-lot/8213333/port-ellen-1978-natural-cask-strength-24-year-old-2nd-release","2352","Port Ellen 1978 Natural Cask Strength 24 Year Old - 2nd Release","final_evidence","EXISTING — exact bottle verified; no changes","B5336","","Port Ellen 1978 Natural Cask Strength 24 Year Old - 2nd Release","Exact marketed expression identified from the source card facts and fresh narrow production search. Release-defining age, vintage, edition, cask code, release year and/or ABV agree where present. No production write."
"8213337","https://whiskyauctioneer.com/whisky-lot/8213337/dailuaine-1980-natural-cask-strength-34-year-old","2505","Dailuaine 1980 Natural Cask Strength 34 Year Old","final_evidence","EXISTING — exact bottle verified; no changes","B16230","","Dailuaine 1980 Natural Cask Strength 34 Year Old","Exact marketed expression identified from the source card facts and fresh narrow production search. Release-defining age, vintage, edition, cask code, release year and/or ABV agree where present. No production write."
"8213348","https://whiskyauctioneer.com/whisky-lot/8213348/edradour-1985-pedro-ximenez-finish-24-year-old","555","Edradour 1985 Pedro Ximenez Finish 24 Year Old","review_lead_only","historical_create_recorded","","","","This source URL was a review lead. The audit did not use it as final URL-level evidence for a Peated mapping."
"8213357","https://whiskyauctioneer.com/whisky-lot/8213357/glen-elgin-1990-cask-strength-collection-24-year-old","125","Glen Elgin 1990 Cask Strength Collection 24 Year Old","final_evidence","SKIPPED — unresolved identity","","","Glen Elgin 1990 Cask Strength Collection 24 Year Old","Recovered title combines two distinct Signatory Vintage casks. Lot 8213357 has cask 7883, 52.2%, 200 bottles, distilled 29 November 1990 and bottled 3 November 2015, age 24, Bourbon Barrel. Primary front/back labels confirm these facts and Natural Colour. Lot 8214171 instead lists cask 7878, 48.3%, 189 bottles, age 24, 1990/2015, for Belgium/Luxembourg retailers. The alternate label still needs inspection. Skip the conflated row; neither cask is added. Preserve both identities for a separately reviewed split. All 98 Glen Elgin search results reviewed; no matching 24-year 1990 Signatory release. Existing B52291 is cask 4073, 33 years, 1991, 54.2%, not either source. No guessed dates, aliases, references or grouping changes."
"8213361","https://whiskyauctioneer.com/whisky-lot/8213361/benrinnes-1997-maltman-18-year-old","39","Benrinnes 1997 The Maltman 18 Year Old","final_evidence","ADDED — optional facts left blank","B52470","","The Maltman Benrinnes","Cask strength, producer-stated malt PPM and release date are not established and stay null. The label's June 2016 bottling date is not treated as a release date. Whiskybase's cask-strength flag alone is not enough to populate that fact. No flavor classification inferred. Generic Vintage Single Cask text is not promoted to a new series. Tasting notes are read-only in the live schema and were not submitted. Separate entity-read limitation: E366646 description-source tag returns null and cannot be verified through the entity serializer; its name, kind, owner, description, website and country are verified. No blind retry or app-code change."
"8213362","https://whiskyauctioneer.com/whisky-lot/8213362/benrinnes-1997-maltman-18-year-old","39","Benrinnes 1997 The Maltman 18 Year Old","review_lead_only","created_verified","","","","This source URL was a review lead. The audit did not use it as final URL-level evidence for a Peated mapping."
"8213366","https://whiskyauctioneer.com/whisky-lot/8213366/caol-ila-1996-20-year-old","1931","Caol Ila 1996 20 Year Old","final_evidence","ADDED — optional facts left blank","B52815","","Kingsbury Caol Ila","Exact dates, edition, series, cask-strength status, color and filtration claims, release date, malt phenol PPM and flavor profile remain unknown. Exact clean image saved locally. Upload pending because the JSON CLI does not accept multipart files."
"8213373","https://whiskyauctioneer.com/whisky-lot/8213373/rosebank-boutique-y-whisky-company-28-year-old-batch-2","1198","Rosebank That Boutique-y Whisky Company 28 Year Old Batch 2","final_evidence","ADDED EARLIER — create and image verified","B52415","","TBWC Rosebank - Batch 2","Legacy import record. The create receipt and later image write agree on the Bottle ID and name."
"8213435","https://whiskyauctioneer.com/whisky-lot/8213435/macallan-25-year-old-annual-2022-release","1","Macallan 25 Year Old Annual 2022 Release","review_lead_only","created_verified","","","","This source URL was a review lead. The audit did not use it as final URL-level evidence for a Peated mapping."
"8213444","https://whiskyauctioneer.com/whisky-lot/8213444/macallan-25-year-old-annual-2022-release","1","Macallan 25 Year Old Annual 2022 Release","review_lead_only","created_verified","","","","This source URL was a review lead. The audit did not use it as final URL-level evidence for a Peated mapping."
"8213445","https://whiskyauctioneer.com/whisky-lot/8213445/macallan-25-year-old-annual-2022-release","1","Macallan 25 Year Old Annual 2022 Release","review_lead_only","created_verified","","","","This source URL was a review lead. The audit did not use it as final URL-level evidence for a Peated mapping."
"8213446","https://whiskyauctioneer.com/whisky-lot/8213446/macallan-25-year-old-annual-2024-release","62","Macallan 25 Year Old Annual 2024 Release","final_evidence","ADDED — optional facts left blank","B52475","","The Macallan Sherry Oak - 2024 Release","Vintage, bottling year, exact release month/day, cask strength, single-cask status, filtration, malt PPM, cask number, outturn and flavor profile remain null. Do not infer a vintage from age and release year, a bottling year from the annual release, or filtration from colour. Tasting notes remain read-only. Generic B1295 has 2018 image/2022 price-link evidence and is not treated as an exact match or silently changed. The producer bottle-only packshot shows 2023, so use the verified exact 2024 auction image instead."
"8213447","https://whiskyauctioneer.com/whisky-lot/8213447/macallan-25-year-old-annual-2024-release","62","Macallan 25 Year Old Annual 2024 Release","review_lead_only","created_verified","","","","This source URL was a review lead. The audit did not use it as final URL-level evidence for a Peated mapping."
"8213448","https://whiskyauctioneer.com/whisky-lot/8213448/macallan-25-year-old-annual-2024-release","62","Macallan 25 Year Old Annual 2024 Release","review_lead_only","created_verified","","","","This source URL was a review lead. The audit did not use it as final URL-level evidence for a Peated mapping."
"8213458","https://whiskyauctioneer.com/whisky-lot/8213458/macallan-25-year-old-annual-2023-release","8","Macallan 25 Year Old Annual 2023 Release","review_lead_only","created_verified","","","","This source URL was a review lead. The audit did not use it as final URL-level evidence for a Peated mapping."
"8213460","https://whiskyauctioneer.com/whisky-lot/8213460/macallan-30-year-old-double-cask-annual-2021-release","2348","Macallan 30 Year Old Double Cask Annual 2021 Release","final_evidence","EXISTING — exact bottle verified; no changes","B45105","","Macallan 30 Year Old Double Cask Annual 2021 Release","Exact marketed expression identified from the source card facts and fresh narrow production search. Release-defining age, vintage, edition, cask code, release year and/or ABV agree where present. No production write."
"8213461","https://whiskyauctioneer.com/whisky-lot/8213461/macallan-30-year-old-double-cask-annual-2021-release","2348","Macallan 30 Year Old Double Cask Annual 2021 Release","final_evidence","EXISTING — exact bottle verified; no changes","B45105","","Macallan 30 Year Old Double Cask Annual 2021 Release","Exact marketed expression identified from the source card facts and fresh narrow production search. Release-defining age, vintage, edition, cask code, release year and/or ABV agree where present. No production write."
"8213462","https://whiskyauctioneer.com/whisky-lot/8213462/macallan-25-year-old-annual-2023-release","8","Macallan 25 Year Old Annual 2023 Release","review_lead_only","created_verified","","","","This source URL was a review lead. The audit did not use it as final URL-level evidence for a Peated mapping."
"8213463","https://whiskyauctioneer.com/whisky-lot/8213463/macallan-25-year-old-annual-2023-release","8","Macallan 25 Year Old Annual 2023 Release","review_lead_only","created_verified","","","","This source URL was a review lead. The audit did not use it as final URL-level evidence for a Peated mapping."
"8213464","https://whiskyauctioneer.com/whisky-lot/8213464/macallan-25-year-old-annual-2023-release","8","Macallan 25 Year Old Annual 2023 Release","review_lead_only","created_verified","","","","This source URL was a review lead. The audit did not use it as final URL-level evidence for a Peated mapping."
"8213465","https://whiskyauctioneer.com/whisky-lot/8213465/macallan-25-year-old-annual-2023-release","8","Macallan 25 Year Old Annual 2023 Release","review_lead_only","created_verified","","","","This source URL was a review lead. The audit did not use it as final URL-level evidence for a Peated mapping."
"8213466","https://whiskyauctioneer.com/whisky-lot/8213466/macallan-25-year-old-annual-2023-release","8","Macallan 25 Year Old Annual 2023 Release","final_evidence","ADDED — optional facts left blank","B52472","","The Macallan Sherry Oak - 2023 Release","Exact release month/day, bottling year, vintage, outturn, cask number, cask strength, single-cask status, filtration, malt PPM and flavor profile are not established. The annual release year is not copied into bottling year. No aliases or input references are added. Tasting notes are read-only."
"8213472","https://whiskyauctioneer.com/whisky-lot/8213472/grand-old-parr-de-luxe","1481","Grand Old Parr De Luxe","review_lead_only","historical_create_recorded","","","","This source URL was a review lead. The audit did not use it as final URL-level evidence for a Peated mapping."
"8213477","https://whiskyauctioneer.com/whisky-lot/8213477/glen-garry-finest-scotch-whisky","1464","Glen Garry Finest Scotch Whisky","review_lead_only","historical_create_recorded","","","","This source URL was a review lead. The audit did not use it as final URL-level evidence for a Peated mapping."
"8213493","https://whiskyauctioneer.com/whisky-lot/8213493/martell-medaillon-fine-champagne-1960s","1575","Martell Medaillon Fine Champagne 1960s","final_evidence","SKIPPED — not whisky","","","Martell Medaillon Fine Champagne 1960s","Exact front label reads Martell, Medaillon, Fine Champagne and Cognac. Exclude as cognac, not whisky. The auction's decade estimate is not imported as a date. No production write."
"8213514","https://whiskyauctioneer.com/whisky-lot/8213514/talisker-2009-natural-cask-strength-8-year-old","2677","Talisker 2009 Natural Cask Strength 8 Year Old","final_evidence","EXISTING — exact bottle verified; no changes","B2980","","Talisker 2009 Natural Cask Strength 8 Year Old","Exact marketed expression identified from the source card facts and fresh narrow production search. Release-defining age, vintage, edition, cask code, release year and/or ABV agree where present. No production write."
"8213519","https://whiskyauctioneer.com/whisky-lot/8213519/oban-1984-natural-cask-strength-20-year-old","2646","Oban 1984 Natural Cask Strength 20 Year Old","final_evidence","EXISTING — exact bottle verified; no changes","B49821","","Oban 1984 Natural Cask Strength 20 Year Old","Exact marketed expression identified from the source card facts and fresh narrow production search. Release-defining age, vintage, edition, cask code, release year and/or ABV agree where present. No production write."
"8213530","https://whiskyauctioneer.com/whisky-lot/8213530/levi-serafino-acquavite-di-vinaccia","1559","Levi Serafino Acquavite di Vinaccia","final_evidence","SKIPPED — not whisky","","","Levi Serafino Acquavite di Vinaccia","Exact label reads Acquavite di vinaccia and Levi Serafino: grape-pomace spirit, not whisky. Producer catalog corroborates grappa production. Exclude the entire row. No claim about the painted bottle's authenticity or date was needed or added. No production write."
"8213535","https://whiskyauctioneer.com/whisky-lot/8213535/jack-daniels-old-no7-decanter-15-litre-0","2099","Jack Daniel's Old No.7 Inaugural Bottle 1.5 Litre","final_evidence","ADDED — optional facts left blank","B52821","","Jack Daniel's Old No. 7 Inaugural Decanter","Age, exact release date, maturation, cask facts, color and filtration claims, outturn, malt phenol PPM and flavor profile remain unknown."
"8213536","https://whiskyauctioneer.com/whisky-lot/8213536/nonino-2000-collezione-nonino-2001","1585","Nonino 2000 Collezione Nonino 2001","final_evidence","SKIPPED — not whisky","","","Nonino 2000 Collezione Nonino 2001","Exact box reads Collezione Nonino 2001 and UE; seal identifies grape spirit. Producer catalog page 8 identifies 2001 Opera Alchemica, vintage 2000, as Acquavite d'Uva Picolit. Exclude the entire row as grape spirit, not whisky. No production write."
"8213537","https://whiskyauctioneer.com/whisky-lot/8213537/nonino-1992-acquavite-duva-picolit","1584","Nonino 1992 Acquavite d'uva Picolit","final_evidence","SKIPPED — not whisky","","","Nonino 1992 Acquavite d'uva Picolit","Exact bottle and seal identify Acquavite d'Uva. Producer collection catalog, pages 1 and 4, identifies whole-grape spirit and the 1992-vintage Picolit release. Exclude as grape spirit, not whisky. No inferred whisky vintage, category or production write."
"8213538","https://whiskyauctioneer.com/whisky-lot/8213538/springbank-2016-local-barley-8-year-old","72","Springbank 2016 Local Barley 8 Year Old","review_lead_only","historical_create_recorded","","","","This source URL was a review lead. The audit did not use it as final URL-level evidence for a Peated mapping."
"8213540","https://whiskyauctioneer.com/whisky-lot/8213540/duncan-mackays-royal-no1-old-scotch-whisky","1450","Duncan Mackay's Royal No.1 Old Scotch Whisky","final_evidence","SKIPPED — unresolved identity","","","Duncan Mackay's Royal No.1 Old Scotch Whisky","SKIPPED with no production write. The exact label identifies Duncan Mackay's Royal No. 1 Old Scotch Whisky, a 75-proof (43% ABV) blended Scotch produced by Duncan Bros. & Mackay Ltd. of Glasgow and London. Independent auction records corroborate the same release and company. Production has an exact-name Duncan Bros. & Mackay Entity, E6047, but it is modeled as a Speyside distillery and carries an unrelated modern website, Isle of Lewis address and unsupported history. Reusing it would attach the Bottle to a materially incorrect producer identity, while creating a duplicate exact-name Entity would make the catalog conflict worse. The Entity must be corrected through a separately approved operation before this Bottle can be added."
"8213544","https://whiskyauctioneer.com/whisky-lot/8213544/white-lady-scotch-whisky-1960s","1669","White Lady Scotch Whisky 1960s","final_evidence","ADDED — optional facts left blank","B52805","","White Lady Scotch Whisky","The component distilleries, numerical age, bottling and release dates, series, edition, maturation, cask number, outturn, cask-strength status, natural-color status, chill-filtration status, malt phenol PPM and flavor profile remain unknown. The auction's 1960s date is an estimate only. The 750cc package volume is not an editable Bottle identity field. Exact clean front and back images saved locally. Upload pending because the JSON CLI does not accept multipart files."
"8213546","https://whiskyauctioneer.com/whisky-lot/8213546/queen-anne-rare-scotch-whisky","1612","Queen Anne Rare Scotch Whisky","review_lead_only","historical_create_recorded","","","","This source URL was a review lead. The audit did not use it as final URL-level evidence for a Peated mapping."
"8213550","https://whiskyauctioneer.com/whisky-lot/8213550/cluny-scotch-whisky","1438","Cluny Scotch Whisky","review_lead_only","created_verified","","","","This source URL was a review lead. The audit did not use it as final URL-level evidence for a Peated mapping."
"8213551","https://whiskyauctioneer.com/whisky-lot/8213551/macallan-8-year-old","32","Macallan 8 Year Old","review_lead_only","created_verified","","","","This source URL was a review lead. The audit did not use it as final URL-level evidence for a Peated mapping."
"8213556","https://whiskyauctioneer.com/whisky-lot/8213556/cragganmore-1973-cask-strength-29-year-old-0","2502","Cragganmore 1973 Special Edition 29 Year Old","final_evidence","EXISTING — exact Bottle verified; no changes","B49816","","Cragganmore 1973 Special Edition 29 Year Old","Targeted fresh GET and source-label facts establish the exact release identity. Release-defining age, vintage, edition, release year and/or ABV agree where present. No production write."
"8213557","https://whiskyauctioneer.com/whisky-lot/8213557/talisker-1982-cask-strength-20-year-old","2676","Talisker 1982 Cask Strength 20 Year Old","final_evidence","EXISTING — exact bottle verified; no changes","B49820","","Talisker 1982 Cask Strength 20 Year Old","Exact marketed expression identified from the source card facts and fresh narrow production search. Release-defining age, vintage, edition, cask code, release year and/or ABV agree where present. No production write."
"8213558","https://whiskyauctioneer.com/whisky-lot/8213558/caol-ila-1981-signatory-vintage-23-year-old","427","Caol Ila 1981 Signatory Vintage 23 Year Old","final_evidence","ADDED — optional facts left blank","B52735","","Signatory Vintage Caol Ila","Chill filtration, malt PPM, initial release date and flavor profile remain unknown. Oak cask is copied from the label; no prior contents or finish inferred. No generated age or vintage suffix, packaging edition, alias or extra reference. Retail title's cask 46 is a transcription error, not matching authority. Exact clean image saved locally. Upload pending: the JSON CLI does not accept multipart files. No direct credential-based upload attempted."
"8213559","https://whiskyauctioneer.com/whisky-lot/8213559/glenlivet-1975-wilson-morgan-barrel-selection-35-year-old","680","Glenlivet 1975 Wilson & Morgan Barrel Selection 35 Year Old","review_lead_only","historical_create_recorded","","","","This source URL was a review lead. The audit did not use it as final URL-level evidence for a Peated mapping."
"8213561","https://whiskyauctioneer.com/whisky-lot/8213561/nonino-2001-collezione-nonino-2002-le-guna","1586","Nonino 2001 Collezione Nonino 2002 Le Guna","final_evidence","SKIPPED — not whisky","","","Nonino 2001 Collezione Nonino 2002 Le Guna","Exact box explicitly reads Acquavite d'uva Cru Monovitigno Picolit and Collezione Nonino 2002. Producer catalog page 8 corroborates Le Guna, vintage 2001, as grape spirit. Exclude the entire row, not whisky. No production write."
"8213562","https://whiskyauctioneer.com/whisky-lot/8213562/nonino-2007-collezione-nonino-2008-lathanor","1588","Nonino 2007 Collezione Nonino 2008 'L'Athanor'","final_evidence","SKIPPED — not whisky","","","Nonino 2007 Collezione Nonino 2008 L'Athanor","Exact box identifies Acquavite d'uva Picolit, vendemmia 2007 and Collezione Nonino through 2008. Producer catalog page 10 and announcement corroborate L'Athanor as Picolit grape spirit. Exclude the entire row, not whisky. No production write."
"8213563","https://whiskyauctioneer.com/whisky-lot/8213563/nonino-2002-yin-yang","1587","Nonino 2002 ""Yin Yang""","final_evidence","SKIPPED — not whisky","","","Nonino 2002 Yin Yang","Exact box and tag identify Collezione Nonino 2003 Acquavite d'Uva Picolit. Producer catalog page 9 and producer announcement identify Yin Yang with 2002 harvest. Exclude as grape spirit, not whisky. The auction's generic brandy category does not authorize any whisky category. No production write."
"8213565","https://whiskyauctioneer.com/whisky-lot/8213565/caol-ila-2012-100-proof-edition-13-year-old-70","1936","Caol Ila 2012 100 Proof Edition 13 Year Old #70","final_evidence","ADDED — optional facts left blank","B52820","","Signatory Vintage Caol Ila - #70","Exact dates, cask numbers, outturn, release date, malt phenol PPM and flavor profile remain unknown. Exact clean image saved locally. Upload pending because the JSON CLI does not accept multipart files."
"8213573","https://whiskyauctioneer.com/whisky-lot/8213573/yamazaki-bourbon-barrel-2013","2695","Yamazaki Bourbon Barrel 2013","final_evidence","EXISTING — exact bottle verified; no changes","B51647","","Yamazaki Bourbon Barrel 2013","Exact marketed expression identified from the source title, source card facts and fresh production search. The release-defining age, vintage, edition, cask code, release year and/or ABV agree where those facts are present. No production write."
"8213575","https://whiskyauctioneer.com/whisky-lot/8213575/macallan-2007-diamonds-are-forever-18-year-old-55th-anniversary-release","2347","Macallan 2007 Diamonds Are Forever 18 Year Old - 55th Anniversary Release","final_evidence","EXISTING — exact bottle verified; no changes","B45446","","Macallan 2007 Diamonds Are Forever 18 Year Old - 55th Anniversary Release","Exact marketed expression identified from the source title, source card facts and fresh production search. The release-defining age, vintage, edition, cask code, release year and/or ABV agree where those facts are present. No production write."
"8213581","https://whiskyauctioneer.com/whisky-lot/8213581/rosebank-1979-rare-malts-selection-20-year-old","2656","Rosebank 1979 Rare Malts Selection 20 Year Old","final_evidence","EXISTING — exact bottle verified; no changes","B49728","","Rosebank 1979 Rare Malts Selection 20 Year Old","Exact marketed expression identified from the source title, source card facts and fresh production search. The release-defining age, vintage, edition, cask code, release year and/or ABV agree where those facts are present. No production write."
"8213582","https://whiskyauctioneer.com/whisky-lot/8213582/macallan-x-cirque-du-soleil-harmony-collection-guardian-oak","66","Macallan x Cirque du Soleil The Harmony Collection - Guardian Oak","review_lead_only","created_verified","","","","This source URL was a review lead. The audit did not use it as final URL-level evidence for a Peated mapping."
"8213584","https://whiskyauctioneer.com/whisky-lot/8213584/aultmore-2011-smws-13-year-old-73172-wax-toast","2433","Aultmore 2011 SMWS 13 Year Old 73.172 - Wax on toast","final_evidence","EXISTING — exact bottle verified; no changes","B43742","","Aultmore 2011 SMWS 13 Year Old 73.172 - Wax on toast","Exact marketed expression identified from the source title, source card facts and fresh production search. The release-defining age, vintage, edition, cask code, release year and/or ABV agree where those facts are present. No production write."
"8213586","https://whiskyauctioneer.com/whisky-lot/8213586/stagg-barrel-proof-bourbon-batch-25c","214","","final_evidence","SKIPPED — unresolved identity","","","Stagg — recovered batch 25 claim, suffix missing","Historical evidence only retains a batch 25 conflict and candidate B13404 (13th Edition), without the original title, ABV, full suffix or source URL. Current raw snapshot contains separate 25B, 25C and 25D releases. These are incompatible exact identities; none can be assigned to audit 214 from the year-like number alone. Listed URLs are review leads, not proven original-row links. Skip the row and do not add a generic Batch 25 or edit the 13th Edition candidate. No production Bottle write."
"8213587","https://whiskyauctioneer.com/whisky-lot/8213587/chivas-regal-legend-special-reserve-batch-no-ld00128","485","Chivas Regal Legend Special Reserve Batch No. LD00128","review_lead_only","historical_create_recorded","","","","This source URL was a review lead. The audit did not use it as final URL-level evidence for a Peated mapping."
"8213594","https://whiskyauctioneer.com/whisky-lot/8213594/bruichladdich-black-art-sapero-19-year-old","105","Bruichladdich Black Art Sapero 19 Year Old","review_lead_only","created_verified","","","","This source URL was a review lead. The audit did not use it as final URL-level evidence for a Peated mapping."
"8213602","https://whiskyauctioneer.com/whisky-lot/8213602/jack-daniels-master-distiller-series-no1-jasper-newton-jack-daniel","12","Jack Daniel's Master Distiller Series No.1 - Jasper Newton 'Jack' Daniel","review_lead_only","historical_create_recorded","","","","This source URL was a review lead. The audit did not use it as final URL-level evidence for a Peated mapping."
"8213626","https://whiskyauctioneer.com/whisky-lot/8213626/eigashima-2010-sakura","1452","Eigashima 2010 Sakura","review_lead_only","historical_create_recorded","","","","This source URL was a review lead. The audit did not use it as final URL-level evidence for a Peated mapping."
"8213637","https://whiskyauctioneer.com/whisky-lot/8213637/ardbeg-boutique-y-whisky-company-batch-2","257","Ardbeg That Boutique-y Whisky Company Batch 2","final_evidence","ADDED EARLIER — create and image verified","B52382","","TBWC Ardbeg - Batch 2","Legacy import record. The create receipt and later image write agree on the Bottle ID and name."
"8213638","https://whiskyauctioneer.com/whisky-lot/8213638/ardbeg-boutique-y-whisky-company-batch-3","258","Ardbeg That Boutique-y Whisky Company Batch 3","final_evidence","ADDED EARLIER — create and image verified","B52383","","TBWC Ardbeg - Batch 3","Legacy import record. The create receipt and later image write agree on the Bottle ID and name."
"8213647","https://whiskyauctioneer.com/whisky-lot/8213647/macallan-royal-marriage","33","Macallan Royal Marriage","final_evidence","SKIPPED — unresolved identity","","B17335","Macallan Royal Marriage","The recovered source retains only Royal Marriage, with no exact original lot, strength or wedding year. Three inspected current exact-title joins describe the 2011 William/Catherine release at 46.8%, but the title also denotes the distinct 1981 Charles/Diana release at 43%. Existing B17335 Royal Wedding has null ABV/dates, no image, a generic generated description, no aliases and only its generic name as a reference. Complete 180-record Macallan inventory and the candidate/reference reads do not establish which release it represents. The 2011 source facts are preserved in local source files only. Do not create a possible duplicate or convert B17335. Do not insert either component vintage as the complete bottle's vintage."
"8213648","https://whiskyauctioneer.com/whisky-lot/8213648/hicks-and-healeys-2004-cornish-single-malt-gift-pack","1500","Hicks and Healeys 2004 Cornish Single Malt Gift Pack","review_lead_only","historical_create_recorded","","","","This source URL was a review lead. The audit did not use it as final URL-level evidence for a Peated mapping."
"8213651","https://whiskyauctioneer.com/whisky-lot/8213651/bowmore-sailing-seagull","392","Bowmore Sailing Seagull","final_evidence","ADDED EARLIER — create and image verified","B52387","","Bowmore Sailing Seagull - Private Club Bottling No. 12","Legacy import record. The create receipt and later image write agree on the Bottle ID and name."
"8213652","https://whiskyauctioneer.com/whisky-lot/8213652/ardbeg-boutique-y-whisky-company-batch-4","259","Ardbeg That Boutique-y Whisky Company Batch 4","final_evidence","ADDED EARLIER — create and image verified","B52384","","TBWC Ardbeg - Batch 4","Legacy import record. The create receipt and later image write agree on the Bottle ID and name."
"8213679","https://whiskyauctioneer.com/whisky-lot/8213679/dalwhinnie-1970-connoisseurs-choice","535","Dalwhinnie 1970 Connoisseurs Choice","review_lead_only","historical_create_recorded","","","","This source URL was a review lead. The audit did not use it as final URL-level evidence for a Peated mapping."
"8213690","https://whiskyauctioneer.com/whisky-lot/8213690/glen-grant-1970-rare-auld-37-year-old","592","Glen Grant 1970 Rare Auld 37 Year Old","review_lead_only","historical_create_recorded","","","","This source URL was a review lead. The audit did not use it as final URL-level evidence for a Peated mapping."
"8213700","https://whiskyauctioneer.com/whisky-lot/8213700/macallan-8-year-old","32","Macallan 8 Year Old","final_evidence","ADDED — optional facts left blank","B52481","","The Macallan Single Highland Malt Scotch Whisky","All precise dates remain null. The source's 1981-1984 range dates a presentation, not an exact release or bottling. No vintage is calculated from age. Cask strength, single-cask status, natural colour, filtration, malt PPM, cask number, outturn and flavor profile are unverified. The Whisky Exchange's colouring=yes lacks a second exact source; modern Macallan natural-colour claims are not projected back onto this bottle. No separate edition or series is inferred from Italian import packaging."
"8213701","https://whiskyauctioneer.com/whisky-lot/8213701/cardhu-12-year-old-wine-cask-matured-200th-anniversary","22","Cardhu 12 Year Old Wine Cask Matured - 200th Anniversary","final_evidence","ADDED — optional facts left blank","B52478","","Cardhu Wine Cask Matured - 200th Anniversary Limited Edition","Release year/month/day and bottling year remain null: a 2023 review attribution conflicts with the 2024 anniversary context, which is not itself an exact release date. Vintage is unknown. No unsupported wine origins, finishing duration, cask strength, single-cask status, filtration, PPM, cask number, outturn or flavor profile. Added colour is independently corroborated by two exact retailer declarations. Do not use importer identity as bottler."
"8213702","https://whiskyauctioneer.com/whisky-lot/8213702/cardhu-12-year-old-wine-cask-matured-200th-anniversary","22","Cardhu 12 Year Old Wine Cask Matured - 200th Anniversary","review_lead_only","created_verified","","","","This source URL was a review lead. The audit did not use it as final URL-level evidence for a Peated mapping."
"8213703","https://whiskyauctioneer.com/whisky-lot/8213703/cardhu-12-year-old-wine-cask-matured-200th-anniversary","22","Cardhu 12 Year Old Wine Cask Matured - 200th Anniversary","review_lead_only","created_verified","","","","This source URL was a review lead. The audit did not use it as final URL-level evidence for a Peated mapping."
"8213704","https://whiskyauctioneer.com/whisky-lot/8213704/jack-daniels-master-distiller-series-no3-lemuel-lem-tolley-litre","14","Jack Daniel's Master Distiller Series No.3 - Lemuel 'Lem' Tolley Litre","final_evidence","EXISTING — identity matched; no changes","B45507","","Jack Daniel's Master Distiller Series No.3 - Lemuel 'Lem' Tolley Litre","Jack Daniel's Master Distiller No. 3, 43% ABV, existing E1079/S121 member. Fresh complete 45-row brand inventory checked. No write made."
"8213705","https://whiskyauctioneer.com/whisky-lot/8213705/jack-daniels-master-distiller-series-no1-jasper-newton-jack-daniel","12","Jack Daniel's Master Distiller Series No.1 - Jasper Newton 'Jack' Daniel","review_lead_only","historical_create_recorded","","","","This source URL was a review lead. The audit did not use it as final URL-level evidence for a Peated mapping."
"8213706","https://whiskyauctioneer.com/whisky-lot/8213706/jack-daniels-master-distiller-series-no3-lemuel-lem-tolley-litre","14","Jack Daniel's Master Distiller Series No.3 - Lemuel 'Lem' Tolley Litre","final_evidence","EXISTING — identity matched; no changes","B45507","","Jack Daniel's Master Distiller Series No.3 - Lemuel 'Lem' Tolley Litre","Jack Daniel's Master Distiller No. 3, 43% ABV, existing E1079/S121 member. Fresh complete 45-row brand inventory checked. No write made."
"8213707","https://whiskyauctioneer.com/whisky-lot/8213707/jack-daniels-master-distiller-series-no6-jimmy-bedford-litre","31","Jack Daniel's Master Distiller Series No.6 - 'Jimmy' Bedford Litre","review_lead_only","matched_existing","","","","This source URL was a review lead. The audit did not use it as final URL-level evidence for a Peated mapping."
"8213709","https://whiskyauctioneer.com/whisky-lot/8213709/jack-daniels-master-distiller-series-no4-jess-gamble","796","Jack Daniel's Master Distiller Series No.4 - 'Jess' Gamble","review_lead_only","created_verified","","","","This source URL was a review lead. The audit did not use it as final URL-level evidence for a Peated mapping."
"8213710","https://whiskyauctioneer.com/whisky-lot/8213710/jack-daniels-master-distiller-series-no1-jasper-newton-jack-daniel","12","Jack Daniel's Master Distiller Series No.1 - Jasper Newton 'Jack' Daniel","review_lead_only","historical_create_recorded","","","","This source URL was a review lead. The audit did not use it as final URL-level evidence for a Peated mapping."
"8213712","https://whiskyauctioneer.com/whisky-lot/8213712/jack-daniels-master-distiller-series-no1-jasper-newton-jack-daniel","12","Jack Daniel's Master Distiller Series No.1 - Jasper Newton 'Jack' Daniel","review_lead_only","historical_create_recorded","","","","This source URL was a review lead. The audit did not use it as final URL-level evidence for a Peated mapping."
"8213713","https://whiskyauctioneer.com/whisky-lot/8213713/jack-daniels-master-distiller-series-no1-jasper-newton-jack-daniel","12","Jack Daniel's Master Distiller Series No.1 - Jasper Newton 'Jack' Daniel","review_lead_only","historical_create_recorded","","","","This source URL was a review lead. The audit did not use it as final URL-level evidence for a Peated mapping."
"8213714","https://whiskyauctioneer.com/whisky-lot/8213714/jack-daniels-master-distiller-series-no4-jess-gamble-litre","30","Jack Daniel's Master Distiller Series No.4 - 'Jess' Gamble Litre","final_evidence","EXISTING — duplicate source row; no changes","B52429","","Jack Daniel's Master Distiller Series No.4 - 'Jess' Gamble Litre","No. 4 at 43% ABV. Package volume alone does not define a different Bottle."
"8213715","https://whiskyauctioneer.com/whisky-lot/8213715/jack-daniels-master-distiller-series-no4-jess-gamble-litre","30","Jack Daniel's Master Distiller Series No.4 - 'Jess' Gamble Litre","final_evidence","EXISTING — duplicate source row; no changes","B52429","","Jack Daniel's Master Distiller Series No.4 - 'Jess' Gamble Litre","No. 4 at 43% ABV. Package volume alone does not define a different Bottle."
"8213716","https://whiskyauctioneer.com/whisky-lot/8213716/jack-daniels-master-distiller-series-no2-jess-motlow-litre","13","Jack Daniel's Master Distiller Series No.2 - 'Jess' Motlow Litre","final_evidence","ADDED — optional facts left blank","B52428","","Jack Daniel's Master Distiller - Limited No. 2 Edition","Other null fields lack release-specific evidence. No aliases, references, merges, or regrouping are proposed."
"8213717","https://whiskyauctioneer.com/whisky-lot/8213717/jack-daniels-master-distiller-series-no2-jess-motlow-litre","13","Jack Daniel's Master Distiller Series No.2 - 'Jess' Motlow Litre","review_lead_only","created_verified","","","","This source URL was a review lead. The audit did not use it as final URL-level evidence for a Peated mapping."
"8213718","https://whiskyauctioneer.com/whisky-lot/8213718/jack-daniels-master-distiller-series-no4-jess-gamble-litre","30","Jack Daniel's Master Distiller Series No.4 - 'Jess' Gamble Litre","final_evidence","EXISTING — duplicate source row; no changes","B52429","","Jack Daniel's Master Distiller Series No.4 - 'Jess' Gamble Litre","No. 4 at 43% ABV. Package volume alone does not define a different Bottle."
"8213720","https://whiskyauctioneer.com/whisky-lot/8213720/jack-daniels-master-distiller-series-no2-jess-motlow-litre","13","Jack Daniel's Master Distiller Series No.2 - 'Jess' Motlow Litre","review_lead_only","created_verified","","","","This source URL was a review lead. The audit did not use it as final URL-level evidence for a Peated mapping."
"8213721","https://whiskyauctioneer.com/whisky-lot/8213721/jack-daniels-master-distiller-series-no3-lemuel-lem-tolley-litre","14","Jack Daniel's Master Distiller Series No.3 - Lemuel 'Lem' Tolley Litre","final_evidence","EXISTING — identity matched; no changes","B45507","","Jack Daniel's Master Distiller Series No.3 - Lemuel 'Lem' Tolley Litre","Jack Daniel's Master Distiller No. 3, 43% ABV, existing E1079/S121 member. Fresh complete 45-row brand inventory checked. No write made."
"8213722","https://whiskyauctioneer.com/whisky-lot/8213722/jack-daniels-master-distiller-series-no3-lemuel-lem-tolley-litre","14","Jack Daniel's Master Distiller Series No.3 - Lemuel 'Lem' Tolley Litre","final_evidence","EXISTING — identity matched; no changes","B45507","","Jack Daniel's Master Distiller Series No.3 - Lemuel 'Lem' Tolley Litre","Jack Daniel's Master Distiller No. 3, 43% ABV, existing E1079/S121 member. Fresh complete 45-row brand inventory checked. No write made."
"8213723","https://whiskyauctioneer.com/whisky-lot/8213723/jack-daniels-master-distiller-series-no2-jess-motlow-litre","13","Jack Daniel's Master Distiller Series No.2 - 'Jess' Motlow Litre","review_lead_only","created_verified","","","","This source URL was a review lead. The audit did not use it as final URL-level evidence for a Peated mapping."
"8213724","https://whiskyauctioneer.com/whisky-lot/8213724/jack-daniels-master-distiller-series-no5-frank-bobo-thomas-litre","51","Jack Daniel's Master Distiller Series No.5 - Frank 'Bobo' Thomas Litre","review_lead_only","matched_existing","","","","This source URL was a review lead. The audit did not use it as final URL-level evidence for a Peated mapping."
"8213725","https://whiskyauctioneer.com/whisky-lot/8213725/jack-daniels-master-distiller-series-no3-lemuel-lem-tolley-litre","14","Jack Daniel's Master Distiller Series No.3 - Lemuel 'Lem' Tolley Litre","final_evidence","EXISTING — identity matched; no changes","B45507","","Jack Daniel's Master Distiller Series No.3 - Lemuel 'Lem' Tolley Litre","Jack Daniel's Master Distiller No. 3, 43% ABV, existing E1079/S121 member. Fresh complete 45-row brand inventory checked. No write made."
"8213726","https://whiskyauctioneer.com/whisky-lot/8213726/jack-daniels-master-distiller-series-no6-jimmy-bedford-litre","31","Jack Daniel's Master Distiller Series No.6 - 'Jimmy' Bedford Litre","review_lead_only","matched_existing","","","","This source URL was a review lead. The audit did not use it as final URL-level evidence for a Peated mapping."
"8213727","https://whiskyauctioneer.com/whisky-lot/8213727/jack-daniels-master-distiller-series-no4-jess-gamble-litre","30","Jack Daniel's Master Distiller Series No.4 - 'Jess' Gamble Litre","final_evidence","EXISTING — duplicate source row; no changes","B52429","","Jack Daniel's Master Distiller Series No.4 - 'Jess' Gamble Litre","No. 4 at 43% ABV. Package volume alone does not define a different Bottle."
"8213728","https://whiskyauctioneer.com/whisky-lot/8213728/jack-daniels-master-distiller-series-no2-jess-motlow-litre","13","Jack Daniel's Master Distiller Series No.2 - 'Jess' Motlow Litre","review_lead_only","created_verified","","","","This source URL was a review lead. The audit did not use it as final URL-level evidence for a Peated mapping."
"8213729","https://whiskyauctioneer.com/whisky-lot/8213729/jack-daniels-master-distiller-series-no6-jimmy-bedford-litre","31","Jack Daniel's Master Distiller Series No.6 - 'Jimmy' Bedford Litre","final_evidence","EXISTING — identity matched; no changes","B45511","","Jack Daniel's Master Distiller Series No.6 - 'Jimmy' Bedford Litre","Exact identity match after the complete 47-record Jack Daniel's inventory and a fresh B45511 read. Stored edition No. 6, series S121, brand/bottler/distiller E1079 and 43% agree. The current Peated image visibly shows the blue Limited No. 6 Edition label and Jimmy Bedford box, matching the source. Its 700ml size versus the source litre is packaging only. No create, patch, image replacement or name change. This is an identity match, not a claim of full enrichment. Current name contains generated exact-fact text and the edition omits the full printed Limited No. 6 Edition wording. Current image is exact but low resolution and has no stored source URL. NAS, dates, technical flags and description remain as found. Collector sources suggest September 2017 first availability, but no date was inserted; a global expression launch and later package sizes must not become separate releases."
"8213730","https://whiskyauctioneer.com/whisky-lot/8213730/jack-daniels-master-distiller-series-no5-frank-bobo-thomas-litre","51","Jack Daniel's Master Distiller Series No.5 - Frank 'Bobo' Thomas Litre","review_lead_only","matched_existing","","","","This source URL was a review lead. The audit did not use it as final URL-level evidence for a Peated mapping."
"8213731","https://whiskyauctioneer.com/whisky-lot/8213731/jack-daniels-master-distiller-series-no5-frank-bobo-thomas-litre","51","Jack Daniel's Master Distiller Series No.5 - Frank 'Bobo' Thomas Litre","final_evidence","EXISTING — identity matched; no changes","B45509","","Jack Daniel's Master Distiller Series No.5 - Frank 'Bobo' Thomas Litre","Exact identity match after the complete Jack Daniel's inventory and a fresh B45509 read. Stored edition No. 5, Master Distiller Series S121, E1079 roles and 43% agree. The existing image shows the silver Limited No. 5 Edition label and Frank Bobo box, matching the source. The 700ml/litre difference is packaging only. No create, patch, image replacement or name change. Current name/edition do not preserve the complete printed descriptor and still include generated ABV text. The exact existing image is low resolution with no source URL. No claim that all writable fields are enriched: NAS, release dates, technical flags and description remain as found. Specialist sources distinguish the initial 2016 litre release from later 700/750ml distribution; packaging alone is not a new Bottle."
"8213733","https://whiskyauctioneer.com/whisky-lot/8213733/cardhu-12-year-old-wine-cask-matured-200th-anniversary","22","Cardhu 12 Year Old Wine Cask Matured - 200th Anniversary","review_lead_only","created_verified","","","","This source URL was a review lead. The audit did not use it as final URL-level evidence for a Peated mapping."
"8213745","https://whiskyauctioneer.com/whisky-lot/8213745/caol-ila-1995-distillers-edition-c-si-3-467","1930","Caol Ila 1995 The Distillers Edition C-si; 3-467","final_evidence","ADDED — optional facts left blank","B52814","","Caol Ila The Distillers Edition","Stated age, exact dates, series, edition, outturn, single-cask and cask-strength status, color and filtration claims, release date, malt phenol PPM and flavor profile remain unknown. Exact clean image saved locally. Upload pending because the JSON CLI does not accept multipart files."
"8213756","https://whiskyauctioneer.com/whisky-lot/8213756/port-charlotte-2007-cc01","2334","Port Charlotte 2007 CC:01","final_evidence","EXISTING — exact identity; data concern recorded","B871","","Port Charlotte 2007 CC:01","Exact marketed expression identified from the source title, source card facts and fresh production search. B16029 also appears to duplicate this expression. Reuse the older, more complete B871; do not create another Bottle or merge records in this run."
"8213757","https://whiskyauctioneer.com/whisky-lot/8213757/caperdonich-1994-whisky-collection-19-year-old","110","Caperdonich 1994 The Whisky Collection 19 Year Old","review_lead_only","created_verified","","","","This source URL was a review lead. The audit did not use it as final URL-level evidence for a Peated mapping."
"8213758","https://whiskyauctioneer.com/whisky-lot/8213758/caperdonich-1994-whisky-collection-19-year-old","110","Caperdonich 1994 The Whisky Collection 19 Year Old","final_evidence","ADDED — optional facts left blank","B52573","","The Warehouse Collection Caperdonich","Cask-strength status has only one archive assertion and remains null. Initial release date, malt PPM and flavor profile are unknown. Bottling in October 2013 is not a release date. No separate series or edition established. Exact clean image saved locally. Upload pending: the JSON CLI does not accept multipart files. No direct credential-based upload attempted."
"8213759","https://whiskyauctioneer.com/whisky-lot/8213759/caperdonich-1995-un-chillfiltered-collection-21-year-old","111","Caperdonich 1995 The Un-Chillfiltered Collection 21 Year Old","final_evidence","ADDED — optional facts left blank","B52574","","Signatory Vintage Caperdonich - The Nectar 10th Anniversary","Malt PPM, flavor profile and exact initial release month/day are unknown. Do not use Cask Strength as edition; it is a technical field. The Nectar 10th Anniversary is the explicit tube release descriptor. No alternate marketed name or extra reference is proposed. Exact clean image saved locally. Upload pending: the JSON CLI does not accept multipart files. No direct credential-based upload attempted."
"8213760","https://whiskyauctioneer.com/whisky-lot/8213760/caperdonich-1999-connoisseurs-choice","452","Caperdonich 1999 Connoisseurs Choice","review_lead_only","historical_create_recorded","","","","This source URL was a review lead. The audit did not use it as final URL-level evidence for a Peated mapping."
"8213761","https://whiskyauctioneer.com/whisky-lot/8213761/caperdonich-1992-cask-strength-collection-20-year-old","442","Caperdonich 1992 Cask Strength Collection 20 Year Old","final_evidence","ADDED EARLIER — create and image verified","B52390","","Signatory Vintage Caperdonich","Legacy import record. The create receipt and later image write agree on the Bottle ID and name."
"8213767","https://whiskyauctioneer.com/whisky-lot/8213767/caperdonich-1980-connoisseurs-choice","441","Caperdonich 1980 Connoisseurs Choice","review_lead_only","historical_create_recorded","","","","This source URL was a review lead. The audit did not use it as final URL-level evidence for a Peated mapping."
"8213769","https://whiskyauctioneer.com/whisky-lot/8213769/caperdonich-1992-old-train-line-20-year-old","443","Caperdonich 1992 Old Train Line 20 Year Old","final_evidence","ADDED EARLIER — create and image verified","B52391","","Jack Wiebers Whisky World Caperdonich","Legacy import record. The create receipt and later image write agree on the Bottle ID and name."
"8213771","https://whiskyauctioneer.com/whisky-lot/8213771/caperdonich-1994-great-ocean-liners-21-year-old","447","Caperdonich 1994 Great Ocean Liners 21 Year Old","final_evidence","ADDED EARLIER — create and image verified","B52392","","Jack Wiebers Whisky World Caperdonich - Whiskyschiff Zürich 2015","Legacy import record. The create receipt and later image write agree on the Bottle ID and name."
"8213774","https://whiskyauctioneer.com/whisky-lot/8213774/macallan-fine-oak-25-year-old","2350","Macallan Fine Oak 25 Year Old","final_evidence","EXISTING — exact bottle verified; no changes","B5015","","Macallan Fine Oak 25 Year Old","Exact marketed expression identified from the source title, source card facts and fresh production search. The release-defining age, vintage, edition, cask code, release year and/or ABV agree where those facts are present. No production write."
"8213789","https://whiskyauctioneer.com/whisky-lot/8213789/macallan-1994-magnifico","1040","Macallan 1994 Magnifico","review_lead_only","historical_create_recorded","","","","This source URL was a review lead. The audit did not use it as final URL-level evidence for a Peated mapping."
"8213801","https://whiskyauctioneer.com/whisky-lot/8213801/highland-clan-special-reserve-1980s","1502","Highland Clan Special Reserve 1980s","final_evidence","ADDED — optional facts left blank","B52784","","Highland Clan Special Reserve","The component distilleries, exact age and date, vintage and release year, maturation, cask strength, natural-color and chill-filtration status, cask numbers, outturn, PPM and flavor profile remain unknown. The auction's approximate 1980s date is not stored as an exact release year. Exact clean front and back images saved locally. Upload pending: the JSON CLI does not accept multipart files. No direct credential-based upload attempted."
"8213803","https://whiskyauctioneer.com/whisky-lot/8213803/macallan-1997-symingtons-choice-25-year-old","1045","Macallan 1997 Symington’s Choice 25 Year Old","review_lead_only","historical_create_recorded","","","","This source URL was a review lead. The audit did not use it as final URL-level evidence for a Peated mapping."
"8213825","https://whiskyauctioneer.com/whisky-lot/8213825/goldlys-2012-oloroso-finish-12-year-old-first-release","721","Goldlys 2012 Oloroso Finish 12 Year Old - First Release","review_lead_only","created_verified","","","","This source URL was a review lead. The audit did not use it as final URL-level evidence for a Peated mapping."
"8213830","https://whiskyauctioneer.com/whisky-lot/8213830/caperdonich-1995-un-chillfiltered-collection-21-year-old","111","Caperdonich 1995 The Un-Chillfiltered Collection 21 Year Old","review_lead_only","created_verified","","","","This source URL was a review lead. The audit did not use it as final URL-level evidence for a Peated mapping."
"8213837","https://whiskyauctioneer.com/whisky-lot/8213837/bruichladdich-links-14-year-old-old-course-st-andrews","2370","Bruichladdich Links 14 Year Old - The Old Course St. Andrews","final_evidence","EXISTING — identity resolved; catalog concern recorded","","","Bruichladdich Links 14 Year Old - The Old Course St. Andrews","Targeted fresh GETs and source-label facts establish the identity. B5295 has the exact Links I / Old Course marketed expression but stores age 12 instead of the label's 14. B18814 stores the correct 14-year age but omits The Old Course. They appear to be duplicate partial records. Do not create or merge in this run. No production write."
"8213853","https://whiskyauctioneer.com/whisky-lot/8213853/ardbeg-homecoming","85","Ardbeg Homecoming","final_evidence","EXISTING — identity matched; no changes","B52160","","Ardbeg Homecoming","Exact existing match: Homecoming, 2025 distillery-exclusive Fèis Ìle release, 56.1%, rum-cask finish, Ardbeg E28. All 126 brand records were reviewed. Reuse B52160; no Bottle, group, alias, reference, series or image changes. This is an identity match, not a claim that every pre-existing optional field has been independently verified. The current populated bottling year and cask-strength flag were not re-established by this evidence. Neither field is changed or treated as verified here. Existing photo remains unchanged."
"8213859","https://whiskyauctioneer.com/whisky-lot/8213859/ardnamurchan-2014-adelphi-selection-10-year-old","2422","Ardnamurchan 2014 Adelphi Selection 10 Year Old","final_evidence","EXISTING — exact bottle verified; no changes","B47504","","Ardnamurchan 2014 Adelphi Selection 10 Year Old","Exact marketed expression identified from the source title, source card facts and fresh production search. The release-defining age, vintage, edition, cask code, release year and/or ABV agree where those facts are present. No production write."
"8213860","https://whiskyauctioneer.com/whisky-lot/8213860/glendronach-parliament-21-year-old","2340","Glendronach Parliament 21 Year Old","final_evidence","EXISTING — exact bottle verified; no changes","B14436","","Glendronach Parliament 21 Year Old","Exact marketed expression identified from the source title, source card facts and fresh production search. The release-defining age, vintage, edition, cask code, release year and/or ABV agree where those facts are present. No production write."
"8213861","https://whiskyauctioneer.com/whisky-lot/8213861/glendronach-allardice-18-year-old","2323","Glendronach Allardice 18 Year Old","final_evidence","EXISTING — exact bottle verified; no changes","B4902","","Glendronach Allardice 18 Year Old","Exact marketed expression identified from the source title, source card facts and fresh production search. The release-defining age, vintage, edition, cask code, release year and/or ABV agree where those facts are present. No production write."
"8213862","https://whiskyauctioneer.com/whisky-lot/8213862/glendronach-allardice-18-year-old","2323","Glendronach Allardice 18 Year Old","final_evidence","EXISTING — exact bottle verified; no changes","B4902","","Glendronach Allardice 18 Year Old","Exact marketed expression identified from the source title, source card facts and fresh production search. The release-defining age, vintage, edition, cask code, release year and/or ABV agree where those facts are present. No production write."
"8213863","https://whiskyauctioneer.com/whisky-lot/8213863/ardnahoe-7-year-old","87","Ardnahoe 7 Year Old","final_evidence","EXISTING — identity matched; no changes","B52171","","Ardnahoe 7 Year Old — Fèis Ìle 2026","Exact identity match after reviewing all twelve Ardnahoe search results and a fresh B52171 read. Age 7, 59.7%, Fèis Ìle 2026, 830 bottles, bourbon barrels, cask strength and E365822 brand/distiller agree with the exact auction label and producer's release page. The existing image was downloaded and visually checked: Fèis Ìle 2026, age 7, 59.7% and 830 are visible. Different physical bottle numbers do not make different releases. Alias and reference lists were empty with no next cursor. No create or existing-record changes. Identity match only, not full enrichment. The existing name embeds the structured age. The source front verifies no artificial colouring, no chill filtration and first-fill bourbon barrels; the producer verifies availability on 27 May 2026. Those missing details are recorded here but not patched. The existing exact image is a hand-held outdoor producer photo, not the preferred clean packshot. Preserve it; no blind replacement. Bottling year 2026 is preserved as found, not inferred from the festival date. Malt PPM, vintage, cask number and flavor classification remain unverified. The auction's unrelated 82 Chapters series metadata is rejected. Back label names Hunter Laing as physical bottler, but the front markets Ardnahoe Distillery Co.; do not reinterpret the existing market-facing bottler relationship from that packing statement alone."
"8213864","https://whiskyauctioneer.com/whisky-lot/8213864/ardnahoe-5-year-old-ardnahoe-society-2024","2420","Ardnahoe 5 Year Old Ardnahoe Society 2024","final_evidence","EXISTING — exact bottle verified; no changes","B47656","","Ardnahoe 5 Year Old Ardnahoe Society 2024","Exact marketed expression identified from the source title, source card facts and fresh production search. The release-defining age, vintage, edition, cask code, release year and/or ABV agree where those facts are present. No production write."
"8213887","https://whiskyauctioneer.com/whisky-lot/8213887/rare-malts-selection-selection-box-set-2-brora-caol-ila-dailuaine-glendulan","3033","Rare Malts Selection Selection Box Set 2: Brora, Caol Ila, Dailuaine, Glendulan & Teaninich","final_evidence","SKIPPED — multi-bottle set","","","Rare Malts Selection Selection Box Set 2: Brora, Caol Ila, Dailuaine, Glendulan & Teaninich","Exact lot and image show five separate 20cl whiskies, not one Bottle release. Do not create a combined Bottle, assign several distillers to a made-up blend, or copy the 60.75-64.8% range into one ABV. Label facts and candidate component audit rows are saved as review leads only; none is a verified Peated match. Hold this set row and review each component separately. No production write."
"8213891","https://whiskyauctioneer.com/whisky-lot/8213891/whisky-fair-1971-35-year-old-speyside-single-malt","1286","The Whisky Fair 1971 35 Year Old Speyside Single Malt","review_lead_only","historical_create_recorded","","","","This source URL was a review lead. The audit did not use it as final URL-level evidence for a Peated mapping."
"8213901","https://whiskyauctioneer.com/whisky-lot/8213901/macallan-edition-no6","2329","Macallan Edition No.6","final_evidence","EXISTING — exact identity; data concern recorded","B2175","","Macallan Edition No.6","Exact marketed expression identified from the source card facts and fresh narrow production searches. The existing Bottle incorrectly carries statedAge 10. Edition No. 6 is a no-age-statement release; this identity match does not approve that value. No production write."
"8213916","https://whiskyauctioneer.com/whisky-lot/8213916/caol-ila-2010-artist-collective-6-year-old-15","436","Caol Ila 2010 Artist Collective 6 Year Old #1.5","final_evidence","ADDED — optional facts left blank","B52748","","La Maison du Whisky Caol Ila - #1.5","Cask-strength status, cask identifiers, malt PPM, release month/day and flavor profile remain unknown. The bottle code and barcode are package observations, not edition or cask facts. No alias or extra reference. Exact clean image saved locally. Upload pending: the JSON CLI does not accept multipart files. No direct credential-based upload attempted."
"8213923","https://whiskyauctioneer.com/whisky-lot/8213923/bowmore-tempest-10-year-old-small-batch-release-no2","2337","Bowmore Tempest 10 Year Old Small Batch Release No.2","final_evidence","EXISTING — exact identity; data concern recorded","B4748","","Bowmore Tempest 10 Year Old Small Batch Release No.2","Exact marketed expression identified from the source card facts and fresh narrow production searches. B17377 appears to duplicate this release. Reuse B4748; do not create or merge records in this run. No production write."
"8213928","https://whiskyauctioneer.com/whisky-lot/8213928/inchgower-2005-connoisseurs-choice-13-year-old","780","Inchgower 2005 Connoisseurs Choice 13 Year Old","review_lead_only","historical_create_recorded","","","","This source URL was a review lead. The audit did not use it as final URL-level evidence for a Peated mapping."
"8213943","https://whiskyauctioneer.com/whisky-lot/8213943/lagavulin-12-year-old-natural-cask-strength-200th-anniversary","2326","Lagavulin 12 Year Old Natural Cask Strength 200th Anniversary","final_evidence","EXISTING — exact Bottle verified; no changes","B3560","","Lagavulin 12 Year Old Natural Cask Strength 200th Anniversary","Targeted fresh GET and source-label facts establish the exact release identity. Release-defining age, vintage, edition, release year and/or ABV agree where present. No production write."
"8213944","https://whiskyauctioneer.com/whisky-lot/8213944/lagavulin-12-year-old-natural-cask-strength","2325","Lagavulin 12 Year Old Natural Cask Strength","final_evidence","EXISTING SET — collapsed source variants resolved; no changes","","","Lagavulin 12 Year Old Natural Cask Strength","Exact marketed expression identified from the source card facts and fresh narrow production searches. The source row collapsed four distinct annual Special Releases: 2004 at 58.2%, 2006 at 57.5%, 2009 at 57.9%, and 2013 at 55.1%. Each exact release already exists, so no new Bottle is required. No production write."
"8213952","https://whiskyauctioneer.com/whisky-lot/8213952/hibiki-japanese-harmony-masters-select-limited-edition","2387","Hibiki Japanese Harmony Master's Select Limited Edition","review_lead_only","needs_review","","","","This source URL was a review lead. The audit did not use it as final URL-level evidence for a Peated mapping."
"8213961","https://whiskyauctioneer.com/whisky-lot/8213961/balvenie-single-barrel-15-year-old-sherry-cask","2365","Balvenie Single Barrel 15 Year Old Sherry Cask","final_evidence","ADDED — optional facts left blank","B52834","","The Balvenie Single Barrel Sherry Cask","Vintage and bottling dates, release date, cask-strength and color claims, exact outturn, malt phenol PPM and flavor profile remain unknown. The label states a maximum rather than an exact outturn, so outturn remains null."
"8213962","https://whiskyauctioneer.com/whisky-lot/8213962/balvenie-single-barrel-15-year-old-sherry-cask","2365","Balvenie Single Barrel 15 Year Old Sherry Cask","final_evidence","ADDED — optional facts left blank","B52835","","The Balvenie Single Barrel Sherry Cask","Vintage and bottling dates, release date, cask-strength and color claims, exact outturn, malt phenol PPM and flavor profile remain unknown. The label states a maximum rather than an exact outturn, so outturn remains null."
"8213968","https://whiskyauctioneer.com/whisky-lot/8213968/macallan-archival-series-folio-5","2327","Macallan The Archival Series Folio 5","final_evidence","EXISTING — exact identity; data concern recorded","B2554","","Macallan The Archival Series Folio 5","Exact marketed expression identified from the source title, source card facts and fresh production search. The existing Bottle has statedAge 12, but the Folio 5 source is a no-age-statement release. This identity match does not approve that existing age value."
"8213982","https://whiskyauctioneer.com/whisky-lot/8213982/dalmore-1995-castle-leod-home-clan-mackenzie","122","Dalmore 1995 Castle Leod - Home of Clan Mackenzie","review_lead_only","historical_create_recorded","","","","This source URL was a review lead. The audit did not use it as final URL-level evidence for a Peated mapping."
"8213983","https://whiskyauctioneer.com/whisky-lot/8213983/dalmore-1992-mackenzie","527","Dalmore 1992 Mackenzie​","review_lead_only","historical_create_recorded","","","","This source URL was a review lead. The audit did not use it as final URL-level evidence for a Peated mapping."
"8213985","https://whiskyauctioneer.com/whisky-lot/8213985/steel-bonnets-first-edition","1643","Steel Bonnets First Edition","review_lead_only","created_verified","","","","This source URL was a review lead. The audit did not use it as final URL-level evidence for a Peated mapping."
"8213990","https://whiskyauctioneer.com/whisky-lot/8213990/dalmore-1996-cromartie-lands-clan-mackenzie","528","Dalmore 1996 Cromartie - Lands of Clan Mackenzie","review_lead_only","historical_create_recorded","","","","This source URL was a review lead. The audit did not use it as final URL-level evidence for a Peated mapping."
"8213997","https://whiskyauctioneer.com/whisky-lot/8213997/macallan-1957-80deg-proof","1000","Macallan 1957 80° Proof","review_lead_only","historical_create_recorded","","","","This source URL was a review lead. The audit did not use it as final URL-level evidence for a Peated mapping."
"8214001","https://whiskyauctioneer.com/whisky-lot/8214001/four-roses-barrel-strength-small-batch-bourbon-2023-release-135th-anniversary","567","","final_evidence","SKIPPED — unresolved identity","","","Original source join unresolved — Four Roses 2023 anniversary lead","The listed URLs verify the fresh 2023 135th Anniversary Four Roses release, not its assignment to original audit row 567. Only parser fragments 2023 and release 135 survive; the original title, lot URL and image ID are absent. Skip this row rather than claim a recovered identity. The complete Four Roses inventory has no exact annual match; B44913 is the rejected 2013 candidate. Producer packshot and evidence are saved separately in research-fourroses-567-27.json. Its 4,950 versus approximately 15,060 outturn claims also remain unresolved. No production write."
"8214018","https://whiskyauctioneer.com/whisky-lot/8214018/four-roses-6-year-old-straight-bourbon","124","Four Roses 6 Year Old Straight Bourbon","final_evidence","ADDED — optional facts left blank","B52578","","Four Roses Bourbon","Actual production site is not established; Louisville company wording and Baltimore packing do not prove a physical distillery. Bottling decades are estimates, so all year/release fields stay null. Single-cask, cask strength, natural colour, filtration, maturation, cask number, outturn, malt PPM and flavor profile are unverified. No Yellow Label alias, edition or series is inferred from the paper colour. Exact clean image saved locally. Upload pending: the JSON CLI does not accept multipart files. No direct credential-based upload attempted."
"8214022","https://whiskyauctioneer.com/whisky-lot/8214022/old-crow-kentucky-straight-bourbon","35","Old Crow Kentucky Straight Bourbon","review_lead_only","held_incomplete_source_identity","","","","This source URL was a review lead. The audit did not use it as final URL-level evidence for a Peated mapping."
"8214025","https://whiskyauctioneer.com/whisky-lot/8214025/old-crow-kentucky-straight-bourbon","35","Old Crow Kentucky Straight Bourbon","review_lead_only","held_incomplete_source_identity","","","","This source URL was a review lead. The audit did not use it as final URL-level evidence for a Peated mapping."
"8214027","https://whiskyauctioneer.com/whisky-lot/8214027/four-roses-6-year-old-straight-bourbon-0","124","Four Roses 6 Year Old Straight Bourbon","final_evidence","ADDED — optional facts left blank","B52578","","Four Roses Bourbon","Actual production site is not established; Louisville company wording and Baltimore packing do not prove a physical distillery. Bottling decades are estimates, so all year/release fields stay null. Single-cask, cask strength, natural colour, filtration, maturation, cask number, outturn, malt PPM and flavor profile are unverified. No Yellow Label alias, edition or series is inferred from the paper colour. Exact clean image saved locally. Upload pending: the JSON CLI does not accept multipart files. No direct credential-based upload attempted."
"8214028","https://whiskyauctioneer.com/whisky-lot/8214028/old-crow-kentucky-straight-bourbon","35","Old Crow Kentucky Straight Bourbon","final_evidence","SKIPPED — unresolved identity","","","Old Crow Kentucky Straight Bourbon","Recovered ordinals 2237/2330 preserve the generic title and an unrelated rejected Wolcott B44211 candidate, but no original lot, ABV or age. Inspected exact-title joins conflict: lot 8214028 is a historical 43%/86-proof Old Crow with a W.A. Gaines/Old Crow Distillery Company label; lot 8213206 is 40% with a 1985 catalog date. The full E1214 inventory has only the distinct four-year Reserve B17544. Search results and that absence cannot select which source release the original row meant. Skip the entire row; do not infer a modern Beam producer or copy the historical source's 43% into a guessed new Bottle."
"8214032","https://whiskyauctioneer.com/whisky-lot/8214032/balvenie-1978-single-barrel-25-year-old","2336","Balvenie 1978 Single Barrel 25 Year Old","final_evidence","ADDED — optional facts left blank","B52836","","The Balvenie Single Barrel Traditional Oak","Release date, cask-strength, color and filtration claims, exact outturn, malt phenol PPM and flavor profile remain unknown. Bottle number is an item attribute, not an editable Bottle field."
"8214034","https://whiskyauctioneer.com/whisky-lot/8214034/arran-lochranza-castle-21-year-old-explorers-series-volume-two","2360","Arran Lochranza Castle 21 Year Old The Explorers Series - Volume Two","final_evidence","EXISTING — exact bottle verified; no changes","B2307","","Arran Lochranza Castle 21 Year Old The Explorers Series - Volume Two","Exact marketed expression identified from the source card facts and fresh narrow production search. Release-defining age, vintage, edition, cask code, release year and/or ABV agree where present. No production write."
"8214036","https://whiskyauctioneer.com/whisky-lot/8214036/macallan-12-year-old-litre","57","Macallan 12 Year Old Litre","final_evidence","SKIPPED — unresolved identity","","B2548","Macallan 12 Year Old Litre","Recovered ordinals 2237/2330 retain only the generic twelve-year litre title and a rejected Triple Cask B13864 candidate; no exact original lot or ABV survives. Three current title joins are historical sherry-matured distillery bottlings at 43%, spanning presentation ranges 1980-1991, 1991-1999 and 1999-2004. The inspected front of lot 8212869 confirms age 12, 43%, sherry oak maturation and Macallan Distillers as bottler. Fresh B2548 Sherry Oak has null ABV and dates, while its stored image and linked retailer identify a modern 40% bottle. The complete 180-record Macallan inventory does not prove which historical source the lost row meant. Do not mark a 43% historical source as an exact match to the 40% pictured candidate, project source joins into the original row, or create from the bare title. No production write."
"8214037","https://whiskyauctioneer.com/whisky-lot/8214037/chartreuse-voiron-green-label","1433","Chartreuse Voiron Green Label","final_evidence","SKIPPED — not whisky","","","Chartreuse Voiron Green Label","The exact lot is green Chartreuse at 55%, classified as a spirit drink. The producer identifies it as botanical liqueur, not whisky. No Bottle or entity added."
"8214049","https://whiskyauctioneer.com/whisky-lot/8214049/bruichladdich-black-art-sapero-19-year-old","105","Bruichladdich Black Art Sapero 19 Year Old","final_evidence","ADDED — optional facts left blank","B52572","","Bruichladdich Black Art - Sapero","Vintage, single-cask status, cask strength, cask number, maturation, malt PPM, flavor profile and exact release month/day are unverified. Do not derive vintage from age or transfer cask recipes from other Black Art releases. Cask-strength retailer claim remains unconfirmed. Exact clean image saved locally. Upload pending: the JSON CLI does not accept multipart files. No direct credential-based upload attempted."
"8214058","https://whiskyauctioneer.com/whisky-lot/8214058/chichibu-2017-code-7-year-old","2493","Chichibu 2017 Code 7 Year Old","final_evidence","ADDED — optional facts left blank","B52825","","Chichibu Code - Spirits of Salud","Exact release day, malt phenol PPM, natural-color and filtration claims remain unknown."
"8214061","https://whiskyauctioneer.com/whisky-lot/8214061/hibiki-12-year-old-travel-exclusive","2324","Hibiki 12 Year Old Travel Exclusive","final_evidence","EXISTING — exact bottle verified; no changes","B51889","","Hibiki 12 Year Old Travel Exclusive","Exact marketed expression identified from the source title, source card facts and fresh production search. The release-defining age, vintage, edition, cask code, release year and/or ABV agree where those facts are present. No production write."
"8214062","https://whiskyauctioneer.com/whisky-lot/8214062/hibiki-12-year-old-travel-exclusive","2324","Hibiki 12 Year Old Travel Exclusive","final_evidence","EXISTING — exact bottle verified; no changes","B51889","","Hibiki 12 Year Old Travel Exclusive","Exact marketed expression identified from the source title, source card facts and fresh production search. The release-defining age, vintage, edition, cask code, release year and/or ABV agree where those facts are present. No production write."
"8214063","https://whiskyauctioneer.com/whisky-lot/8214063/hibiki-12-year-old-travel-exclusive","2324","Hibiki 12 Year Old Travel Exclusive","final_evidence","EXISTING — exact bottle verified; no changes","B51889","","Hibiki 12 Year Old Travel Exclusive","Exact marketed expression identified from the source title, source card facts and fresh production search. The release-defining age, vintage, edition, cask code, release year and/or ABV agree where those facts are present. No production write."
"8214064","https://whiskyauctioneer.com/whisky-lot/8214064/hibiki-12-year-old-travel-exclusive","2324","Hibiki 12 Year Old Travel Exclusive","final_evidence","EXISTING — exact bottle verified; no changes","B51889","","Hibiki 12 Year Old Travel Exclusive","Exact marketed expression identified from the source title, source card facts and fresh production search. The release-defining age, vintage, edition, cask code, release year and/or ABV agree where those facts are present. No production write."
"8214065","https://whiskyauctioneer.com/whisky-lot/8214065/single-speyside-1992-33-year-old-162nd-release","82","A Single Speyside 1992 33 Year Old - 162nd Release","review_lead_only","created_verified","","","","This source URL was a review lead. The audit did not use it as final URL-level evidence for a Peated mapping."
"8214066","https://whiskyauctioneer.com/whisky-lot/8214066/single-speyside-1992-33-year-old-162nd-release","82","A Single Speyside 1992 33 Year Old - 162nd Release","final_evidence","ADDED — optional facts left blank","B52466","","The Whisky Jury A Single Speyside Distillery - 162nd Release","Actual distillery remains undisclosed (distillers empty). Cask strength, PPM, exact release date and flavor classification are not established. Bottling in May 2026 does not prove a May release. No series is assigned merely from the producer's numbered release archive. Retailer hogshead prose conflicts with its own facts and the printed barrel label, so it is not used."
"8214087","https://whiskyauctioneer.com/whisky-lot/8214087/macallan-1967-fine-rare-35-year-old","1010","Macallan 1967 Fine & Rare 35 Year Old","final_evidence","ADDED — optional facts left blank","B52772","","The Macallan Fine & Rare","Exact release date, cask-strength status, natural color, chill filtration, malt PPM and flavor profile remain unknown. The producer gives a color description, not a natural-color declaration. No edition, alias or extra reference. Exact clean image saved locally. Upload pending: the JSON CLI does not accept multipart files. No direct credential-based upload attempted."
"8214090","https://whiskyauctioneer.com/whisky-lot/8214090/glenfarclas-50-year-old-collector-series-iii","48","Glenfarclas 50 Year Old Collector Series III","review_lead_only","held_possible_existing_match","","","","This source URL was a review lead. The audit did not use it as final URL-level evidence for a Peated mapping."
"8214091","https://whiskyauctioneer.com/whisky-lot/8214091/waterford-organic-gaia-21","2692","Waterford Organic Gaia 2.1","final_evidence","EXISTING — exact identity; data concern recorded","B46738","","Waterford Organic Gaia 2.1","Exact marketed expression identified from the source title, source card facts and fresh production search. B12770 also appears to represent Organic Gaia 2.1. Reuse the exact 50% B46738 result; do not create another Bottle or merge records in this run."
"8214109","https://whiskyauctioneer.com/whisky-lot/8214109/glenfiddich-special-reserve-12-year-old","2342","Glenfiddich Special Reserve 12 Year Old","final_evidence","EXISTING — exact bottle verified; no changes","B5164","","Glenfiddich Special Reserve 12 Year Old","Exact marketed expression identified from the source title, source card facts and fresh production search. The release-defining age, vintage, edition, cask code, release year and/or ABV agree where those facts are present. No production write."
"8214157","https://whiskyauctioneer.com/whisky-lot/8214157/inchfad-2007-cask-series-026-18-year-old","50","Inchfad 2007 Cask Series 026 18 Year Old","final_evidence","ADDED — optional facts left blank","B52565","","North Star Spirits Inchfad - Cask Series 026","Cask number and malt PPM are not established. Oloroso maturation is verified, but the complete producer maturation statement on the curved label is not clear enough to copy; structured maturation remains null. Initial release month and day are unknown; neither the August bottling month nor the November announcement day is used. No UK suffix is printed on this release. Bottle serials 011 and 103 are not cask numbers. Exact retailer image saved locally. No upload: the JSON CLI does not accept multipart files. No direct credential-based upload attempted."
"8214158","https://whiskyauctioneer.com/whisky-lot/8214158/tomatin-2009-discovery","2283","Tomatin 2009 Discovery","review_lead_only","historical_create_recorded","","","","This source URL was a review lead. The audit did not use it as final URL-level evidence for a Peated mapping."
"8214164","https://whiskyauctioneer.com/whisky-lot/8214164/annandale-2015-cask-series-021-7-year-old","38","Annandale 2015 Cask Series 021 7 Year Old","review_lead_only","created_verified","","","","This source URL was a review lead. The audit did not use it as final URL-level evidence for a Peated mapping."
"8214171","https://whiskyauctioneer.com/whisky-lot/8214171/glen-elgin-1990-cask-strength-collection-24-year-old","125","Glen Elgin 1990 Cask Strength Collection 24 Year Old","final_evidence","SKIPPED — unresolved identity","","","Glen Elgin 1990 Cask Strength Collection 24 Year Old","Recovered title combines two distinct Signatory Vintage casks. Lot 8213357 has cask 7883, 52.2%, 200 bottles, distilled 29 November 1990 and bottled 3 November 2015, age 24, Bourbon Barrel. Primary front/back labels confirm these facts and Natural Colour. Lot 8214171 instead lists cask 7878, 48.3%, 189 bottles, age 24, 1990/2015, for Belgium/Luxembourg retailers. The alternate label still needs inspection. Skip the conflated row; neither cask is added. Preserve both identities for a separately reviewed split. All 98 Glen Elgin search results reviewed; no matching 24-year 1990 Signatory release. Existing B52291 is cask 4073, 33 years, 1991, 54.2%, not either source. No guessed dates, aliases, references or grouping changes."
"8214174","https://whiskyauctioneer.com/whisky-lot/8214174/port-ellen-1978-natural-cask-strength-27-year-old-6th-release","2400","Port Ellen 1978 Natural Cask Strength 27 Year Old - 6th Release","final_evidence","EXISTING — exact identity; data concern recorded","B5188","","Port Ellen 1978 Natural Cask Strength 27 Year Old - 6th Release","Exact marketed expression identified from the source card facts and fresh narrow production searches. One 20cl source card says 54.3% while the 70cl card and B5188 say 54.2%. The release number, vintage, age and year prove one identity; package-size label rounding does not justify a duplicate. No production write."
"8214176","https://whiskyauctioneer.com/whisky-lot/8214176/loch-lomond-open-special-edition-154th-open-royal-birkdale","2619","Loch Lomond The Open Special Edition - 154th Open, Royal Birkdale","final_evidence","EXISTING — exact bottle verified; no changes","B45752","","Loch Lomond The Open Special Edition - 154th Open, Royal Birkdale","Exact marketed expression identified from the source title, source card facts and fresh production search. The release-defining age, vintage, edition, cask code, release year and/or ABV agree where those facts are present. No production write."
"8214181","https://whiskyauctioneer.com/whisky-lot/8214181/springbank-cask-strength-12-year-old","2320","Springbank Cask Strength 12 Year Old","review_lead_only","needs_review","","","","This source URL was a review lead. The audit did not use it as final URL-level evidence for a Peated mapping."
"8214183","https://whiskyauctioneer.com/whisky-lot/8214183/balvenie-1978-single-barrel-25-year-old","2336","Balvenie 1978 Single Barrel 25 Year Old","review_lead_only","needs_review","","","","This source URL was a review lead. The audit did not use it as final URL-level evidence for a Peated mapping."
"8214192","https://whiskyauctioneer.com/whisky-lot/8214192/laphroaig-ian-hunter-story-34-year-old-book-5-enduring-spirit","55","Laphroaig The Ian Hunter Story 34 Year Old - Book 5: Enduring Spirit","review_lead_only","created_verified","","","","This source URL was a review lead. The audit did not use it as final URL-level evidence for a Peated mapping."
"8214208","https://whiskyauctioneer.com/whisky-lot/8214208/macallan-archival-series-folio-5","2327","Macallan The Archival Series Folio 5","final_evidence","EXISTING — exact identity; data concern recorded","B2554","","Macallan The Archival Series Folio 5","Exact marketed expression identified from the source title, source card facts and fresh production search. The existing Bottle has statedAge 12, but the Folio 5 source is a no-age-statement release. This identity match does not approve that existing age value."
